address_id,street_number,street_name,zip,city_state_id
1,0,Unknown,00000,14188
2,507,509 Esplanade,90277,2472
3,146,Lochview Dr,23602,25701
4,3101,Morningside Dr,27607,14704
5,209,Aegean Way,95687,2707
6,4805,Marquette NE,87108,16594
7,7801,Marble NE,87110,16594
8,5,Salt Marsh Quay Apartment H,23666,25532
9,11280,W 20th Avenue,80215,3012
10,1427,Lewis St,25301,27527
11,10201,Remmet Ave,91311,1794
12,315,Wittenridge CT,30022,3993
13,39,Intrepid Cir Unit 301,01945,9814
14,2537,North Capitol St NE,20002,3439
15,6347,E Ironwood Drive,85266,1533
16,1502,Delaware,50014,4689
17,10012,NE 122nd St P-D,98034,26418
18,2447,Harry Wurzbach Rd,78209,24679
19,712,Villa Ave,60181,7014
20,0,Ivy Place 1201 Ivy Rd,38655,13686
21,7428,N Charleston Avenue,97203,20400
22,610,NW 17th Avenue,97209,20400
23,7011,W Parmer Lane,78729,23608
24,2800,Sunrise Road,78664,24656
25,12330,Metric Boulevard,78758,23608
26,8021,Fm 620 North,78726,23608
27,11500,Jollyville Road,78759,23608
28,809,S Lamar,78704,23608
29,800,Wolf Ranch Parkway,78628,24036
30,3,Mill Ridge Farm,92694,2135
31,1912,E William Cannon,78744,23608
32,4685,N Haverhill Rd,33417,3959
33,300,E Riverside Drive,78704,23608
34,1101,Sam Bass Circle,78681,24656
35,5125,Walnut St Lower,64112,12967
36,24625,Wilderness Oak,78260,24679
37,2123,Shady Avenue,15217,21669
38,4525,100th St,50322,5512
39,4092,Tpc Parkway,78261,24679
40,12,Chester St,02134,9606
41,636,Villa Center Way,95128,2534
42,7,Embarcadero West Unit 119,94607,2341
43,3946,Angelo Ave,94619,2341
44,27201,South Ridge Dr,92692,2267
45,2948,Hillegass Avenue,94705,1676
46,2212,Regent St,53726,27074
47,4320,North Towne Court,53598,27394
48,5235,Kester Avenue,91411,2586
49,5206,Moonlight Dr Trail SW,28025,14325
50,815,18th St S,22202,25242
51,5402,Taney Avenue,22304,25231
52,530,Fairview Dr,30157,4124
53,1535,W Addison,60613,6061
54,2613,E Archer St,74110,20088
55,425,Park Boulevard,84401,25140
56,5230,Eastwinds Drive,32819,3834
57,1,Point St,02903,22301
58,229,S Adams Road,99216,26617
59,745,Hamilton St,08873,16502
60,711,W Elm,61801,6995
61,425,North 5th St,47901,7419
62,107,E Healey,61820,6046
63,1500,7th St,95814,2511
64,701,Northeast Tudor Rd,64086,13010
65,6465,Longleaf Branch Dr,32222,3706
66,1010,Highway 87 South,77630,24489
67,4456,Broadway,80304,2835
68,7602,Luskey Boulevard,78256,24679
69,4300,Flint Hill Drive,21117,10337
70,4016,Twickenham CT,27613,14704
71,190,112th Avenue N,33716,3895
72,2000,Bay Area Boulevard,77002,24134
73,3717-21,Westminster Place Westminster Place,63108,13272
74,713,1st Avenue N,98032,26414
75,2930,N Shartel Ave,73103,19959
76,516,Thomas,62025,6185
77,1333,S Wabash Avenue,60605,6061
78,1600,Vogt Drive,53095,27374
79,1700,Juniper Dr,43402,18656
80,325,N 33rd Court,98642,26573
81,3101,Charlotte Avenue,37209,23367
82,150,NW Hermosa Boulevard,97210,20400
83,2004,Sierra Commons Road,58601,14993
84,3618,Farnam St,68131,15635
85,3707,Woodley Rd NW,20016,3439
86,10509,Meandering Way,72903,936
87,350-370,Chinquapin Ave,92008,1768
88,224,Halsey St,58214,14925
89,2025,University Avenue,53726,27074
90,420,Vine St,98121,26594
91,744/750,E Michigan Ave,49014,10943
92,209,Winchester Beach Dr,21409,10075
93,1204,Cottonwood St,58201,15047
94,4311,Spruce St,19104,21658
95,15510,NE 86th St,98682,26658
96,6201,Grissom Road,78238,24679
97,1917,S 18th St,68108,15635
98,7312,South 81st St,68128,15545
99,4301,Grand Ave Parkway,78728,23608
100,2101,W Anderson Lane,78757,23608
101,311,Bowie,78703,23608
102,3600,Greystone,78731,23608
103,12700,Ridgeline Boulevard,78613,23768
104,7406,31st St St W,98466,26653
105,4144,Langland St,45223,18731
106,2850,Oak Road,77584,24515
107,88,Fox Hollow Lane,44212,18673
108,11506,Truro Avenue Unit D,90250,2038
109,6637,Carleton Avenue S Unit C,98108,26594
110,4637,Cochise CT,94588,2430
111,468,Adeline Avenue,95136,2534
112,7003,W Saint Charles Ave,85339,1447
113,626,Lakeridge Dr SE,30094,4109
114,721,East Armour Boulevard,64109,12967
115,600,Central St,64102,12967
116,2915,Sharer Rd,32312,3929
117,1201,Covell Village Drive,73003,19738
118,5483,Summerland Dr,50701,5536
119,1258,NW 3rd Avenue,32601,3650
120,717,University Drive,77840,23807
121,230,S Chauncey Avenue,47906,7763
122,737,NW Douglas St,76028,23729
123,2004,McCarthy Road,50014,4689
124,43316,W Kimberly St,85138,1459
125,7401,E Speedway Boulevard,85710,1570
126,4002,Raynor Parkway,68123,15326
127,1777,10th St SE,55025,11997
128,8288,Wooster Pike,45227,18731
129,701,NE Ridgeview Dr Apartment B,64089,13010
130,2101,22nd Ave,80631,2956
131,702,W Western,61801,6995
132,855,Emory Point Dr,30329,4008
133,39900,Blacow Rd,94538,1976
134,1404,South Bay Villa Place,33629,3930
135,2065,W College Ave,92407,2521
136,1616,156th Ave Northeast,98007,26247
137,14812,Bothell Way NE,98155,26426
138,1610,West James Place,98032,26414
139,35703,16th Avenue S,98003,26360
140,9712,Bosque Creek Cir,33619,3930
141,42,West Hill Rd,02740,9851
142,2,Driftwood Court,21221,10082
143,3601,Market St,19104,21658
144,902,Emanuel Cleaver II Boulevard,64110,12967
145,12800,Woodforest Blvd,77002,24134
146,7740,W Little York Rd,77002,24134
147,1200,Post Oak Boulevard,77002,24134
148,2727,West 18th St,77002,24134
149,15691,Paiute Circle,80132,3055
150,1385,NW 22nd Avenue,97210,20400
151,2037,Yale Avenue E,98102,26594
152,900,E 13th St,78626,24036
153,119,N 38th St,68131,15635
154,608,Kaimalino Place,96734,4607
155,300,Parsippany Road,07054,16414
156,6250,Hillandale Drive,30058,4284
157,188,Pinellas Ln #401b,32931,3574
158,125,N 1st St,81501,2952
159,30115,Carmel Bay,78628,24036
160,525,Jones Avenue,78606,23667
161,2747,20th Place,97116,20261
162,7930-7950,Tatum Waterway Dr,33141,3783
163,401,S Eton St,48009,10966
164,4311-4317,Charles,68131,15635
165,1830,E Johnson #19,72401,1032
166,249,N Water St,53202,27114
167,4317,Spruce St,19104,21658
168,12403,Mellow Meadow Dr,78750,23608
169,8123-8137,Cascio CT,91945,2166
170,6608,6612 South Freeway,76134,24001
171,1308,Park Avenue,68105,15635
172,8130,Red Stopper Ln,34787,3969
173,149,N Bagdad Road,78641,24259
174,2601,Esperanza Crossing,78758,23608
175,4700,N Capital Of Texas Hwy,78746,23608
176,8600,Brodie Lane,78745,23608
177,3201,Duval Road,78759,23608
178,2130,Hawes Avenue Unit 677,75235,23861
179,8527,N Capital Of TX Highway,78759,23608
180,306,Barton Springs Road,78704,23608
181,301,W 3rd St,78701,23608
182,1217,N Hancock St  202,19122,21658
183,2588,N Houston St Apartment 1619,75219,23861
184,3703,Harmon Avenue,78705,23608
185,555,N Broad St,18901,20885
186,7450-7456,N Greenview Ave,60626,6061
187,63,East Center St,84601,25158
188,1561,Inverness Rd,32034,3630
189,2464,N Geneva Terrace,60614,6061
190,1117,Griswold St,48226,11096
191,2624,Cleat Lane,95818,2511
192,924,Belmont Ave,90804,2190
193,123,Palomino Place,95020,1993
194,3150,Woodward Avenue,48201,11096
195,215,Saint Paul St,02446,9654
196,13626,W Baldcypress St,83713,5613
197,2339,N Geneva,60614,6061
198,691,O'Farrell St,94109,2528
199,209,Tavern Fare Rd,29223,22381
200,1103,W Pine Ave,83642,5741
201,33,Lynn Batts,78218,24679
202,2210,Rogers Rd,78251,24679
203,4808,Grand Avenue,52807,4869
204,299,Carpenter St,02909,22301
205,401,W Springfield,61801,6995
206,1836,Alder St,97401,20255
207,601,Vairo Boulevard,16803,21915
208,235,Ironworks Ave,46544,7498
209,3731/3745,Technology Dr NW,55901,12348
210,317,Vine St,47906,7763
211,3431,Wyndham Way,47906,7763
212,1100,55th St N,58203,15047
213,2074,College Heights Road,66502,8152
214,8519,N 55th Ave,85302,1415
215,225,W 3rd St,90802,2190
216,10847,W Olive Avenue,85345,1491
217,1480,Runaway Bay Dr,43204,18753
218,4531,Langdon Dr,27560,14622
219,5300,Montague St,28205,14298
220,16350,S Harbor Blvd,92704,1972
221,611,NE Ridgeview Drive,64086,13010
222,1225,W Park Way,46214,7390
223,5000,Mountain Springs Road,37013,23047
224,200,Kedron Pwky,37174,23483
225,1610,Lombard St,94123,2528
226,3615,147th Place Northeast,98007,26247
227,1531,Inspiration Dr,75207,23861
228,9524,Foggy Meadow Rd,28269,14298
229,333,Hyde St,94109,2528
230,500,Seven Trail Dr,63011,12576
231,2121,Allen Parkway,77002,24134
232,10800,Clay Road,77002,24134
233,4015,Normandy St,58503,14943
234,11931,Dorothy St,90049,2196
235,1488,Bailee Way,36265,492
236,2406,NW 34th,73112,19959
237,3755,Mentone Ave,90034,2196
238,2222,E Huntington Dr,91010,1889
239,2,Mint Plaza 402,94103,2528
240,84,Crawford Parkway,27520,14309
241,125,S 300 E,84111,25173
242,4260,Manchester Avenue Apartment A,63110,13272
243,4170,Hawthorne Road,83202,5630
244,71,S Sherman St,80209,2894
245,1704,Pleasant Valley Rd,94611,2341
246,26123,Bouquet Canyon Rd,91350,2557
247,210,NW 20th Avenue,97209,20400
248,13614,Clubside Dr,33625,3930
249,409,North 8th St,58203,15047
250,1090-1108,N Hanley 7461-98 Ahern,63130,13272
251,1111,18th Avenue,98122,26594
252,601,609 N Teton Dr 1300-1320 Keystone Dr,57005,22704
253,104,W Sunnyside Way,12180,18385
254,830,E River Park Ln,83706,5613
255,802,Stanford,77019,24134
256,3007,Jackson St,68105,15635
257,5744,Thomaston Road,31220,4300
258,720,S 30th St 3017 St Mary's Avenue 3020 Leavenworth St,68105,15635
259,4051,N Kilbourn Avenue,60641,6061
260,9807,North Fm 620,78726,23608
261,2991,Clay St,42001,8917
262,0,Pleasant Square Apartments 788 Pleasant Ave,97045,20386
263,845,N Harvard Boulevard,90029,2196
264,1454,S Norton Avenue,90019,2196
265,2215,E 51st,78723,23608
266,4525,Guadalupe,78751,23608
267,812,Inverness Avenue,37204,23367
268,6280,McNeil Drive,78729,23608
269,1301,North A.W Grimes Boulevard,78664,24656
270,12041,Dessau Rd,78754,23608
271,16661,E McFadden Avenue,92780,2696
272,16760,Ronald Reagan Boulevard,78641,24259
273,1728,Barton Springs Road,78704,23608
274,5800,Wellington Drive,78723,23608
275,5400,S Graystone Avenue,57108,22961
276,1704,Nelms Dr,78744,23608
277,1200,South 10th St,78660,24531
278,326,S Flores St,78204,24679
279,1616,River Road #104,32207,3706
280,1390,Troy St,80111,2817
281,3330,Mount Logan Drive,95127,2534
282,5300,NW Loop 410,78229,24679
283,5755,Callie Lane,95811,2511
284,5307,Ravenna Place NE #06,98105,26594
285,6012,N Kenmore,60660,6061
286,4346-4348,Townsend Ave,94602,2341
287,1309,Main St Apartment 606,75202,23861
288,7905,San Felipe Boulevard,78729,23608
289,14000,The Lakes Boulevard,78660,24531
290,6343,N Wayne Avenue,60660,6061
291,6416,N Lamar Boulevard,78752,23608
292,5121,Bakman Ave Unit 208,91601,2327
293,11929,Yellow Fin Trail,32827,3834
294,76,W Adams Avenue,48226,11096
295,570,Pullman Rd Unit A,94010,2054
296,417,W Roscoe,60657,6061
297,5709,N 62nd Dr,85301,1415
298,11712,Rimrock Canyon Dr,28226,14298
299,424,S Bender Avenue,77338,24140
300,1924,Hamby Place Dr,30102,3982
301,7301,W Ohio Avenue,80226,3012
302,13407,Montclair Dr,68144,15635
303,14496,Airline Hwy,70737,9322
304,4949,Stumberg Ln,70816,9183
305,3601,East Mile 8 North,78599,24909
306,1030,Douglas Ave,32714,3497
307,700,Westminster Drive,37067,23210
308,5413,Aurora Avenue,50310,4889
309,1020,Ashworth Road,50265,5556
310,111,E Springfield,61820,6046
311,916,N College Ave,47404,7149
312,530,N Lincoln St,47408,7149
313,400,West First St,27834,14446
314,1000,South Clack St,79605,23557
315,505,Stoughton Road,53534,26886
316,720,Greenway CT,54455,27127
317,230,S Grant St,47906,7763
318,620,South St,47901,7419
319,455,N Grant St,47906,7763
320,29,Knoll CT,27529,14419
321,155,South Angelina Dr,92870,2422
322,5200,Annapolis Ln North,55446,12319
323,3005,Eagandale Place,55121,11943
324,5030,SE Stephens St,97215,20400
325,17701,SE Mill Plain Boulevard,98683,26658
326,1344,Carriage Hill Lane,45013,18914
327,3940,Harmony Dr,80917,2872
328,1,Water St,01830,9763
329,2237,E 56th Avenue,99507,11
330,124,E 3rd Avenue,99501,11
331,5901,E 6th Avenue,99504,11
332,2201,104th St South,98444,26632
333,505,Riverbend Parkway,30605,4007
334,4726,4740 South Woodlawn Avenue,60615,6061
335,8705,Southwestern Blvd,75206,23861
336,9190,Richmond Hwy,22060,25477
337,1048,Flat Shoals Rd,30349,4101
338,655,Powell St,94108,2528
339,700,South Reed CT,80226,3012
340,3405,Sweetwater Rd,30044,4273
341,2800,South 25th St,79605,23557
342,8201,Dorado Dr,79765,24477
343,1560,Boulder St,80211,2894
344,240,Yoakum Parkway,22304,25231
345,9901,Langs Road,21220,10082
346,330,East Roosevelt St,85004,1494
347,4980,Usaa Boulevard,78240,24679
348,9931,Hyatt Resort Dr,78251,24679
349,5455,Richmond Avenue,77002,24134
350,3587,Round Barn Boulevard Manager Office,95403,2564
351,9435,Middle Fiskville,78753,23608
352,1008,North 109th St,98133,26594
353,1845-47,N 6th St,19122,21658
354,400,Green Leaf,78657,24133
355,121,Beach,50014,4689
356,6800,Lingor,48346,11042
357,22100,Erwin St,91367,2783
358,425,E 200 S,84111,25173
359,4021,W Palmetto St,29501,22422
360,27,NE 79th Avenue,97213,20400
361,1925,10th Ave 101-306,94606,2341
362,2711,23rd Ave 01-12,94606,2341
363,11703,NE 18th St,98684,26658
364,1112,32nd Ave SW,58701,15139
365,8539,Gate Parkway W #131,32216,3706
366,11857,Campfire Story Ln Orange,32832,3834
367,501,E Oltorf,78704,23608
368,2609,Verity Lane,58554,15112
369,1405,8th St NW,58703,15139
370,405,11th Ave SW,58701,15139
371,316,N Lamar Boulevard,78703,23608
372,2302,Durwood St,78704,23608
373,12001,Dessau Rd,78754,23608
374,11711,Domain Dr,78758,23608
375,201,Bonnieville Dr,35040,295
376,501,W 3rd St,78701,23608
377,11301,Farrah Ln,78748,23608
378,2810,Manchaca Road,78704,23608
379,801,C-Bar Ranch Trail,78613,23768
380,3700,E 98th Terrace,64137,12967
381,838,NE 66th St,98115,26594
382,2975,Blackburn St Apartment 678,75204,23861
383,7722,40th St West,98466,26653
384,318,N 38th Avenue,39401,13581
385,7711,Oconnor Drive,78681,24656
386,16411,Jadestone Terrace Lane,77044,24134
387,725,Tehama St Unit 2,94103,2528
388,2260,Pine Tree Road,48842,11256
389,208,Somerset Bay Drive,21061,10226
390,362,Klagg Court,21061,10226
391,421,W Gilman St,53703,27074
392,4561,South Whitnall Ave,53235,27260
393,2510,N Henderson,75206,23861
394,100,Bryn Mawr CT,15221,21669
395,16014,Arapaho Bend Ln,77429,23855
396,500,Bartlett St,94110,2528
397,802,South 14th St,68108,15635
398,301,South Inspiration Rd,78572,24403
399,1025,S Donaghey Avenue,72034,866
400,2013,Mansker Dr,37072,23223
401,413,South Henderson St,47401,7149
402,1800,S Huntington Gardens Place,47404,7149
403,2663,E 7th St,47408,7149
404,421,429 439 441 South Dunn St,47401,7149
405,530,E Bear Boulevard,65807,13312
406,1028,E St Louis St,65802,13312
407,680,6th Avenue NE,35404,710
408,2000,Connecticut Ave NW,20008,3439
409,901,10th Avenue W 16,58078,15261
410,1225,20th St SE,55904,12348
411,320,S Grant St,47906,7763
412,641,North Franklin St,45891,19477
413,376,Collinsworth Dr,27527,14309
414,11411,Long Lake Dr,46235,7390
415,1805,Stephens Pond View,30052,4287
416,2350,E Water St,85719,1570
417,14010,Dorcas Plaza,68144,15635
418,4019,Vance Jackson,78213,24679
419,3099,Parham Drive,75052,24063
420,390,9th Avenue SW,55025,11997
421,3970,Brelsford Lane,43016,18805
422,1000,Penn Center Boulevard,15235,21669
423,5955,SE Milwaukie Avenue,97202,20400
424,1803,Marshall,78214,24679
425,11846,Perry St,66210,8245
426,26,Seabreeze Dr,02748,9954
427,7755,Kaleb Grove,80920,2872
428,17717,Vail St,75287,23861
429,550,14th Rd South,22202,25242
430,3417,North Midland Dr,79707,24387
431,3146,16th St NW,20010,3439
432,823,E Main St,23219,25787
433,2100,West Arrow Route,91786,2705
434,300,Prospect Ave,07601,16219
435,10422,Huebner Road,78240,24679
436,5339,5345 S Woodlawn,60615,6061
437,3300,Sage,77002,24134
438,5740,San Felipe,77002,24134
439,2931,Barker Cypress Rd,77002,24134
440,12655,West Houston Center Blvd,77002,24134
441,2700,Woodland Park Apts,77002,24134
442,110,S College Avenue,65201,12719
443,5327,Hermitage Avenue,91607,2714
444,7210,N Burlington Avenue,97203,20400
445,4321,SW Genesee St,98116,26594
446,3535,Grand Ave South,55408,12225
447,182,Nexus Loop,95110,2534
448,7549,Lacie Jay Ln,37363,23391
449,2465,Kuhio Ave 1606,96815,4600
450,3516,Upland Ridge Dr,73099,20144
451,2616,NW 59th St,98107,26594
452,659,S 1200 E,84102,25173
453,1200,Esplanade,90277,2472
454,398,Federal Rd,06804,3215
455,1016,N 39th St,58203,15047
456,121,W Main St,06460,3302
457,2104,San Gabriel St,78705,23608
458,14820,Piper Ln,49417,11200
459,10027,SE Harold St,97266,20400
460,12100,Metric Boulevard,78758,23608
461,0,121st Ln,79424,24316
462,367,Sunny Oaks Way,32159,3723
463,101,Prosper Way,08723,16095
464,1329,West Mary,78704,23608
465,8600,Hwy 71 West,78735,23608
466,1824,S I.H 35,78704,23608
467,2345,Florence St,80010,2817
468,1900,Onion Creek Parkway,78748,23608
469,4201,Monterey Oaks Boulevard,78749,23608
470,12612,N Lamar Boulevard,78753,23608
471,5401,E Parmer Ln,78754,23608
472,1630,E 6th St,78702,23608
473,3622,Manchaca,78704,23608
474,10282,Taylor Draper,78759,23608
475,680,Naumann Drive,78641,24259
476,2502,Rockhill Road,75070,24362
477,7000,Roosevelt Way NE #304,98115,26594
478,8801,North Fm 620,78726,23608
479,308,E 7th St,47408,7149
480,5000,Curran CT,58201,15047
481,2101,Burton Drive,78741,23608
482,500,Bowie Drive Apartment 107,45417,18782
483,5633,Topanga Canyon Boulevard,91367,2783
484,8601,Anderson Mill Road Apartment 23078,78729,23608
485,385,10th St Apartment 3,94103,2528
486,2060,Zocolo St,93030,2367
487,608,Dayton Rd,76063,24331
488,1606,E Hyde Park Boulevard,60615,6061
489,5452,5466 S Ellis Ave,60615,6061
490,200,Skidmore Boulevard,20877,10216
491,3425,Locust St,64109,12967
492,13775,SW 6th St,97005,20172
493,801,South 15th St,68108,15635
494,333,Laurel St,70802,9183
495,812,W Nevada,61801,6995
496,516,N Grant St,47408,7149
497,2104,College St,50613,4798
498,514,S 1990 E,84790,25170
499,400,Hayden Road,32304,3929
500,422,Harrison St,47906,7763
501,101,Shamrock Cir,46064,7593
502,142,Quiet Grove Dr,29072,22498
503,5160,E Cheryl Parkway,53711,26916
504,957,7th Avenue SW,55025,11997
505,5800,American Boulevard W,55437,11813
506,4611-4645,Stoner Ave,90230,1851
507,2640,SE Ankeny St,97214,20400
508,910,N Harbour Dr,97217,20400
509,7575,W 106th St,66212,8245
510,1542,Citrin Place,46227,7390
511,2365,Sir Barton Rd,40509,8803
512,251,Chippendale Cir,40517,8803
513,3314,Wickslow Road,28412,14888
514,5707,Beau Barton Place,32807,3834
515,1725,Quinn Berry CT,30135,4145
516,18,East Meadow Ln,01854,9806
517,1413,San Bernardino,91786,2705
518,21200,Kittridge St,91303,2783
519,755,E 19th Avenue,80203,2894
520,6008,Maple Avenue,75235,23861
521,150,Rivers Edge Drive,02155,9824
522,5270,N O'Connor Boulevard,75039,24161
523,2821,Carlisle St,75204,23861
524,6201,Hollywood Boulevard,90028,2196
525,432,Cape Jasmine Way,29073,22498
526,205,Pebblebrook Ln,75154,24045
527,620,W Belmont,60657,6061
528,290,9th Avenue SW,55025,11997
529,5514,Griggs Rd,77002,24134
530,2525,McCue Road,77002,24134
531,6620,Gessner Rd,77002,24134
532,3710,Sherwood Ln,77092,24134
533,6944,Knowlton Place,90045,2196
534,3700,N Paulina,60613,6061
535,1684,8th Avenue,97068,20492
536,402,S 860 E,84003,24970
537,913,N Chelton Rd,80909,2872
538,1760,Avenida Del Mundo Unit 508,92118,1834
539,95,Port Of,92118,1834
540,4105,Wisconsin Ave NW,20016,3439
541,5709,Rowland Road,55343,12229
542,1002,N 39th St,58203,15047
543,9071,Dallas St,91942,2129
544,1706,West Farmville Rd,36830,252
545,39,Melano St,57701,22935
546,2836,NE Killingsworth St,97211,20400
547,1640-1650,SE Tacoma St,97202,20400
548,870,Vine St,37403,23113
549,999,E Baseline Rd,85283,1557
550,5405,Ashlar Avenue,22932,25399
551,4524,NE 6th Avenue,97211,20400
552,425,E Calgary Avenue/3635-3645 Valcartier St,58503,14943
553,2650,26th Ave S,58201,15047
554,810,S Spring St,90014,2196
555,1219,South Lamar Boulevard,78704,23608
556,2187,Cypress Dr,55125,12523
557,0,Somerset West 18205 NW Bronson Rd,97229,20400
558,105,Runnymede Avenue,19087,22063
559,720,S Plaza Way,55120,12216
560,702,Trenton Rd,45067,19459
561,8000,US 290 West,78736,23608
562,409,E William Cannon,78745,23608
563,4269,Virginia Ave,45223,18731
564,6500,Manchaca Road,78745,23608
565,1108,Legacy Dr,78660,24531
566,1249,Griswold St,48226,11096
567,912,Red River St,78701,23608
568,8123,45th Court E 4,34243,3903
569,104,N 104th St #303,98133,26594
570,4532,Walnut St Unit B13,19139,21658
571,6848,Bandera Avenue Unit 847,75225,23861
572,7100,Bluff Springs Road,78744,23608
573,781,Hathaway Dr,80915,2872
574,405,Grand Wailea Drive,28348,14491
575,136,Noe St,94114,2528
576,11908,Anderson Mill Rd,78726,23608
577,302,Apple Creek Dr,78626,24036
578,4835,Dodge St,68132,15635
579,1420,Woodridge Place,35071,426
580,27,Pratt St,02134,9606
581,8499,Fountain Avenue,90069,2748
582,925,Laprairie St,48220,11153
583,100,Country Circle,43767,19234
584,1895,South Logan St,80210,2894
585,488,NE 18th St Unit 4105,33132,3782
586,1007,E Roma Avenue,85014,1494
587,9031,Phyllis Ave Unit 6,90069,2196
588,810,North Loara,92801,1621
589,4009,Ontario St,50014,4689
590,5656,Live Oak,75206,23861
591,27,E 7th St,85281,1557
592,260,5th St E,55101,12380
593,21427,Ryans Path Ln,77073,24134
594,1503,Forest CT,30188,4568
595,3421,Locust St,64109,12967
596,8838,Flora Avenue,64131,12967
597,1024,Calvin St,66102,8092
598,4110,NE Tillamook St,97212,20400
599,6215,Via Lane Cantera,78256,24679
600,1221,S 71st St,68106,15635
601,222,E Houston Suite 600,78205,24679
602,2401-2411,Saluaris,45206,18731
603,605,S.W 119th St,73170,19959
604,1290,1310 Delaware Avenue,14209,17193
605,120,S Kingston Drive,47408,7149
606,560,W Bryant St,65810,13312
607,1725,S Marion Avenue,65807,13312
608,1235,E Guinevere St,65804,13312
609,3200,Lakeside Drive,89509,16993
610,204,Southfield St,49252,11346
611,2518,Leisure Ln,47720,7284
612,375,Fletcher Ave,68521,15556
613,2800,S 72nd St,68506,15556
614,1001,University Ave,79401,24316
615,1301,East Northstar Ln,57108,22961
616,506,W Elm,61801,6995
617,3761,N White Hawk Dr,54913,26712
618,120,S Salisbury St,47906,7763
619,340,Vine St,47906,7763
620,3012,Butterfield CT,47909,7419
621,318,Elkhart Avenue,46516,7276
622,1981,Randolph Place,22601,25939
623,1713,Cassell Road,66502,8152
624,410,Starmont Park Boulevard,28027,14325
625,2900,El Camino Avenue,89102,16968
626,801,Montclair Road,35213,271
627,7350,South Garnett Rd,74012,19636
628,16,N Franklin St,53705,27074
629,46,N Breese Terrace,53726,27074
630,415,Oak Grove St,55403,12225
631,1100,SE 12th Avenue,97214,20400
632,350,E Armour Blvd,64111,12967
633,11723,Watermark Way,46037,7294
634,6371,Winchester Road,38115,23338
635,1002,SW 89th,73139,19959
636,640,East Wilmington Ave,84106,25173
637,700,Mansion Cir,37405,23113
638,101,Compton Dr,40601,8661
639,820,Ryland St,89502,16993
640,220,Wareham Rd,02360,9905
641,161,W Kinzie St,60654,6061
642,6533,East Medalist Cir,75032,24543
643,1600,Santavy St,77521,23637
644,1700,Northside Dr NW,30318,4008
645,12355,Alcosta Boulevard,94583,2550
646,3520,27th Place W,98199,26594
647,2129,Maltby Rd,98021,26258
648,4715,West Wadley Ave,79707,24387
649,1410,Columbia Rd,02127,9643
650,360,S Monroe St,80209,2894
651,5101,Overton Ridge Boulevard,76132,24001
652,3848,North 3rd Avenue,85013,1494
653,2529,West Cactus Road,85029,1494
654,10615,Meadowglen Lane,77002,24134
655,10333,Liverpool Way,46236,7390
656,1617,Village Park Trail,76028,23729
657,16000,Rushmore Ave,72223,1061
658,12700,Fm 1960 Rd,77002,24134
659,13960,Hillcroft St,77002,24134
660,15015,West Airport Boulevard,77478,24786
661,809,Avenue G 2,34945,3643
662,3322,Tropic Ln #5,50702,5536
663,2404,N Reeves Avenue,73127,19959
664,1620,Detroit St,80206,2894
665,1500,Bell Ridge Rd,37601,23279
666,581,Livingston Avenue,12206,17029
667,294,Pearl Road,44212,18673
668,11441,N Interstate 35 Apartment 1138,78753,23608
669,329,South St,19147,21658
670,1146-1152,Magnolia Avenue,90813,2190
671,3405,Northwest Avenue,98225,26248
672,4175,North Oakland Ave,53211,27114
673,0,Heritage Manor 308 Valley View,98942,26598
674,5708,Outlook,66202,8183
675,1117,13th Avenue S,58201,15047
676,2399,Riverwalk Drive #203,83706,5613
677,6060,N 7th St,85014,1494
678,25,High St,06460,3302
679,1295,Shades Terrace,35210,486
680,99,W California Avenue #103,55117,12380
681,811,East 11th St,78702,23608
682,0,Boulder Creek I 7601 West Boulder Creek Place,57106,22961
683,1540-1542,5th St SW,58701,15139
684,8050,Arlington Expressway,32211,3706
685,13535,Lyndhurst St,78729,23608
686,1225,S Ingram Mill Road,65804,13312
687,1008,W 25 1/2 St,78705,23608
688,2533,Hillegass Ave Unit 302,94704,1676
689,2000,Fm 1460,78626,24036
690,2823,E Mlk,78702,23608
691,8001,Highway 71 West,78735,23608
692,8108,San Felipe Boulevard,78729,23608
693,404-406,E 30th St,78705,23608
694,1801,Wells Branch Parkway,78728,23608
695,12261,Fondren Road,77002,24134
696,2996,West McMicken,45225,18731
697,19327,Talavera Ridge,78257,24679
698,2507,Burleson Road,78741,23608
699,9024,Northgate Boulevard,78758,23608
700,4901,Phinney Avenue N #104,98103,26594
701,9817,Lawndale,64137,12967
702,1630,Buena Vista Ave,94550,2177
703,61,E 21st St,60616,6061
704,2401,W Morrison Avenue  211,33629,3930
705,46-098,Konohiki St #3311,96744,4612
706,4719,Harmon Avenue,78751,23608
707,4102-4302,Shoal Loop SE,58554,15112
708,1600,Wards Ferry Road Unit 202,24502,25626
709,5415,N Foster Road,78244,24679
710,6,Miller Dr,72714,790
711,1336,Birch Tree Lane,49686,11662
712,603,Hampshire Road,91361,2751
713,525,W Deming Place,60614,6061
714,9600,Escarpment Boulevard,78749,23608
715,514,Viewmont Drive,98908,26690
716,710,Golden Oak Dr,94086,2644
717,40,Canterbury Lane,60424,6272
718,4056,Ridge Avenue Unit 1,19129,21658
719,5265,Rich St,49401,10904
720,6638,Brunning Glen CT,28215,14298
721,1398,Kingston Terrace,54302,26960
722,164,Thornton Ferry Road,71913,1009
723,950,Jefferson Commons Cir,55114,12380
724,10705,Rose Ave,90034,2196
725,1732,Broad Winged Hawk Dr,33570,3887
726,4273,Ipwich CT,30039,4465
727,19739,River Rd,97027,20274
728,15,Abbey Ln,06810,3238
729,900,Farnam St,68102,15635
730,777,Ben Hur Rd,70820,9183
731,784,Geary St,94109,2528
732,1630,West 2000 South,84401,25219
733,2174,Rivendell Trace,37013,23047
734,507,Marcella Road,23666,25532
735,302,South 2nd St,61820,6046
736,1211,N James St,72701,928
737,19,Basil Way,61705,5952
738,1112,M St NW,20005,3439
739,5357,27th St S,58104,15016
740,2916,Horizon Dr,47906,7763
741,260,S Chauncey Ave,47906,7763
742,2809,Horizon Dr,47906,7763
743,705,N 5th St,47901,7419
744,136,Cottage Lake Way,29209,22381
745,24,Leon CT,29063,22469
746,2506,W Dunlap Avenue,85021,1494
747,2525,North Los Altos Avenue,85705,1570
748,71,Mayfair Square Rd,06810,3238
749,4306,Dell Range Blvd,82009,28153
750,6700,West National Ave,53214,27373
751,8525,Laurel Valley Drive,46250,7390
752,308,North Temple,84103,25173
753,20,Cherokee Boulevard,37405,23113
754,1704-1736,Dakota Drive,58102,15016
755,910,West Huron,60642,6061
756,5326,S Cornell Avenue,60615,6061
757,305,10th St South,22202,25242
758,1221,Van St SE,20003,3439
759,2520,South Conway Rd,32812,3834
760,33131,1st Ave Southwest,98023,26360
761,6900,Cross B Rd,79758,24477
762,1400,HI Line Drive,75207,23861
763,600,SE 177th Avenue,98683,26658
764,380,South 400 East,84111,25173
765,1910,N Water St,53202,27114
766,909,South Marlyn Avenue,21221,10082
767,1550,East Thunderbird Road,85022,1494
768,8601,Roberts Dr,30350,4008
769,3788,Timber Trail,13090,17795
770,6303,Sienna Ranch Road,77459,24404
771,2617,Spiceberry Ln,75149,24380
772,24022,Holleygate CT,77373,24764
773,16626,Vista Oak Dr,77073,24134
774,2201,Glencoe Hills Dr,48108,10913
775,1700,River Crest Apts,77478,24786
776,3017,Blossom Creek Dr,48306,11467
777,111-117,Lake St S,98033,26418
778,9100,Commerce Dr,66018,7937
779,2400,North 8th St,51566,5368
780,3820,Harney St,68131,15635
781,5635,Laurel Canyon Boulevard,91607,2714
782,606,Spokane Court,37064,23210
783,265,Tennyson Ave,94301,2378
784,427,9th Avenue #1206,92101,2525
785,2950,N 38th St #1 To 18,85018,1494
786,3102,Belwood St,37203,23367
787,1321,Lake Dr West,55317,11865
788,1641,Nagle Place,98122,26594
789,2744,Comstock Cir,94002,1671
790,1940,W Madison,46901,7412
791,7314,Oak Manor Dr,78229,24679
792,1840,N Farwell,53202,27114
793,7334-7371,Pinnacle Pines Dr,33907,3640
794,19009,Marcy St 19119 Marcy St,68022,15441
795,707,NW 19th Avenue,97209,20400
796,2144,8th Avenue NW,56721,11946
797,9820,Mylea Cir Lot 31 Left,72916,936
798,1220,E Medlock Drive,85014,1494
799,8054,Exchange Dr,78754,23608
800,2900,Sunridge Dr,78741,23608
801,126,W Alpine St,78704,23608
802,2121,Dickson Drive,78704,23608
803,2336,Douglas St,78741,23608
804,5230,Thunder Creek Road,78759,23608
805,9301,Old Bee Caves Rd,78735,23608
806,11700,Metric Boulevard,78758,23608
807,4600,Mueller Blvd,78723,23608
808,305,East Yager Ln,78753,23608
809,3200,S 1st St,78704,23608
810,105,W 51st,78751,23608
811,4501,E Riverside,78741,23608
812,5166,Parkside Dr,45040,19087
813,8502,Preston Road Unit 1072,75225,23861
814,7403,Wurzbach Road,78229,24679
815,1704,E 5th St,78702,23608
816,2225,E Oltorf St,78741,23608
817,600,Westinghouse Rd,78626,24036
818,3001,Scofield Ridge Parkway,78727,23608
819,5826,Harold Way,90028,2196
820,6502,N 12th St,85014,1494
821,2250,Ridgepoint,78754,23608
822,1701,Payne St Unit 678,75201,23861
823,413,Pasadera Ln,78664,24656
824,5057,West 4th St,39402,13581
825,1357,Ridge Avenue  201,19123,21658
826,2215,Arch St,19103,21658
827,5140,White Oak Avenue,91316,1928
828,2717,S Lamar Boulevard,78704,23608
829,2031,Market St Unit 116,94806,2546
830,20330,Bothell Everett Hwy Unit C204,98012,26258
831,231,North Shields St,80521,2927
832,2400,Pennsylvania Avenue NW,20037,3439
833,1901,Ridgeway Dr,54115,26858
834,420,W Fullerton Parkway,60614,6061
835,210,218 N Sarah St,63108,13272
836,17803,Springtree Dr,77396,24140
837,11311,19th Avenue SE,98208,26354
838,17716,Bothell-Everett Highway,98012,26258
839,14615,Madison Way,98087,26451
840,78,Buchanan St,94102,2528
841,2600,Cityview Drive,64116,13139
842,1595,Marden Ridge Loop,32703,3505
843,1303,Ocala Rd,32304,3929
844,701,N Walnut St,47404,7149
845,1310,N Lincoln St,47408,7149
846,825,9th Ave S,56301,12372
847,2717,Park Place Ln,53545,27014
848,1830,S Milton,86001,1401
849,518,E William St,48104,10913
850,3000,S 72nd St,68506,15556
851,516,N 6th St,47901,7419
852,221,W Wood St,47906,7763
853,319,N 5th St,47901,7419
854,1160,Anthrop Dr,47906,7763
855,2901,Frederick Avenue,64506,13271
856,19216,Drive John Lambert Dr,70403,9343
857,215,Madison Place,53916,26744
858,237,Western Avenue,54935,26918
859,2453,Himes Road,66502,8152
860,8625,Liberty Mills Dr,46113,7184
861,12182,Lindley Dr,46060,7553
862,830,Vindicator Dr,80919,2872
863,5634,W Oklahoma Avenue,53219,27114
864,6800,Cedar Lake Rd,55426,12377
865,655,12th St SW,55025,11997
866,1939,S Quebec Way,80231,2894
867,2666,S Decatur Boulevard,89102,16968
868,201,East 16th Avenue,99501,11
869,11775,Wadsworth Boulevard,80020,2840
870,3600,W St Germain,56301,12372
871,8610,Southwestern Boulevard,75206,23861
872,8203,Southwestern Blvd,75206,23861
873,6310,Shady Brook Ln,75206,23861
874,2801,Park Center Drive,22302,25231
875,610,Horatio St,33606,3930
876,803,Division St,37203,23367
877,5265,Suson Hills Drive,63128,13272
878,2900,N Braeswood Boulevard,77025,24134
879,6250,Rosewood Dr,76180,24465
880,418,Hampton Ln,27596,14904
881,3417,Balfour West,27713,14364
882,200,Brookline Ave,02215,9643
883,8927,Summer Valley Ln,77407,24617
884,744,Wilderness Trail Dr,28214,14298
885,715,Pequin Rd,77532,23844
886,13211,Rampchester Ln,77015,24134
887,6820,Holcomb Avenue,50322,5512
888,6419,N Vandiver,78209,24679
889,1101,E Hyde Park Blvd,60615,6061
890,13801,Napoli Drive,77002,24134
891,14633,Woodson Park Dr,77002,24134
892,12025,Richmond Ave,77002,24134
893,1811,West Lakeview Dr,37601,23279
894,1565,Stanford Avenue,94306,2378
895,401,407 Ave G,90277,2472
896,406,Westminster Ave,07208,16167
897,11930,Kling St,91607,2714
898,2323,East Main St,23223,25787
899,2244,13th Avenue W #208,98119,26594
900,2525,Ashland St Ashland,97520,20157
901,2515,Burnet Avenue,45219,18731
902,5504,Lane Branch,77004,24134
903,836,Blair Avenue,94086,2644
904,7301,Travelers Crossing,75089,24659
905,1844,Park Rd NW,20010,3439
906,214,S Bell Avenue,76201,23883
907,115,East 5460 South,84107,25130
908,17250,Knoll Trail Drive,75248,23861
909,0,Firwood 1213 S 16th Avenue,98902,26690
910,0,Sheridan Dragon Mauka Llc 650 Sheridan St,96814,4600
911,25,Bacon St,05403,26153
912,205,W Montgomery Crossroad,31406,4450
913,574,N 24th St,72758,1210
914,9242,Ashworth Avenue N,98103,26594
915,0,Lions CT Apartments 1200 Thompson Rd,76301,24929
916,212,13th St,92648,2070
917,422/424,N 40th St,68131,15635
918,2720,5th St NW/400 27th Ave NW,58703,15139
919,2642,Harney  317 S 27th Ave,68131,15635
920,1289-1315,E Grand Ave,92027,1930
921,5,East Golf Club Ln,19301,21632
922,505-511,36th Avenue NE/3701-3707 6th St NE,58703,15139
923,4231,Serenity Court,58503,14943
924,7500,S Ih 35,78745,23608
925,1611,West 5th St,78703,23608
926,9971,Quail Boulevard,78758,23608
927,2601,Lane Frontera Boulevard,78681,24656
928,305,W 39th St,78751,23608
929,5811,Mesa Dr,78731,23608
930,11400,Domain Dr Suite 115,78758,23608
931,12800,Harris Glenn Drive,78753,23608
932,600,South First,78704,23608
933,1601,E Anderson Ln,78752,23608
934,10316,Burnet Road,78758,23608
935,3220,McKinney Avenue Unit 804,75204,23861
936,4607,Ross Avenue Unit 672,75204,23861
937,2606,Wheless Ln,78723,23608
938,2313,Thornton Road,78704,23608
939,1114,Camino Lane Costa,78752,23608
940,401,S Elgin Ave,74120,20088
941,5939,W Rose Ln,85301,1415
942,5151,S Utica Avenue,74105,20088
943,4443,Bell St,64111,12967
944,1315/1325,35th Ave SE,58701,15139
945,5650,Worth Parkway,78257,24679
946,7630,Wood Hollow Drive,78731,23608
947,1901,Mariposa Drive,78741,23608
948,4401,W University Boulevard Unit 649,75209,23861
949,202,Wexford Dr,45050,19140
950,7721,Grey Goose Trail,76002,23596
951,320,Greenleaf St  G-2,36265,492
952,2108,Vinton St,68108,15635
953,3290,Maguire Way Unit 300,94568,1890
954,3512,Indocin Court,40220,8816
955,20809,W 92nd St,66220,8120
956,500,E 3rd St,64106,12967
957,4657,S Frontenac St,98118,26594
958,40360,Imperio Place,94539,1976
959,1532,E Young St Wilmington,90744,2196
960,3208,Clubside Drive,32779,3755
961,10125,Caton Place,73130,19916
962,925,25th St NW,20037,3439
963,3909,N Murray Ave,53211,27282
964,5400,5406 S Maryland Ave,60615,6061
965,180,W 15th St,52001,4906
966,860,Candlelite Ln,43035,18753
967,10834,Traders CT,28036,14350
968,2807,Rosemeade Dr,28110,14614
969,2900,W Baker Rd,77521,23637
970,5901,Selinsky Road,77048,24134
971,1067,Fourth Ave,91911,1803
972,66,Northwood Dr,30342,4008
973,5965,Sycamore Forge Ln,46254,7390
974,1004,Baltimore,64105,12967
975,19950,Huebner Rd,78258,24679
976,720,Valley View Dr,51503,4852
977,301,North 167th St,68118,15635
978,200,Sams Rd,06451,3297
979,207,Salusbury Ln,29229,22381
980,1600,Oviedo Grove Cir,32765,3839
981,20,East Morris Avenue,14214,17193
982,6365,Merle Hay Rd,50131,5078
983,503,E Stoughton,61820,6046
984,510,North Lincoln St,47408,7149
985,2828,S Nettleton Avenue,65807,13312
986,300,Bedford St,03101,15935
987,34,Franklin St,03060,15950
988,1711,Lore Rd,99507,11
989,1526,S Charles Boulevard,27858,14446
990,917,W 23rd St,50613,4798
991,5171,Montford Cir,34606,3920
992,3215,Milstead Dr,43606,19455
993,2836,Airport Hwy,43609,19455
994,96,Village CT,48462,11480
995,330,W Johnson St,19144,21658
996,1911,Wolf Tech Ln,27603,14704
997,200,West Dr N,49068,11378
998,350,W Central Ave,92821,1714
999,24,Coronado CT,53705,27074
1000,302,S Park St,53715,27074
1001,1511,Utica Avenue South,55416,12377
1002,230,East Chapman Avenue #7,92870,2422
1003,3205,West Floyd Ave,80110,2916
1004,4725,SE Division St,97206,20400
1005,3200,Shrine Park Road,66048,8114
1006,13615,White Avenue,64030,12877
1007,10,Park Row West,02903,22301
1008,1400,Greenbrook Parkway,38134,23338
1009,17,W Broad St,23220,25787
1010,4403,Woodland Avenue,50266,5556
1011,141,Patterson St,99504,11
1012,1200,Columbine Court,99508,11
1013,1505,Fort Clarke Boulevard,32606,3650
1014,4750,West 29th St,80634,2956
1015,2500,Hwy 121,76039,23961
1016,2111,Richmond Hwy,22202,25242
1017,2835,Roundtree Blvd,48197,11735
1018,4570,S Cobb Dr,30082,4464
1019,324,Larkin St,94109,2528
1020,1516,NW 51st St,98107,26594
1021,6501,208th St SW,98036,26451
1022,808,N Franklin St,33602,3930
1023,4325,S Madison Avenue,46013,7116
1024,200,Presidential Way,01801,10058
1025,650,Waymarket Drive,48103,10913
1026,1415,Tenderden Dr,77530,23776
1027,128,Magazine St,30157,4124
1028,6418,Eckhert Road,78240,24679
1029,3207,Henderson Mill Rd,30341,4008
1030,7171,Buffalo Speedway,77002,24134
1031,680,W Sam Houston Parkway So,77002,24134
1032,1465,Central Avenue,32137,3848
1033,574,3rd St,94107,2528
1034,3960,58th St,92115,2525
1035,211,Sacandaga Rd,12302,17557
1036,1371,Kehaulani Dr,96734,4607
1037,1813,Bennett Dr,50265,5556
1038,0,Lockside 3210 3222 NW 54th St,98107,26594
1039,6006,SE 53rd Avenue,97206,20400
1040,1504,1508 21st Place,97116,20261
1041,760,NW 180th Avenue,97006,20172
1042,2201,N Australian Avenue,33407,3959
1043,1121,5th Avenue N,37208,23367
1044,21518,Mountsfield Drive,80401,2949
1045,1550,Rivers Bend Lane,53226,27370
1046,7070,N Montana,97217,20400
1047,245,Tacoma Avenue S,98402,26632
1048,1300,Palos Verdes Dr,94403,2544
1049,215,Raphael,50014,4689
1050,7720,Vineyards Lane NE,98311,26260
1051,1701-1733,S Katie Avenue,57106,22961
1052,5477,E 71st St,74136,20088
1053,1269,Shades Terrace,35010,486
1054,315,N 34th St,68131,15635
1055,4101-4205,Montreal Street/200-202 Lorrain Dr,58503,14943
1056,3400-3414,11th St SE/1111 37th Avenue SE,58701,15139
1057,2031,33rd St NW,58703,15139
1058,101,Campbell Boulevard,08050,16311
1059,912,Willow Creek Place,57106,22961
1060,613,N 1st Ave,52245,5068
1061,1017,S 31st St,68105,15635
1062,1019,1021 North Dakota,50014,4689
1063,2425,East Riverside Drive,78741,23608
1064,8800,S 1st St,78748,23608
1065,7500,West Slaughter Lane,78749,23608
1066,8617,Spicewood Springs,78759,23608
1067,5608,Ave F,78751,23608
1068,1451,Colquitt Rd,75160,24820
1069,152,Barton St,14611,18177
1070,609,Clayton Ln,78752,23608
1071,4811,Woodrow Ave,78756,23608
1072,432,Edgehill Lane Unit 36,92054,2346
1073,125,N 18th St,85034,1494
1074,1508,S Lamar Boulevard,78704,23608
1075,3002,Willowrun Dr,80109,2855
1076,1801,Warner Ranch Drive,78665,24656
1077,26,Autumn Ridge Ln,28803,14209
1078,2500,Fort Worth Avenue Unit 799,75211,23861
1079,9902,Brompton Drive,33626,3960
1080,0,Prairie Square 2121 45th St,46322,7372
1081,5860,N Kenmore Ave,60660,6061
1082,4009,Sabio Drive,78749,23608
1083,2934,Louisiana Place,92506,2495
1084,3836,Hwy 82 W,38756,13615
1085,14100,Thermal Drive,78728,23608
1086,633,S Saint Marys St,78205,24679
1087,2432,Penmar Avenue,90291,2717
1088,2600,Mostetler Road Lot 5,48625,11230
1089,2467,Betlo Avenue,94043,2297
1090,1700,Bassett St,80202,2894
1091,42020,Queen Anne Court,48167,11459
1092,1200,W 16th St,76520,23744
1093,4502,42nd Avenue SW,98116,26594
1094,5252,S Cornell Avenue,60615,6061
1095,110,McDonald Drive,50014,4689
1096,1511-1519,W Palmyra Avenue,92865,2356
1097,16586,W Polk St,85338,1419
1098,744,North Negley Ave,15206,21669
1099,96e,Lakeview Avenue,07605,16291
1100,825,Tamarack Ave,92821,1714
1101,17310,Kieth Harrow Boulevard,77084,24134
1102,11314,Blackbark Dr,33579,3884
1103,2029,Swift St,64116,13139
1104,55,Green St,01510,9678
1105,11517,Westwood Ln #18,68144,15635
1106,1779,Nacogdoches Road,78209,24679
1107,621,Stockton St,94108,2528
1108,8650,Crescent Chase,50131,5078
1109,3301,Fields South Drive,61822,6046
1110,2015,West University St,65807,13312
1111,6200,Airport Boulevard,36608,559
1112,123,Jefferson St,54971,27247
1113,1450,Yeomans Rd,79602,23557
1114,1105,East Ponderosa Pkwy.,86001,1401
1115,4604,West Cottage Trail,57106,22961
1116,3201,W 43rd St,57106,22961
1117,301,E Clark,61820,6046
1118,1708,Main St,47904,7419
1119,890,Ridgewood Dr,46168,7604
1120,9118,Pebble Creek Dr,33647,3930
1121,2270,Bell Avenue,50321,4889
1122,13,Walnut Grove Way,29063,22469
1123,6060,Tower Court,22304,25231
1124,304,Palmetto Springs Dr,29229,22381
1125,210-212,N Bassett St,53703,27074
1126,639,N Pleasant View Road,53562,27074
1127,6998,Northeast Cherry Dr,97124,20297
1128,10764,SE Sunnyside Rd,97015,20206
1129,3151,Jennings Rd,64055,12948
1130,11540,Holiday Drive,64134,12967
1131,5812,Beatle Dr,46216,7390
1132,808,Clubhouse Dr,46074,7767
1133,1540,Handball Ln,46260,7390
1134,10910,Independence Lane,48111,10951
1135,1440,1450 East 52nd St,60637,6061
1136,12190,Waveland St,22033,25460
1137,200,Trotter Rd,02190,10045
1138,449,O'Farrell St,94102,2528
1139,1617,E Main,98372,26559
1140,130,School St,54476,27270
1141,5603,Cypress Creek Drive,20782,10257
1142,1850,N 34th St,98103,26594
1143,2,Abbott Dr,23666,25532
1144,440,NE 4th Avenue,33301,3637
1145,12016,NE 16th Avenue,33161,3782
1146,2144,California St NW,20008,3439
1147,1,Whittemore Ave,02140,9659
1148,12825,Silvaire Farm Rd,28278,14298
1149,4732,Canipe Dr,28269,14298
1150,80,Mossy Oak Ln,30157,4124
1151,308,Birchwood Ln,76108,24001
1152,12220,Hunters Crossing Ln,76028,23729
1153,19910,Faye Oaks Dr,77346,24140
1154,5907,Misty Meadow St,77573,24257
1155,6181,Water Lilly Dr,30005,3993
1156,205,S Peoria St,60607,6061
1157,685,4th St SW,55025,11997
1158,2222,Settlers Way Blvd,77478,24786
1159,2929,Dunvale Rd,77002,24134
1160,401,S Washington Square,48933,11329
1161,3341,3351 Warrensville Center Rd,44122,19383
1162,1555,Satellite Boulevard,92154,2525
1163,255,Lionstone Drive,80916,2872
1164,7730,Saranac Place 17,91942,2129
1165,428,Alice St,94607,2341
1166,22384,Old 44 Dr,96073,2379
1167,320,Smilax Rd,92069,2541
1168,1616,NW Everett St,97209,20400
1169,1019,N Skinker Parkway,63112,13272
1170,3922,24th St SE,58554,15112
1171,9700,NE 76th St,98662,26658
1172,1232,Man O War Place #2,40504,8803
1173,1100,N Cass St,53202,27114
1174,26,East Superior St Unit 405,55802,11939
1175,1599,Foothill Dr,84108,25173
1176,7217,North 5 Mile Rd,99208,26616
1177,3806,Amity Cir SE,58554,15112
1178,121,Howard,50014,4689
1179,126,Beedle Dr,50014,4689
1180,1317,Coneflower Road,73013,19738
1181,32165,Live Oak Dr,92592,2662
1182,195,W Kennett Road Apartment 212,48340,11524
1183,12954,Riverside Drive,91423,2586
1184,2206,Thunder Ridge Boulevard,50613,4798
1185,2631,2647 W Maplewood Avenue,98225,26248
1186,561,Creekside Forest,78130,24446
1187,1410,K Avenue Suite 1105a,75074,24543
1188,3501,Normandy Ln,24018,25794
1189,124,Optimist CT,48326,10927
1190,1804,W Yacht,28465,14650
1191,2511,Knight Dr,58201,15047
1192,2,Johnny Mercer Boulevard,31410,4450
1193,1313,1319 E 9th St,91950,2303
1194,5301,Newcastle Ave,91316,1928
1195,3603,SW Picasso Boulevard,72712,794
1196,412,Pasadera Ln,78664,24656
1197,1205,N Nature Way,73064,19936
1198,3707,Manchaca,78704,23608
1199,3435,Promenade Ave,55123,11943
1200,1520,California Avenue SW,98116,26594
1201,1625,S Third St,91803,1608
1202,1900,Simond Ave,78723,23608
1203,110,San Antonio St,78701,23608
1204,1308,Clifton St NW Apartment 217,20009,3439
1205,9415,McNeil Dr,78750,23608
1206,350,Cypress Creek Road,78613,23768
1207,3401,W Parmer Ln,78727,23608
1208,10500,S Ih 35,78748,23608
1209,1001-1005,Louisiana Boulevard NE,87110,16594
1210,508,West Avenue,78701,23608
1211,9801,Meadowglen Ln,77042,24134
1212,1853,White Columns Drive  1855/207,65401,13254
1213,1626,N Ellison Drive,78251,24679
1214,1521,Reagan Hill Dr,78752,23608
1215,134-136,Crossbow Court,76088,24899
1216,1003,E Cross Avenue,93274,2691
1217,300,Folsom St,94105,2528
1218,1700,University Boulevard,78664,24656
1219,2825,Canton St Unit 842,75226,23861
1220,5010,South Congress Avenue,78745,23608
1221,3304,Jackson St,68105,15635
1222,8336,East 120th Place,74008,19619
1223,7605,E 49th St,74145,20088
1224,1720,E Woodward,78741,23608
1225,3631-41,W Dickens Ave,60647,6061
1226,918,N Lbj Drive,78666,24687
1227,7700,N Capital Of Texas Highway Apartment 11459,78731,23608
1228,1520,Richardson Dr,75080,24614
1229,20202,Cresta Avenida,78256,24679
1230,241,Riverside Drive Unit 2102,32117,3684
1231,708,Dewey Avenue,48104,10913
1232,4215,Montana Sapphire Drive,59106,13862
1233,1501,Maple Avenue,60201,6221
1234,1850,Mercer Parkway,75234,23971
1235,24,N Butler St,53703,27074
1236,1100,Graham Dr,77375,24840
1237,2434,Sagemont Dr,33511,3539
1238,811,Kirkcaldy Way,33594,3942
1239,1987,Bertha CT,30228,4219
1240,24666,Katherine CT,48045,11231
1241,200,S Linden Ave,92376,2480
1242,4200,S Harbor Boulevard,93035,2367
1243,5689,River Rd,70820,9183
1244,109,Twisted Hill Rd,29063,22469
1245,201,E Armory,61820,6046
1246,914,W Mansfield Avenue,99205,26616
1247,1730,E Valley Watermill Road,65803,13312
1248,7847,Jewel Lake Rd,99502,11
1249,2050,E 15th Avenue,97403,20255
1250,125,West Gate,50613,4798
1251,303,E Green,61820,6046
1252,218,Wiggins St,47906,7763
1253,770,Greens Road,77002,24134
1254,112,Muirfield Dr,29212,22381
1255,11226,Black Forest Trail,33569,3884
1256,546,W Colorado St,91204,1996
1257,2344,N 92nd Avenue,68134,15635
1258,735,NW 60th St,64118,12967
1259,13300,Atlantic Blvd,32225,3706
1260,4057,Mooncoin Way,40515,8803
1261,9,Villa Dr,32506,3859
1262,5474,5480 S Hyde Park Blvd,60615,6061
1263,2525,Carlisle St,75201,23861
1264,2625,Empire Dr,75080,24614
1265,4867,Ashford Dunwoody Road,30338,4151
1266,80,Donald St,02188,10045
1267,935,Newbury St,54971,27247
1268,2651,16th St NW,20009,3439
1269,4000,Hulen St SW,76107,24001
1270,1831,East Apache Blvd,85281,1557
1271,2551,W Villa Maria Rd,77807,23716
1272,1308,S DE Soto Avenue,33606,3930
1273,34,Cherokee St,02120,9643
1274,3703,Rinehall Dr,46235,7390
1275,2350,Honeycomb CT,76131,24001
1276,1818,Rogers Rd,78251,24679
1277,5114,Medical Dr,78229,24679
1278,2890,Red Lion Square,32792,3971
1279,5050,Yale St,77002,24134
1280,8383,El Mundo,77002,24134
1281,1802,Elm St,75652,24112
1282,633,Main St NE,55330,11958
1283,3191,Regatta Cir,34231,3903
1284,6201,Ep True Parkway,50266,5556
1285,1413,Clearfield,78758,23608
1286,1430,Summit Ave,98122,26594
1287,15,Union St,08901,16374
1288,100,Lenox Place,37072,23223
1289,3650,Midvale Avenue,90034,2196
1290,240,E Walnut St,50309,4889
1291,12312,E Olive Ave,99216,26617
1292,1777,Chestnut Place,80202,2894
1293,703,S Broadway St,49031,11020
1294,340,E Virginia Circle,85004,1494
1295,34,S Erie St,43604,19455
1296,504,Esplanade,90277,2472
1297,508,E Cottage Grove Avenue 515 E 10th St,47408,7149
1298,12598,W Dakota Ave,80228,3012
1299,773,NW 13th St Suite 550,97030,20284
1300,4100,Heron Springs Boulevard,48359,11322
1301,1413,NW 64th St,98107,26594
1302,220,16th Avenue E,98112,26594
1303,1115,Ponce DE Leon Ave,30306,4008
1304,12810-12850,SE Sherman St,97233,20400
1305,907,SE Park Crest Ave,98683,26658
1306,1373,Lees Chapel Road,27455,14445
1307,430,East 2nd Ave,84103,25173
1308,1819,1835 2nd St SE,58701,15139
1309,0,Bell Manor 4004 Bell Avenue,98908,26690
1310,4263,Losco Road,32257,3706
1311,1700,E 4th,78702,23608
1312,101,1st Ave NW,58554,15112
1313,11901,East 176th St,90701,1640
1314,233,Virginia Ave,94402,2544
1315,10101,West Parmer Ln,78717,23608
1316,6300,S Congress Avenue,78745,23608
1317,11316,Jollyville Road,78759,23608
1318,730,34th St S,35222,271
1319,5012,NE Cleveland Avenue/57 NE Alberta St,97211,20400
1320,4190,Sierra Way,35071,426
1321,2810,Babcock Road,78229,24679
1322,120,9th St,78215,24679
1323,1600,W 5th St,78703,23608
1324,2237,W Armitage Avenue #1f,60647,6061
1325,8106,45th Court E #2,34243,3903
1326,1720,Grand Ave Parkway,78660,24531
1327,3130,Harvard Avenue Unit 1084,75205,23861
1328,435,East 200 South,84111,25173
1329,1216,Ave A #123,76201,23883
1330,3625,SW Baird St,97219,20400
1331,306,South 15th St #206,68102,15635
1332,1013-1015,W 39th St,64111,12967
1333,4379,McClintock St,92105,2525
1334,4060,N 150 W,47201,7223
1335,11011,Domain Drive Suite 8100,78758,23608
1336,109,30th Avenue,98122,26594
1337,16334,Ridgehaven Drive Unit 701,94578,2537
1338,0,13th St NW Monroe St NW Washington DC,20010,3439
1339,316,Athenia Drive,76114,24001
1340,1922,W 36th Avenue,80211,2894
1341,6050,Melody Lane,75231,23861
1342,10202,Rustling Birch Rd,53562,27074
1343,32,Balboa Parkway,27520,14309
1344,950,NW 214th St,33169,3782
1345,100,Stockton St,02150,9670
1346,1070,San Miguel Rd,94518,1827
1347,4830,West 66th Ave,80003,2813
1348,11611,Westwood Ln,68144,15635
1349,145,Hunters Mill Dr,29170,22658
1350,807,Sweet Thorne Rd,29063,22469
1351,6039,Whitby Road,78240,24679
1352,15949,Chase Hill Boulevard,78256,24679
1353,2131,N Meridian Rd,32303,3929
1354,50,Laguna St,94102,2528
1355,57,E Chalmers,61820,6046
1356,105,N Busey  809-813 W Springfield,61801,6995
1357,2861,S Nettleton,65807,13312
1358,1625,S Marion Avenue,65807,13312
1359,1900,W Liberty St,48103,10913
1360,852,Woods CT,30044,4273
1361,309,NE Fairgrounds Rd,98311,26260
1362,708,6th St,61820,6046
1363,509,W Main,61801,6995
1364,1217,Eastgate Dr SE,55904,12348
1365,207,Fowler Avenue,47906,7763
1366,1,-16 Locust Rd 17  64 Barberry Dr,49037,11635
1367,8310,Globe Dr,53717,27074
1368,4400,Ridgefield Way,37205,23367
1369,97,Balsam Fir Place,27520,14309
1370,14772,White Tail Run,46060,7553
1371,4776,East Guadalupe Rd,85234,1414
1372,4901,E Sunrise Dr,85718,1570
1373,810,Jupiter Dr,53718,27074
1374,425,E Menomonee,53202,27114
1375,1935-45,N Oakland Avenue,53202,27114
1376,1619,West Crescent,92801,1621
1377,12222,Vance Jackson Road,78230,24679
1378,6033,Bangalore Court,38119,23338
1379,145,W Cheyenne Rd,80906,2872
1380,132,E Sego Lily Drive,84070,25174
1381,1550,Lakeshore Dr,77640,24555
1382,21110,Viking Ave,98370,26554
1383,10101,Forum Park,77036,24134
1384,12101,Pine Forest Cir,22030,25460
1385,2097,Market St,94114,2528
1386,4555,Pine St,92501,2495
1387,6195,Pegasus Drive,92503,2495
1388,10215,Greenwood Avenue N,98133,26594
1389,10440,Sanderling Shores Drive,33619,3930
1390,420,Arbor Pointe Dr,49037,10943
1391,28,Austin St,02460,9856
1392,1531,7 Th Avenue S,56377,12389
1393,17038,Bulverde Road,78247,24679
1394,17607,East 61st Ave,80249,2894
1395,1846,W Stadium Boulevard,48103,10913
1396,1501,Berryessa Rd,95133,2534
1397,13435,Rampchester Ln,77015,24134
1398,1007,N Carolina Ave,76065,24388
1399,3107,Lucida Ln,77373,24764
1400,12331,N Gessner Road,77002,24134
1401,14365,Cornerstone Village Drive,77002,24134
1402,12601,South Green Dr,77002,24134
1403,3711,Southmore,77002,24134
1404,301,St Joseph Parkway,77002,24134
1405,189,Cobblestone Park Dr,31061,4326
1406,4528,44th Avenue SW,98116,26594
1407,2740,Dove Meadow CT,95682,1746
1408,6300,SW 188th Court,97078,20150
1409,405,Fernwood,14609,18177
1410,13006,Lazy Ln,77318,24933
1411,1013,Fitchie Place,27703,14364
1412,4105,Conway Avenue,28209,14298
1413,1100,1120 SE Sherman St,97214,20400
1414,219,Harvard Avenue E,98102,26594
1415,2817,Girard Ave South,55408,12225
1416,12500,Melville Dr  #133d,77356,24410
1417,4516,S Santa Cruz Way,83709,5613
1418,7244,Camino Degrazia #280,92111,2525
1419,315,E Coeur D Alene Lake Dr,83814,5636
1420,2501,Pico Boulevard,90405,2562
1421,6454,Simms St,80004,2813
1422,929,Tamarack Ln,94086,2644
1423,7020,Lasker Dr,77551,24024
1424,1369-1373,N Vulcan Ave,92024,1927
1425,6431,Bridge Rd,53713,27074
1426,704/706,Gladstone Ave,21210,10082
1427,805,W Brown St,85281,1557
1428,1130,NW 12th Avenue Unit 406,97209,20400
1429,0,"617,631,659,663,681,687 N Las Posas Road",93010,1744
1430,1300-1302,Quiniela Dr,57049,22898
1431,1,Plaza Mayor,34285,3943
1432,13812,Hill St,28078,14496
1433,162,S Ave 55,90042,2196
1434,606,NW Naito Parkway A3,97209,20400
1435,318-408,17th St NW,56721,11946
1436,3107,Defilade Dr,37128,23366
1437,4373,Summer Breeze Way,34744,3720
1438,2970,W Old Farmington Road,72704,928
1439,2526,Durwood Drive Unit 102,78704,23608
1440,1600,Royal Crest Drive,78741,23608
1441,4600,Seton Center Parkway,78759,23608
1442,2100,Willowbend Drive,78664,24656
1443,806,Park Ave,68105,15635
1444,5200,E Texas St,71111,9200
1445,9801,Stonelake Boulevard,78759,23608
1446,400,W St Elmo Road,78745,23608
1447,2414,Ventura Drive,78741,23608
1448,1420,Walden Pond Drive,78660,24531
1449,5401,North Mays St,78626,24036
1450,5505,Zelzah Ave,91316,1928
1451,557,Tramway Boulevard NE,87123,16594
1452,2100,Haddonfield Rd,08110,16423
1453,1400,Westinghouse Road,78626,24036
1454,2615,Inwood Road Unit 687,75235,23861
1455,2700,Barton Creek Boulevard,78735,23608
1456,301,Congress Avenue,78701,23608
1457,3601,S Congress Avenue,78704,23608
1458,3220,Duval Road,78759,23608
1459,95-1003,Kaapeha St #13,96789,4639
1460,7247,Cameron Rd,78752,23608
1461,3324,Peachtree Road NE #2803,30326,4008
1462,2135,Wightman St,15217,21669
1463,4200,McKinney Avenue Unit 702,75205,23861
1464,1302,W 24th St,78705,23608
1465,9200,North Plaza,78753,23608
1466,13550,Heathcote Boulevard,20155,25494
1467,871,E Arenas Rd,92262,2376
1468,11547,SW 135th Ave,97223,20463
1469,180,N Alexandria Avenue  1,90004,2196
1470,1225,Town Center Dr,78660,24531
1471,395,Addie Way,24501,25626
1472,1822,Wilcox Avenue,90028,2196
1473,3712,N Shartel Avenue,73118,19959
1474,409,Chalk Hill Court,73003,19738
1475,2131,Ashley Court,48310,11643
1476,7401,W Slaughter Lane,78739,23608
1477,6205,N Lamar Boulevard,78752,23608
1478,6153,Saint Andrews Way,94551,2177
1479,12751,Pacific Avenue Unit 10,90066,2196
1480,410,Westside Boulevard NW,24017,25794
1481,630,N Vel R Phillips Avenue,53203,27114
1482,1001,Ashford Park Place,47201,7223
1483,661,W Sheridan Road,60613,6061
1484,7037,W Ironwood Dr,85345,1491
1485,4434,Donalbain Dr,77373,24764
1486,6033,Garth Rd,77521,23637
1487,14820,Redmond Way,98052,26568
1488,1779,Farm Meadow Dr,46143,7346
1489,250,South Stagecoach Trail,78666,24687
1490,3002,19th Avenue,97116,20261
1491,320,Turk St,94102,2528
1492,3659-3677,20th St,94110,2528
1493,5135,N Utica Avenue,74130,20088
1494,2455,Weldwood Dr,70816,9183
1495,2004,Golden CT,37174,23483
1496,8751,Barco Lane,32244,3706
1497,1800,Lacassie Avenue,94596,2733
1498,59,N 600 W,84116,25173
1499,5101,Hawthorne Dr,50265,5556
1500,506,S Fourth,61820,6046
1501,1208,W Providence Avenue,99205,26616
1502,4800,N 22nd St,65721,13163
1503,643,E Spring Valley Circle,65714,13135
1504,1115,Ashland Rd,65201,12719
1505,21,Jefferson St,50701,5536
1506,501,Enterprise Court,50644,5064
1507,309,Springfield Ave,50643,5057
1508,260,N Dixie Drive,84770,25170
1509,3506,Holmes Park Rd,68506,15556
1510,2721,Pine Trace Dr,43537,19090
1511,3405,Lindsay Dr,46947,7451
1512,707,South St,47901,7419
1513,2929,Horizon Dr,47906,7763
1514,130,Mary Ann Road,53916,26744
1515,5555,Antoine Drive,77002,24134
1516,1243,East Brickyard Rd,84106,25173
1517,4280,S Ravinia Drive,53221,26964
1518,124,West Washington St Office,53204,27114
1519,100,Corrina Blvd,53186,27363
1520,2200,N 31st St,53208,27114
1521,912,4th St SW,55025,11997
1522,2625,SE Hawthorne Boulevard,97214,20400
1523,812,SE 136th Avenue,98683,26658
1524,5302,NE 72nd Avenue,98661,26658
1525,3801,N Meridian St,46208,7390
1526,1200,Estancia Parkway,78748,23608
1527,22a,Country Club Dr,03102,15935
1528,4545,Reka Drive #1,99508,11
1529,1680,E Franklin St,47711,7284
1530,1800,N Quinn,22209,25242
1531,1750,P St NW,20036,3439
1532,8100,Gibbs Way,20785,10275
1533,611,W Deleon St,33606,3930
1534,2395,Leslie Cir,48105,10913
1535,16,19a Forest St,02140,9659
1536,1256,West Arrow Hwy,91786,2705
1537,21428,International Blvd,98198,26593
1538,13445,Martin Luther King Jr Way S,98178,26594
1539,3727,Andrews Hwy,79762,24477
1540,5301,White Horse Ln,84120,25221
1541,1331,Patterson St,97401,20255
1542,1615,E Georgia Avenue,85016,1494
1543,600,N Fourth St,85004,1494
1544,2433,West Main St,85201,1464
1545,2323,West Dunlap Ave,85021,1494
1546,3650,Summer Wind Dr,32792,3971
1547,122,West Trinity Place,30030,4135
1548,2323,Piedmont Road,30324,4008
1549,204,Kemsing Rd,29212,22381
1550,9111,Lakes At 610 Dr,77054,24134
1551,7814,Eastern Bluebird Dr,77396,24140
1552,5370,Mountain Top Place,30041,4118
1553,5830,Memorial Hwy,33615,3930
1554,695,Normandy St,77002,24134
1555,2851,Wallingford Drive,77002,24134
1556,15000,Park Row,77002,24134
1557,3833,Cummins St,77002,24134
1558,8380,El Mundo,77002,24134
1559,102,Riverview,76712,24955
1560,3211,SW Twilight Court,66614,8364
1561,14929,Dickens St,91403,2586
1562,1501,N Glen,98926,26344
1563,12540,SE Powell Boulevard,97236,20400
1564,412,Creek Oak Dr,37128,23366
1565,410,E Geer St,27701,14364
1566,4575,S Binnacle Drive,99623,218
1567,1550,Pecan Lane,27284,14517
1568,902,8th Avenue S,58075,15253
1569,430,S Commerce,67202,8411
1570,359,Everett,94301,2378
1571,5039,S Champlain  635-639 E 50th Place,60615,6061
1572,245,Hidden Springs Dr,78602,23632
1573,115,E Westplains Rd 119 E Westplains Rd,68028,15489
1574,819,NW 23rd Avenue,97210,20400
1575,6216,Slater,66202,8176
1576,199,Wind Road,27405,14445
1577,0,Greenbriar Terrace Apartments 3003 W 27th Avenue,79109,23580
1578,341,Alcatraz Ave 01-04,94618,2341
1579,2319,Fitzwater St,19146,21658
1580,1065,S Sherbourne,90035,2196
1581,2115,201st Place SE Unit C2,98012,26258
1582,5204,S 76th St,53129,26963
1583,1462,S Shenandoah,90035,2196
1584,4018,Florida St #5,92104,2525
1585,941,N Sierra Bonita,90046,2748
1586,3718,Cary St Road,23221,25787
1587,1325,Dorcas St,92110,2525
1588,2250,Camino DE Lane Reina #6301,92108,2525
1589,1823,Minor Avenue,98101,26594
1590,1000,East 5th St,78702,23608
1591,10601,Manchaca Rd,78748,23608
1592,2239,Cromwell Cir,78741,23608
1593,155,Drive Michael Debakey Dr,70601,9390
1594,340,Media Station Rd,19063,21421
1595,15735,Rosewood St,68136,15635
1596,2025,East 7th St,78702,23608
1597,8100,W Anderson Mill Rd,78729,23608
1598,4442,Summer Sun Lane,78217,24679
1599,9725,N Lake Creek Parkway,78717,23608
1600,6401,Rialto Boulevard,78735,23608
1601,6805,Woodhollow,78731,23608
1602,7624,Tecoma Cir,78735,23608
1603,6201,Sneed Cove,78744,23608
1604,7655,N Fm 620,78726,23608
1605,1028,Claytonia Terrace,63117,13272
1606,15000,Chenal Parkway,72211,1061
1607,2626,Throckmorton St Unit 753,75219,23861
1608,1001,Nimbus,78660,24531
1609,8001,S Interstate 35,78744,23608
1610,3506,Manchaca,78704,23608
1611,1285,Sutter St,94109,2528
1612,10610,Morado Circle,78759,23608
1613,4100,North St,75965,24432
1614,1207,Washington Avenue,63103,13272
1615,26375,Halsted Road Apartment 130,48331,11147
1616,20909,Parthenia St,91304,1756
1617,11,Calle DE Arena,92688,2463
1618,38254,Redwood Terrace,94536,1976
1619,807,Sutter St Unit 202,94590,2710
1620,18,Pueblo CT Alamo,94507,2733
1621,514,N Peshtigo Court,60611,6061
1622,2708,W Center St,53233,27114
1623,2240,North Commerce St,53212,27114
1624,1519,Chapman St,75104,23766
1625,2550,East Ward Terrace,92806,1621
1626,3477,Arcade St,55110,12459
1627,2122,East Sam Houston Parkway,77503,24511
1628,13400,Elsworth St,92553,2284
1629,550,N Pantano Rd,85710,1570
1630,1547,Clay St,94109,2528
1631,632,Westwood Dr,29073,22498
1632,429,W Central Avenue,67203,8411
1633,555,Wood Arbor Parkway,38018,23134
1634,3162,Main St,14214,17193
1635,20,Fairwood Dr,14623,18177
1636,806,S Third,61820,6046
1637,1100,N Walnut St,47404,7149
1638,2716,E 10th St,47408,7149
1639,1351,Passenger St,37408,23113
1640,3127,W Jewell Road,72701,928
1641,1029,W Battlefield,65807,13312
1642,1950,S Scenic Avenue,65807,13312
1643,2835,Western Avenue,77630,24912
1644,230,W 14th Avenue,99501,11
1645,790,Whitecrest CT,30043,4273
1646,2103,4th St SW,50677,5542
1647,55,W Clifton Avenue,51104,5441
1648,1103,Lewis Dr,42701,8618
1649,1214,Lavender CT,47712,7284
1650,1617,W Admiralty Heights Ln,98312,26260
1651,1012,W Clark,61801,6995
1652,5900,W Creek 350 N. #45,47304,7523
1653,1405,Apple Ln,66049,8112
1654,1127,North Hagadorn Rd,48823,11113
1655,825-835,Pine St,94108,2528
1656,315,320 Salem Dr,44089,19482
1657,8404,Abbey Dell Dr,46113,7184
1658,4201,Bunker Hill Road,75048,24029
1659,18979,Redland Rd,78259,24679
1660,2718,Old Field Road,78247,24679
1661,301,Vineyard,93036,2367
1662,1340,N Brickyard Rd,29223,22381
1663,1506,Yuma St,80909,2872
1664,1901,N Prospect Avenue,53202,27114
1665,1221,SE Ellsworth Road,98664,26658
1666,9535,N Main St,64155,12967
1667,1425,S 55th St,66106,8092
1668,400,Chaney Rd,37167,23472
1669,14600,Dwyer Blvd,70129,9458
1670,2255,South 300 East,84115,25173
1671,10501,Day Lily Drive,46825,7302
1672,915,W 27th Ave,99503,11
1673,5308,Eden Dr,47715,7284
1674,2211,Pratt St #B-208,80501,3026
1675,3815,N Pearl St,98407,26632
1676,1130,N Dearborn St,60610,6061
1677,2231,E 67th St,60649,6061
1678,2525,Empire Dr,75080,24614
1679,2305,W Alabama St,77098,24134
1680,1925,Monroe Dr,30324,4008
1681,100,Ladson CT,30033,4135
1682,3012,W DE Leon St,33609,3930
1683,202,N Fremont Avenue,33606,3930
1684,3871,Redwine Road,30344,4008
1685,8255,Vineyard Avenue,91730,2459
1686,12522,8th Ave West,98204,26354
1687,5870,56th Avenue N,33709,3895
1688,100,Antioch Cir East,47803,7717
1689,289,Huron St,54923,26752
1690,401,Interlocken Boulevard,80021,2840
1691,295,E Speer Boulevard,80203,2894
1692,999,Scenic Hill Drive,76111,24001
1693,16636,N 58th St,85254,1533
1694,661,Cornerstone Cir,29063,22469
1695,709,Desoto Dr,75115,23887
1696,1407,Woodfern Dr,76018,23596
1697,8630,Doskocil Dr,77044,24134
1698,5602,Presidio Parkway,78249,24679
1699,1212,S Michigan Avenue,60605,6061
1700,1730,N Clark St,60614,6061
1701,2950,Old Spanish Trail,77002,24134
1702,7510,Burgoyne Road,77002,24134
1703,15330,Bammel North Houston Rd,77002,24134
1704,9000,Almeda Rd,77002,24134
1705,1880,Marshall Avenue,55104,12380
1706,1862,Century Hill,64079,13189
1707,2409,Leon St #307,78705,23608
1708,4511,8th Avenue NE,98105,26594
1709,3635,South Shaver St,77504,24511
1710,14930,Main St,78052,24323
1711,4723,Caminito Lapiz,92130,2525
1712,1829,E Morten Avenue,85003,1494
1713,18882,Valley Cir,92646,2070
1714,6362,Collins Ave,33141,3783
1715,518,Clark St,49307,10964
1716,720,South Second Ave,57104,22961
1717,1465,Alvarado Dr,80910,2872
1718,3010a,S Sunnylane,73160,19924
1719,5452,Alvern Cir,90045,2196
1720,8144,Turbys Treehouse Place,89131,16968
1721,2241,S Ogden St,80210,2894
1722,249-251,Emerson St,94301,2378
1723,101,N Union St,46901,7412
1724,11920,Chandler Boulevard,91607,2714
1725,9510,9th Avenue NW,98117,26594
1726,1107,East South Temple,84102,25173
1727,1821,Pacific Coast Hwy,90254,2049
1728,0,Embassy Place 2219 Teakwood Cir Unit B,46322,7372
1729,4860,S 131st St 4860 S 131st St,68137,15635
1730,911,North 5th St,58203,15047
1731,735,W Wisconsin Avenue,53233,27114
1732,35,Syndicate St S,55105,12380
1733,101,West Egbert,80601,2839
1734,0,Macarthur Estates 5500 South Macarthur Ln,57108,22961
1735,1050,W Venture Place,57105,22961
1736,1136,South 29th St,68105,15635
1737,11119,Alterra Dr,78758,23608
1738,2716,Barton Creek Boulevard,78735,23608
1739,2809,W William Cannon,78745,23608
1740,9900,McNeil Dr,78726,23608
1741,701,Center Ridge Dr,78753,23608
1742,9219,Anderson Mill Road,78729,23608
1743,1301,W 9th St,78703,23608
1744,1300,Spyglass Dr,78746,23608
1745,7880,US 290 Highway W,78736,23608
1746,5540,N Broadway St Oak Hills Apartments,37918,23286
1747,13301,Center Lake Dr,78753,23608
1748,1857,White Columns Drive  1857 206,65401,13254
1749,1712,Eleanor Drive,94402,2544
1750,300,Ferguson Dr,78753,23608
1751,500,S Lasalle St,27705,14364
1752,2709,E Sylvia St,85032,1494
1753,1507,Pease Road,78703,23608
1754,7423,Olivetas Ave,92037,2128
1755,8812,S Delaware Avenue,74137,20088
1756,1035,Alewa Dr #1,96817,4600
1757,14215,Yellow Warbler,78233,24679
1758,116,E Merrick St,71104,9536
1759,1836,Robin Avenue,77632,24489
1760,2300,N Field St Unit 1171,75201,23861
1761,3715,South 1st St,78704,23608
1762,2606,Enfield Road,78703,23608
1763,8929,Guthrie Avenue,90034,2196
1764,1024,Kerry Drive,35040,295
1765,4801,Rainier Avenue S,98118,26594
1766,3801,Spring Garden St,19104,21658
1767,8502,Old Sauk Rd,53562,27074
1768,5107,Dunnethead Dr,77084,24134
1769,2459,S 216th St,98198,26329
1770,1660,Bay St,94123,2528
1771,2677,Larkin St,94109,2528
1772,3560,Divisadero Ave,94123,2528
1773,3400,NW 69th Terrace,64151,12967
1774,2201,London Avenue,48146,11343
1775,3711,Medical Drive,78229,24679
1776,223,Brackenridge Avenue,78209,24679
1777,625,N Van Buren,85711,1570
1778,4752,S Harvard Ave,74135,20088
1779,404,East 12th St,74120,20088
1780,1931,15th Ave South,35205,271
1781,407,East University Ave,61820,6046
1782,504,E Stoughton,61820,6046
1783,405,E Stoughton,61820,6046
1784,304,E Daniel,61820,6046
1785,3321,S Cheekwood Lane,47403,7149
1786,2405,Hwy 12,77662,24877
1787,2500,Allie Payne Road,77632,24489
1788,701,Fox Hill Cir,61701,5952
1789,6100,Vine St,68505,15556
1790,809,W Nevada,61801,6995
1791,507,S Fourth,61820,6046
1792,3850,N 250 West,47906,7763
1793,3515,Gene Field Road,64506,13271
1794,1924,North Villa CT,48732,11139
1795,855,Greens Road,77060,24134
1796,12537,W Hummingbird Terrace,85383,1491
1797,917,Ravine Dr,46131,7311
1798,4600,Colter Dr,46902,7412
1799,3409,Primm Ln,35216,478
1800,520,W Prince Rd,85705,1570
1801,1414,East 39th St,74105,20088
1802,601,Meeting St,29403,22368
1803,212,E White,61820,6046
1804,2540,Country Hills Rd,92821,1714
1805,800,N Oklahoma Avenue,73104,19959
1806,2112,West 3300 South,84401,25219
1807,2131,E 56th,99507,11
1808,341,Knobcone Dr,80538,3029
1809,2200,Green Bay Rd,54130,27022
1810,855,Hinman Ave,60202,6221
1811,350,Whitewater Drive,60440,5958
1812,5034,5046 S Woodlawn Ave,60615,6061
1813,350,N Ervay St Suite #100,75201,23861
1814,3227,McKinney Ave,75204,23861
1815,1403,McDugald Rd,77338,24140
1816,1919,Clarendon Boulevard,22201,25242
1817,8301,Ashford Blvd,20707,10277
1818,1128,N Irving St,22201,25242
1819,5401-A,Claymont Dr,22309,25231
1820,100,Woodiron Dr,30097,4150
1821,1005,Maiden Ln,48105,10913
1822,28425,18th Ave South,98003,26360
1823,1,Eaglewood Rd,21403,10075
1824,50,E 1st St,54935,26918
1825,5035,S East End Drive,60615,6061
1826,2960,Birch Hollow Drive,48108,10913
1827,2225,S State St,48104,10913
1828,1751,West Walker St,77573,24257
1829,21023,Sweet Blossom Ln,77375,24840
1830,721,Nelson,75104,23766
1831,1461,S Goldking Way,83709,5613
1832,5306,April Dr,98260,26432
1833,317,West Morgan St #513,27601,14704
1834,4360,Campus Avenue,92103,2525
1835,4901,Whitton Place,46220,7390
1836,1625,McCullough,78212,24679
1837,2600,Hillsboro Park #322,37212,23367
1838,1820,Avenida Del Mundo Unit 302,92118,1834
1839,2,Inwood Dr,01801,10058
1840,5555,Bonner Avenue,91601,2327
1841,3276,East Red Cedar Dr,84790,25170
1842,3803,3805 SE Cesar Chavez Boulevard,97202,20400
1843,942,Beech St,92101,2525
1844,3121,Lake Park Way,80503,3026
1845,1725,34th St NW,20007,3439
1846,872,Winnsboro Drive,78664,24656
1847,2006,Kellogg,50010,4689
1848,2323-2329,NE Rodney Avenue,97212,20400
1849,122-126,East Genesee St,13202,18363
1850,4463,Idaho St,92116,2525
1851,70,Harlan St,94577,2537
1852,1821,S Roosevelt St,83705,5613
1853,6401,20th Avenue NW,98107,26594
1854,5945,Woodson Road,66202,8183
1855,1006,West 24th St,55405,12225
1856,1216,N Lasalle,60610,6061
1857,13108,Lincoln Rd,68138,15635
1858,10108,Sales Road S,98499,26429
1859,1590,Oregon St 01-19,94703,1676
1860,2405,NW 67 St,98117,26594
1861,1253,Church St,30030,4135
1862,13590,Earnshaw St,66221,8245
1863,91,Rainey St,78701,23608
1864,2140,N Xavier St,58501,14943
1865,2820,5th St NW A B And C,58701,15139
1866,4034,Holmes,64110,12967
1867,515,S 31st St,68105,15635
1868,21626,Stonewall Parkway,78256,24679
1869,1701,Oak Hill Ln,78744,23608
1870,701,N Vista Ridge,78613,23768
1871,1845,Burton Drive,78741,23608
1872,1614,E 6th St,78701,23608
1873,1525,E Palm Valley Boulevard,78664,24656
1874,2880,S Locust St #N102,80222,2894
1875,103,Maple Dr,70506,9387
1876,4908,Weber Court,28056,14422
1877,1640,Summerhouse Lane Unit 102b,34242,3903
1878,321,Fremont St,94105,2528
1879,11266,Taylor Draper,78759,23608
1880,5701,Mopac South,78749,23608
1881,6251,Reseda Boulevard,91335,2479
1882,2300,Wolf Ranch Parkway,78628,24036
1883,599,University Boulevard,78665,24656
1884,5618,Ruby Place,90503,2679
1885,9520,Spectrum Drive,78717,23608
1886,2601,Penny Ln,78757,23608
1887,183,Brushy Creek,78613,23768
1888,2401,Manor Rd,78722,23608
1889,2400,Louis Henna Boulevard,78664,24656
1890,5972,Valley Meadow Court,95135,2534
1891,7825,Firefall Way Unit 755,75230,23861
1892,1020,E 45th St,78751,23608
1893,1105,S Barrington Avenue,90049,2196
1894,8448,W Limelight St,83714,5613
1895,4520,N Clarendon Ave,60640,6061
1896,1800,Fifth Ave,15219,21669
1897,1824,Lakeshore Ave Unit 16,94606,2341
1898,29900,Franklin Road,48034,11629
1899,233,Walnut St,48817,11072
1900,6244,Trumpeter Lane,48197,11735
1901,1756,Lynn Avenue,48198,11735
1902,521,E Tyler Avenue,78550,24096
1903,572,Orcas Avenue NE,98059,26569
1904,1537,Packard St,48104,10913
1905,30902,Via Ultimo,92675,2536
1906,10833,Wilshire Boulevard,90024,2196
1907,1601,Eastchase Parkway,76120,24001
1908,5292,North Lovers Ln Rd,53225,27114
1909,5100,5120 S Ellis Ave,60615,6061
1910,5102,Silvertree Run,53705,27074
1911,3864,Maple Grove Dr,53719,27074
1912,1027,Cooper Springs Dr,77373,24764
1913,1900,Lamont St NW,20010,3439
1914,3107,South Esperanza Ave,33629,3930
1915,559,Ladora Dr,30157,4124
1916,2238,Hyde St,94109,2528
1917,2797,Wewatta Way,80216,2894
1918,259,S Sequoia Parkway,97013,20193
1919,6610,N 155th CT,68154,15635
1920,2600,Executive Drive,34292,3943
1921,6107,Via Lane Cantera,78256,24679
1922,1600,Old Bainbridge Rd.,32303,3929
1923,501,S Blairstone Rd,32301,3929
1924,2108,Grand Avenue,50265,5556
1925,3708,SE 14th St,50320,4889
1926,2413,N Neil St,61820,6046
1927,507,And 508 South Fess Avenue,47401,7149
1928,1225,W Mount Comfort Rd,72703,928
1929,1435,E Elm,65802,13312
1930,7000,Mae Anne Avenue,89523,16993
1931,3501,12th St,77642,24555
1932,4251,Jimmy Johnson Boulevard,77642,24555
1933,3985,Sarah St,77705,23639
1934,716,51st Place,53140,27026
1935,1025,N 63rd St Lincoln,68505,15556
1936,6003,South Cliff Avenue,57108,22961
1937,202,E Chalmers,61820,6046
1938,4231,SW Emland Drive,66606,8364
1939,510,North 6th St,47901,7419
1940,400,S Grant St,47906,7763
1941,138,S Chauncey Ave,47906,7763
1942,136,Andrew Place,47906,7763
1943,401,Harrison St,47906,7763
1944,2475,Sycamore Ln,47906,7763
1945,8327,West Tidwell Road,77002,24134
1946,5147,Orth Dr,46221,7390
1947,92,Springway Dr,29209,22381
1948,9401,Frans Way,46036,7279
1949,200,Rhode Island Ave NE,20002,3439
1950,604,W Stoughton,61801,6995
1951,2976,Chapel Valley,53711,26916
1952,375,South Randolph Avenue,92821,1714
1953,1640,West Ball Rd,92802,1621
1954,932,South Helena Way,80017,2817
1955,111,Parkway Place,98660,26658
1956,430,E Cactus Avenue,89183,16968
1957,4455,E Twain Avenue,89121,16968
1958,931,Spy Run Road,46229,7390
1959,14117,North Rockwell Avenue,73142,19959
1960,2701,Watermark Boulevard,73134,19959
1961,10900,South Pennsylvania Avenue,73170,19959
1962,3235,East Cottle Loop Road,99654,218
1963,625,W 46th Avenue,99503,11
1964,1204,Norman St #32,99504,11
1965,4901,Meridian Way,21703,10208
1966,4010,Clearwater Road,56301,12372
1967,2650,Cedar Springs,75201,23861
1968,5501,Conroy Rd,32811,3834
1969,2301,S Cotton Flat Rd,79707,24387
1970,1491,W Kilgore Avenue,47304,7523
1971,100,Springhouse Way,23602,25701
1972,2500,Sawmill Rd,87505,16863
1973,8515,Blvd 26,76180,24465
1974,1817,North Dobson Rd,85224,1369
1975,2440,Pechora Pipit,78130,24446
1976,320,D St,02127,9643
1977,18807,Danalyn CT,77346,24140
1978,15519,Northwood Dr,77365,24562
1979,136,138 Highland Ave,02143,9949
1980,817,Hillsborough St,27603,14704
1981,8222,Kingsbrook Rd,77002,24134
1982,3660,Richmond Avenue,77002,24134
1983,3026,Fairway Ln Unit D,32804,3834
1984,3600,South Willow Ave 3600-201,57105,22961
1985,5420,Callaghan Road,78228,24679
1986,2468,W Ben Hogan Avenue #1  #4,99654,218
1987,5201,Azle Avenue,76114,24001
1988,1100-1182,Grove St,60106,5936
1989,3921,Marathon St,90029,2196
1990,550,New South Dr,37043,23120
1991,130,South 900 East,84102,25173
1992,6100,Summit Dr N,55429,11830
1993,3821,S Graham St,98118,26594
1994,300,Boulder Falls Drive,97355,20331
1995,36,Bonair St  301a,02145,9949
1996,4272,Walnut Grove Road,38117,23338
1997,612,W Laurel St,92101,2525
1998,5900,Severin Drive,91942,2129
1999,6533,English Oaks Dr,27615,14704
2000,1204-1220,Churchill Road,61853,6528
2001,1307,N Northgate Way,98133,26594
2002,101,W Olympic Place,98119,26594
2003,310,S Almont Dr,90048,2196
2004,246,Habitat Cir,80550,3183
2005,4600,N Lincoln Avenue,60625,6061
2006,372,I Avenue,92118,1834
2007,1211,Reed St 1-10,80214,3012
2008,512,Tremont Avenue,98226,26248
2009,1718,Summit Avenue,98122,26594
2010,180,Carl St,94117,2528
2011,1038,S 35th Ave 1040 S 35th Ave,68105,15635
2012,368,W Powers Avenue,80120,3021
2013,2320,Marshall Ave,55104,12380
2014,1716,Springhill Place,31602,4528
2015,510,W Marshall St,23220,25787
2016,2501,Erin Way,72450,1157
2017,82-106,Finderne Ave,08807,16098
2018,2013,N 8th,83702,5613
2019,4110,12th Avenue NE,98105,26594
2020,7011,W Ashland Drive,83709,5613
2021,4004,Lauren Court  Op4004 Lauren Court,32541,3604
2022,2134,8th Avenue NW,56721,11946
2023,0,2964/65/66/67/68 S 200 E,84115,25181
2024,1,New Haven Avenue,06460,3302
2025,5209,Brydon Woods Cir,34771,3890
2026,1117,S Bedford St,90035,2196
2027,200,Saluda River Rd,29210,22381
2028,4226,W Adams Boulevard,90018,2196
2029,917,N Hudson Avenue,90038,2196
2030,10001,S 1st St,78748,23608
2031,4151-4201,Logangate Rd,44505,19568
2032,700,Louis Henna Boulevard,78665,24656
2033,8715,W Hwy 71,78735,23608
2034,8810,Tallwood,78759,23608
2035,2001,S Ih 35,78741,23608
2036,9601,Middle Fiskville,78753,23608
2037,12443,Tech Ridge,78753,23608
2038,1720,Wells Branch Parkway,78728,23608
2039,1100,Kenney Fort Boulevard,78665,24656
2040,1230,Wellesley Avenue,90025,2196
2041,1201,4th St,94158,2528
2042,4701,Monterrey Oaks Boulevard,78749,23608
2043,401,Little Texas Lane,78745,23608
2044,12501,Tech Ridge,78753,23608
2045,14233,The Lakes Boulevard,78660,24531
2046,101,W Davis St Unit 569,75208,23861
2047,2500,Walsh Tarlton Ln,78746,23608
2048,3941,Garden View Dr,58201,15047
2049,211,E Riverside Drive,78704,23608
2050,1103,E 6th St,78702,23608
2051,2504,Manor,78722,23608
2052,4711,E Riverside Dr,78741,23608
2053,310,Ivy Road,57064,22976
2054,7117,Wood Hollow Drive,78731,23608
2055,1106,Reinli St,78723,23608
2056,3543,Greystone Drive,78731,23608
2057,3308,Rainbow Creek Circle,91360,2670
2058,211,Yacht Club Way,90277,2472
2059,7545,N Winchester Ave,60626,6061
2060,8245,N 27th Avenue,85003,1494
2061,1608,W Sherwin Ave,60626,6061
2062,401,Guadalupe St,78701,23608
2063,6804-6838,North Richmond Avenue,97203,20400
2064,924,Minnesota St,94107,2528
2065,15240,Red Tail Drive,48808,10942
2066,1,Park Avenue,48226,11096
2067,3318,Forestwood Drive,77801,23716
2068,471,E Illinois Road,60045,6461
2069,530,W Olympic Place Unit 103,98115,26594
2070,3021,SW Bradford St,98126,26594
2071,4041,N Oakland Avenue,53211,27282
2072,844,N 6th St,19123,21658
2073,520,Samuels Ave,76102,24001
2074,8300,Chapman Ave,90680,2624
2075,9450,Royal Lane,75243,23861
2076,3814,Wintergreen Dr,77396,24140
2077,5500,Sampson,77004,24134
2078,6200,Gulfton St,77081,24134
2079,12118,Highway 99,98204,26354
2080,6974,Oak Dr,78256,24679
2081,929,Arcturus Dr,80905,2872
2082,985,Albion St,80220,2894
2083,2450,SE 37th Ave,97214,20400
2084,1301,Jones St,68102,15635
2085,1729,Scarborough Dr,68123,15326
2086,521,Van Buren St,33916,3640
2087,12235,Vance Jackson,78230,24679
2088,2475-2479,Madison CT,45208,18731
2089,235,S Ocala Rd,32304,3929
2090,4220,Grand Ave,50312,4889
2091,520,North Neil St,61820,6046
2092,106-108,E Healey,61820,6046
2093,415,425 South Grant St,47401,7149
2094,3220,E John Hinkle Place,47408,7149
2095,1403,E Elm,65802,13312
2096,3535,East 10th St,27858,14446
2097,5600,Abbey CT,68505,15556
2098,2777,SW Archer Road,32608,3650
2099,900,E 14th St,57104,22961
2100,807,North Cleveland Ave,57103,22961
2101,704,Stoughton,61801,6995
2102,4629,Fulton Ave,91423,2586
2103,8555,Laurens Lane,78218,24679
2104,140,N Western Avenue,54956,27138
2105,344,Northwestern Avenue,47906,7763
2106,120,Wiggins,47906,7763
2107,500,South St,47901,7419
2108,809,N 6th St,47904,7419
2109,7715,Hickman Rd Office #89,50322,5512
2110,13030,Audelia Rd,75243,23861
2111,3300,Quartz Ln,92831,1981
2112,2222,Queen St,52001,4906
2113,1323,Jackson St,68102,15635
2114,2686,Cobble Cir,45439,19145
2115,1818,Madison St,53711,27074
2116,260,N Lord St,53045,26779
2117,4057,S 35th St,53221,26964
2118,18900,Stratford Rd,55345,12229
2119,300,Springboro Lane,43235,18753
2120,123,Pumpkin Hill Ridge,27520,14309
2121,21042,East Arrow Hwy,91724,1842
2122,1918,E Vanowen Avenue,92867,2356
2123,3325,SE Division St,97202,20400
2124,11843,Braesview,78213,24679
2125,801,E Armour Blvd,64109,12967
2126,1100,County Line Road,66103,8092
2127,3201-3207,Broadway,64111,12967
2128,335,Double Creek Dr,46168,7604
2129,5500,N Main St,02720,9726
2130,8450,Gate Parkway West,32216,3706
2131,1340,Reserve Way,37421,23113
2132,1115,1st,99004,26287
2133,8000,John Davis Dr,40601,8661
2134,332,North Broadway,03079,15993
2135,4543,Lake Otis Parkway,99507,11
2136,930,East 15th St,75074,24543
2137,8025,Ohio Dr,75024,24543
2138,2401,S Bumby Avenue,32806,3834
2139,2914,W Estrella St,33629,3930
2140,300,Buchanan St,94102,2528
2141,12640,Memorial Way,92553,2284
2142,11702,98th Ave Northeast,98034,26418
2143,13004,Meridian Ave S,98208,26354
2144,15400,East Evans Ave,80013,2817
2145,4101,South Navajo St,80110,2916
2146,855,Walther Boulevard,30043,4273
2147,2789,E Lake Road,79601,23557
2148,40,North Kingshighway Boulevard,63108,13272
2149,3726,Connecticut Avenue NW,20008,3439
2150,4201,Mass Avenue NW,20016,3439
2151,4200,Scotland St,77007,24134
2152,7725,W McDowell Road,85035,1494
2153,1055,N Anchor Way,97217,20400
2154,670,Maxey Rd,77002,24134
2155,3910,Old Glory Dr,28025,14325
2156,22703,Post Gate Dr,77373,24764
2157,11300,Expo Boulevard,78230,24679
2158,9550,Meyer Forest Dr,77002,24134
2159,14504,Briar Forest Dr,77002,24134
2160,2303,Louisiana St,77002,24134
2161,2155,Decker Road,48390,11693
2162,3373,Overland Ave,90034,2196
2163,39,Taylor Dr Building 68,01867,9914
2164,1128,Glade Ave,73127,19959
2165,6315,SE 91st Avenue,97266,20400
2166,3005,S Cliff Ave,57105,22961
2167,7479-7549,Pecos St,80221,2894
2168,305,W San Marcos,92069,2541
2169,962,E Avenue Unit B,92118,1834
2170,2555,Hampton Road #3203,89052,16959
2171,3631,Whitworth Dr,94568,1890
2172,30,Crosby St,06810,3238
2173,750,NE 64 St,33138,3782
2174,1304,4th Avenue N,37208,23367
2175,4508,NE Milligan Ln,50021,4694
2176,1316,Princess St,22314,25231
2177,2713,E Evergreen Boulevard,98661,26658
2178,1298,Hartford Turnpike,06473,3328
2179,1405,Watson Ave,32503,3859
2180,8623,Starcrest Dr  X03 (210 655-1011,78217,24679
2181,0,Fox Run Apartments 300 S John Redditt Drive,75904,24318
2182,5920,Reeds Road,66202,8183
2183,111,E West Plains Rd,68028,15489
2184,1191,North Ave,05408,25991
2185,605,615 625 W 81st St Suite 100,57108,22961
2186,2655,S 34th St,58201,15047
2187,2321,Fitzwater St,19146,21658
2188,15050,N 59th Avenue,85306,1415
2189,400,East 55th St,10022,17960
2190,1213,Harney St,68102,15635
2191,1500/1502,35th Avenue SE,58701,15139
2192,603,S 35th Ave,68105,15635
2193,545,Georgia St 717-723 Sutter St,94590,2710
2194,6288,Ruthland Rd,94611,2341
2195,4803,Nevada Avenue,37209,23367
2196,2401,W Alta Road,61615,6745
2197,13145,N US Highway 183,78750,23608
2198,416,Summit Ridge Place #302,32779,3755
2199,201-203,Chester Pike,19078,21747
2200,511,S 31st St,68105,15635
2201,9323,Manchaca Road,78748,23608
2202,4600,West Guadalupe,78751,23608
2203,13010,Ridgeline Boulevard,78613,23608
2204,1,Gabriels Bluff Drive,78626,24036
2205,10500,Lakeline Mall Dr,78717,23608
2206,12001,Metric Boulevard,78758,23608
2207,2015,Cedar Bend,78758,23608
2208,2700,Manor,78722,23608
2209,1200,E Old Settlers Boulevard,78664,24656
2210,615,West St Johns,78752,23608
2211,4400,Old CT Rd,21208,10351
2212,1800,S Ih 35 Frontage Road,78704,23608
2213,739,W William Cannon,78745,23608
2214,1938,E Sonterra Boulevard,78259,24679
2215,7910,Crystal Point,78251,24679
2216,1711,Whipple Dr,24060,25282
2217,1221,S Congress Avenue,78704,23608
2218,2613,Rogers Avenue,78722,23608
2219,325,Octavia St,94102,2528
2220,1911,Willow Creek Drive,78741,23608
2221,291,North Thompson St,12306,18198
2222,2506,Hope Way Ln,28262,14298
2223,5812,Virginia Avenue  10,90038,2196
2224,222,S Hope St,90012,2196
2225,1225,Filbert Road G2,98036,26451
2226,5703,Forbes Avenue,15217,21669
2227,3480,Caminito Daniella,92014,2525
2228,5200,N Lamar Boulevard,78751,23608
2229,4911,Manchaca Rd,78745,23608
2230,1199,Whitney Ave,06517,3275
2231,5748,S Blackstone Avenue,60637,6061
2232,8341,Dunbarton Ave  8341,90045,2196
2233,644,N Normandie Avenue  2,90004,2196
2234,2800,Barton Bluff Lane,78746,23608
2235,12800,Center Lake Drive,78753,23608
2236,12000,Hayes St,66213,8245
2237,507,Pressler St,78703,23608
2238,370,Waterside Avenue,44614,18697
2239,814,W Kalamazoo Avenue,49007,11297
2240,193,Superior Drive Apartment C,95008,1751
2241,624,Shrader St Unit 7,94117,2528
2242,7305,16th Ave Northwest Unit B,98117,26594
2243,8690,Aquarius Drive,92126,2525
2244,809,Sybil St,48104,10913
2245,1000,Douglas St NW  A,49504,11204
2246,855,Chambers Road,43212,18753
2247,2216,Plum Ln,76010,23596
2248,5430,South Cornell Ave,60615,6061
2249,115,E Johnson St,53703,27074
2250,14811,West Rd,77095,24134
2251,6419,Brookgate Dr,77373,24764
2252,1523,Roswell Rd,30062,4306
2253,441,Dillon Dr,30134,4145
2254,450,East Walnut St,46202,7390
2255,11453,W Burgundy Avenue,80127,3021
2256,1800,Broadway,78215,24679
2257,919,N Stone Avenue,85705,1570
2258,3102,Dodge St,68131,15635
2259,3816,N 109th Plaza,68164,15635
2260,7250,Perkins Rd,70808,9183
2261,3010,W Loop 1604 N,78251,24679
2262,101,Champions Vue Loop,33897,3593
2263,2400,Howell Branch Rd,32792,3971
2264,3402,Orchard Ln #103,61239,6021
2265,900,Crampton Ave,61239,6021
2266,501,Chapel Dr,32304,3929
2267,57,Charter Oak Ave,06106,3278
2268,870,Lafayette Avenue,14209,17193
2269,100,Parkview Ln,61874,6863
2270,404,E Clark,61820,6046
2271,1021,S Razorback Rd,72701,928
2272,685,S Limestone,40508,8803
2273,1420-1422,Watson Way,50665,5319
2274,1404,Main St,50613,4798
2275,1475,Knights Row,95991,2794
2276,820,Rosewood Drive  B 112,44035,18827
2277,101,N Busey,61801,6995
2278,5437,Bowman Road,31210,4300
2279,453,S 9th St,47901,7419
2280,905,N 7th St,47904,7419
2281,910,Cypress Station Drive,77002,24134
2282,45,Vantage Way,37228,23367
2283,106,Plantation Pointe Loop,28117,14618
2284,1020,S Rome Ave,33606,3930
2285,951,W Orange Grove Rd,85704,1570
2286,7730,E Broadway,85710,1570
2287,22,Gold St,06519,3315
2288,782,East Butler Rd,29662,22519
2289,4637,Asher Heights,80917,2872
2290,430,C Nancy Ln,54162,27227
2291,4800,Excelsior Boulevard,55416,12377
2292,941,Clubhouse Lane,63366,13143
2293,400,South Main St,90013,2196
2294,8501,East Alameda Ave,80230,2894
2295,11806,NE 122nd Avenue,98682,26658
2296,615,E Armour Boulevard,64111,12967
2297,701,N 13th St,89101,16968
2298,3609,Jimmy Johnson Blvd,77642,24555
2299,631,E 22nd Avenue,99503,11
2300,706,S Locust,61820,6046
2301,5415,Maple Avenue,75235,23861
2302,13015,Audelia Rd,75243,23861
2303,13313,Cutten Rd,77069,24134
2304,2101,Kingsley Drive,77584,24515
2305,6800,Gaston Road,77494,24189
2306,5105,Airline Dr,77022,24134
2307,1221,N Pierce St,22209,25242
2308,1084,Howell Mill Rd NW,30318,4008
2309,65,Brainerd Road,02134,9606
2310,23529,60th Ave South,98032,26414
2311,12821,126th Way Northeast,98034,26418
2312,31912,3rd Place Southwest,98023,26360
2313,17201,E Walsh Way,80017,2817
2314,2910,Buford Dr NE,30519,4058
2315,668,Spring Oak Road,93010,1744
2316,814,California St,94108,2528
2317,6200,Franklin Ave,90028,2196
2318,6200,Hollywood Blvd,90028,2196
2319,7205,West McDowell Rd,85035,1494
2320,411,E Indian School Rd,85012,1494
2321,4860,Cypress Woods Drive,32811,3834
2322,5050,Schooner Cove Drive,48197,11735
2323,255,Sweet Martha Dr,28115,14618
2324,2907,Crescent Star Rd,77388,24764
2325,22502,Guardsman Ln,77449,24189
2326,2424,Ensenada Ln,76108,24001
2327,7203,Gore Dr,77016,24134
2328,1180,Genei Court E,48601,11580
2329,614,School Place,53090,27374
2330,8630,Easton Commons Dr,77002,24134
2331,2250,Eldridge Parkway,77002,24134
2332,3131,Memorial CT,77002,24134
2333,470,Middle St,23704,25752
2334,1406,Main St North,58854,15259
2335,91,28th St,23607,25701
2336,520,S Mariposa Avenue,90020,2196
2337,829,Bayonet Drive,57719,22702
2338,540,Sausalito,94965,2569
2339,2500,Holton St,32310,3929
2340,865,871 Sonoma Ave,95404,2564
2341,2,West Avenue,12866,18230
2342,3901,Campbellton Road,30331,4008
2343,17840,N Black Canyon Highway,85053,1494
2344,3721,27th Place W,98199,26594
2345,1475,W Adams Boulevard,90007,2196
2346,1400,Rosa Parks Boulevard Unit 205,37208,23367
2347,948,E Devonshire Ave,85014,1494
2348,1414,Euclid Avenue,30307,4008
2349,1701,Lobdell Ave. Unit #13,70806,9183
2350,1201,River Dr,99116,26312
2351,1229,Virginia Ave NE,30306,4008
2352,4511,Twain Cir  304,50014,4689
2353,408,Sharon Rd,15108,20811
2354,435,S Forest St Unit #4,80246,2894
2355,220,S Corse Avenue,57328,22742
2356,607,E 2nd Avenue,48502,11159
2357,291,Millburn Avenue,07041,16338
2358,665,Saratoga Rd,12831,17528
2359,451,Newton Place NW,20010,3439
2360,6507,6510 Ocean Crest Dr,90275,2461
2361,1640,North Water St,53202,27114
2362,3030,Congress Boulevard #134,70808,9183
2363,117,Alder Avenue SE,32548,3644
2364,2524,W Glenrosa Drive,85017,1494
2365,607,N Bay Front,92660,2315
2366,6240,N Park Meadow Way,83713,5613
2367,7114,NE 144th Ave,98682,26658
2368,807,Meadowcreek Dr,78664,24656
2369,505,North Tyler Rd,67212,8411
2370,667,McVey Avenue,97034,20327
2371,311,Weston Cir,92083,2729
2372,16323,37th Drive SE,98012,26258
2373,503,Briar Cir N,19530,21255
2374,4598,Slater Rd,55122,11943
2375,2600,Celebration Cove,71105,9536
2376,2435,Madison Avenue,21217,10082
2377,1319,Jones St,68102,15635
2378,740-760,SE Cedar St,97123,20297
2379,1540,Golden Valley Lane/1800-1820 16th St NW,58703,15139
2380,1526,16th Avenue SW,58701,15139
2381,2717,5th St NW A B C D And E,58703,15139
2382,2901,7th St SW,58703,15139
2383,1263,Shades Terrace,35010,486
2384,11255,SW Greenburg Rd,97223,20463
2385,601-617,S 31st Ave,68105,15635
2386,628,Park Ave,68105,15635
2387,113,Gold Strike Drive,68701,15622
2388,505,525 605  705 Park St,58701,15139
2389,1801,Fortview Rd,78704,23608
2390,1620,E Riverside,78741,23608
2391,8700,Brodie Lane,78745,23608
2392,2202,W North Loop Boulevard,78753,23608
2393,1401,Satellite View,78665,24656
2394,4646,Mueller Boulevard,78723,23608
2395,1801,Palm Valley Boulevard,78665,24656
2396,1200,Barton Hills Drive,78704,23608
2397,1430,Main St,78613,23768
2398,12300,Hymeadow,78750,23608
2399,10505,S Ih 35,78747,23608
2400,2909,Cole Avenue Unit 790,75204,23861
2401,4021,Steck Avenue,78759,23608
2402,517,E Oltorf St,78704,23608
2403,8301,S Interstate 35,78744,23608
2404,6700,S Santa Rosa Place Apartment 6,57108,22961
2405,1900,E Oltorf St,78741,23608
2406,3106,Speedway,78705,23608
2407,1855,White Columns Drive  3bd3ba,65401,13254
2408,1308,McKie Dr,78752,23608
2409,131,French Landing Drive,37228,23367
2410,12133,Dessau Road,78754,23608
2411,302,308 Washington St,02135,9650
2412,3101,Shoreline Drive,78728,23608
2413,901,Big Rocky Bend,78626,24036
2414,38179,Copperwood St,92562,2300
2415,115,Stone Mountain Rd,78626,24036
2416,6107,E Riverside Dr,78741,23608
2417,1176,Rose Marie Ln,95207,2630
2418,2823,Misty Waters Drive,30032,4135
2419,700,Hearn St,78703,23608
2420,2919,Ocean Front Walk,90291,2717
2421,516,South Rawlings St,62901,6022
2422,1446,Eberhart,62025,6185
2423,405,Cobblestone Loop SW,58554,15112
2424,2302,30th St,79411,24316
2425,1941,California St,94040,2297
2426,8179,Vivian St,80005,2813
2427,523,White Oak Cir,35096,519
2428,1127,Rutherford Rd 864-244-0899,29609,22447
2429,5633,Melendy Drive,98260,26432
2430,1716,Amber Lane,75075,24543
2431,719,Calle Divino,92672,2524
2432,6813,Grimes Place N,55429,11830
2433,380,Mather St,06514,3275
2434,7744,Lasalle Ave. Unit #31,70806,9183
2435,12066,167th Place NE,98052,26568
2436,153,Kayla St,71105,9536
2437,200,Harbor Dr 302,92101,2525
2438,14597,Parker Court,75001,23560
2439,3539,27th Place W,98199,26594
2440,1405,Bass Avenue,65201,12719
2441,104,Birkdale Court,23693,25955
2442,907,SW 37th,73160,19924
2443,9600,Woodvale Drive,78729,23608
2444,4539,Guadalupe St,78751,23608
2445,1085,E Independence St,78942,24037
2446,1635,Washington Avenue,63103,13272
2447,1110,Washington Avenue,63101,13272
2448,100,Commercial Park Court,72113,1089
2449,1904,Geddes Avenue,48104,10913
2450,1247,Woodward Avenue,48226,11096
2451,1199,Arbor Drive,48823,11113
2452,7759,Skyhill Drive,90068,2196
2453,2761,Fountainhead Dr,94583,2550
2454,2292,Cannon Gate Fallbrook CA,92028,2525
2455,845,Hillsdale Ave Unit 2,95136,2534
2456,737,South 11th St,95112,2534
2457,757,N Saint Andrews St,67230,8411
2458,775,Liberty Bell Run,30548,4239
2459,1149,Sanchez St,94114,2528
2460,450,J St Unit 411,92101,2525
2461,222,Montgomery St SE  1,49507,11204
2462,210,S Montgomery St,39759,13772
2463,130,S Sepulveda Boulevard,90049,2196
2464,3560,Midland Drive,84401,25219
2465,7000,Fernwood Dr,28211,14298
2466,3009,Pennsylvania Avenue,63118,13272
2467,1110,E Ogden Avenue,53202,27114
2468,416,Russell Walk,53703,27074
2469,751-755,Mount Curve Boulevard,55116,12380
2470,3070,East Frontera,92806,1621
2471,12902,SE 312th St,98092,26240
2472,20921,44th Avenue W,98036,26451
2473,1333,Northeast 5th Terrace,33304,3637
2474,1520,Gough St,94109,2528
2475,5623,Hamilton Wolfe Dr,78240,24679
2476,8200,North Laurelglen Boulevard,93311,1655
2477,790,North Cedar Bluff Rd,37923,23286
2478,220,Burma Rd,29072,22498
2479,208,Longshadow Dr,29072,22498
2480,2925,Tremont St,80907,2872
2481,2105,S Federal Way,83705,5613
2482,20-28,E Daniels,45219,18731
2483,434,Leavenworth St,94102,2528
2484,3737,Waterford Way,37013,23047
2485,2,Trail Run,06066,3403
2486,5555,East 14th St,85711,1570
2487,8825,Hickman Rd,50322,5512
2488,2570,1st Avenue S,50009,4686
2489,55,East Green St,61820,6046
2490,1106,S Euclid,61820,6046
2491,201,S Elm St,61820,6046
2492,621-623,E Green,61820,6046
2493,260,N Scott Blvd,52245,5068
2494,1634,S Marion Avenue,65807,13312
2495,1340,W 26th Avenue,99503,11
2496,2200,University Suites Drive,27834,14446
2497,308,S 9th St,65201,12719
2498,1915,Main St,50613,4798
2499,900,David CT,42701,8618
2500,3638,5th St,57702,22935
2501,1636,N 3rd Ave,54401,27367
2502,5333,SW 75th St,32608,3650
2503,145,S Grand St,80621,2929
2504,6610,College Park CT SW,52404,4799
2505,2040,Glass Road NE,52402,4799
2506,4009,West Newcome Drive,57106,22961
2507,805,W Oregon,61801,6995
2508,510,E White,61820,6046
2509,905,Welch Drive,61820,6995
2510,818,W Main St,54944,26998
2511,3620-3680,42nd St S,58104,15016
2512,400,1st Ave NW,55901,12348
2513,2053,Willowbrook Dr,47906,7763
2514,2,N 9th St,47901,7419
2515,18,S 4th St,47901,7419
2516,2817,Horizon Dr,47906,7763
2517,95,E 2nd St,54935,26918
2518,611,S Bernard St,99204,26616
2519,5310,West Keller Rd #4,47304,7523
2520,3610,Twana Dr,50310,4889
2521,626,Shug Jordan Parkway,36832,252
2522,4,Sweetberry CT,29063,22469
2523,313,Upton Grey Rd,29063,22469
2524,600,Willard St,27701,14364
2525,3220,Connecticut Avenue NW,20008,3439
2526,5115,E 47th Place,74135,20088
2527,20303,Stone Oak Parkway,78258,24679
2528,404,Chamberlain Avenue,53726,27074
2529,409,W Wilson St,53703,27074
2530,5401-B,W Presidio Ln,53223,27114
2531,6373,Meadows Way,43026,18939
2532,5350,Silverthorne Road,43081,19529
2533,1717,E Birch St,92821,1714
2534,18049,SW Lower Boones Ferry Road,97224,20463
2535,1980,SE Morrison St,97214,20400
2536,18851,W 153rd CT,66062,8230
2537,8501,N Platte Purchase Dr,64155,12967
2538,9401,South Shartel,73139,19959
2539,500,31st St,50312,4889
2540,4221,Laurel St,99508,11
2541,2225,Arctic Boulevard,99503,11
2542,9300,Marino Circle,34114,3801
2543,53,E Chalmers,61820,6046
2544,4200,Horizon North Parkway,75287,23861
2545,2727,Bens Branch Drive,77339,24211
2546,1740,Century Cir,30345,4008
2547,2,Long Dr,30188,4568
2548,50,Woodview Way,01810,9609
2549,1025,Post St,94109,2528
2550,22817,Lakeview Dr,98043,26495
2551,4301,Raleigh CT,79707,24387
2552,4400,21st St SE,58554,15112
2553,100,S Reynolds St,22304,25231
2554,2600,Ventura Dr,75093,24543
2555,13300,North 88th Avenue,85381,1491
2556,8800,Doral Boulevard,33178,3605
2557,142,Rodney Court,53715,27074
2558,200,Water St,77598,24900
2559,4114,Hartford Dr,75043,24029
2560,1221,Southridge Dr,75146,24245
2561,1124,Maplewood Ln,76036,23848
2562,14500,Bannister Road,64139,12967
2563,22800,Bulverde Rd,78261,24679
2564,116,Vanderheck,78209,24679
2565,4620,N Braeswood Boulevard,77002,24134
2566,13333,West Rd,77002,24134
2567,2041,San Sebastian Court,77002,24134
2568,2323,Eldridge Parkway,77002,24134
2569,1822,Barker Cypress,77002,24134
2570,3363,McCue Road,77002,24134
2571,11900,City Park Central Ln,77002,24134
2572,9407,Westheimer Road,77002,24134
2573,6610,Germantown Avenue,19119,21658
2574,905,North Dakota,50014,4689
2575,4555,Mangrove Dr,94568,1890
2576,980,Lassen Drive,94025,2248
2577,901,N Dunn,47408,7149
2578,9181,Town Square Boulevard Suite 1241,79119,23580
2579,3220-3224,W St,95817,2511
2580,0,Macarthur Square Llc  Residential 5000 South Macarthur Ln,57108,22961
2581,3200,N Macgregor Way,77004,24134
2582,2628,E 8th St,74104,20088
2583,1201,Kensington Ln,73538,19741
2584,8350,Wingate Dr #912,34238,3903
2585,714,N 95th St,98103,26594
2586,1616,Anthony St,65201,12719
2587,7228,N Burlington Avenue,97203,20400
2588,2919,West Avenue,78705,23608
2589,191,Hamilton St,08901,16374
2590,337,E 4th Avenue,99501,11
2591,2450,Overlook Rd,44106,18739
2592,28155,Encanto Drive,92586,2247
2593,2500-2510,Folsom St,94110,2528
2594,1260,NW Naito Parkway #408b,97209,20400
2595,731,E Thompson St,19125,21658
2596,1765,W 70 S Cir,84770,25170
2597,340,North 12th St,19107,21658
2598,4215,Brockmont Avenue NE,87108,16594
2599,151,S Bishop Ave,19018,21821
2600,2633,55th St S,58104,15016
2601,10,Santa Fe Avenue,94801,2482
2602,4014,Tamara Way,46131,7311
2603,110,East Olive St,59715,13871
2604,1401,N Dakota,50014,4689
2605,59,W 1060 N,84737,25070
2606,3309,Cherokee Circle,66503,8152
2607,339,Por Lane Mar Cir,93103,2555
2608,526,N Lincoln,47408,7149
2609,4237,Higel Avenue Sarasota,34242,3903
2610,839,State St,98225,26248
2611,13122,N St,68137,15635
2612,14675,Nordhoff St,91402,2383
2613,14200,43rd Avenue N,55446,12319
2614,4405-4527,NE Hoyt St,97213,20400
2615,303,11th St N,58102,15016
2616,4637,Sara Road,31605,4528
2617,2675,SE 162nd Avenue,97236,20400
2618,11402,Washington Place,90066,1851
2619,101-114,S Hosta Avenue,57110,22961
2620,1297,Shades Terrace,35010,486
2621,92,Plains Road,06461,3302
2622,3009,43rd Avenue NE,58503,14943
2623,0,Parkview 800 SE 10th Avenue,97123,20297
2624,3414,21st Avenue NW/2220 35th St NW/2213 33rd St NW/3312 21st Avenue NW,58703,15139
2625,2102-2258,Landmark Cir,58703,15139
2626,8692,Waksman Place,32827,3834
2627,8800,Hwy 290 W,78736,23608
2628,180,Hunting Lodge Road,06268,3388
2629,325,Jerry Place,57064,22976
2630,1003,Justin Ln,78757,23608
2631,8912,North Lamar,78753,23608
2632,1622,Aurora Avenue N,98109,26594
2633,2000,S Lakeline Boulevard,78613,23768
2634,12638,Ridgeline Boulevard,78613,23608
2635,300,East Ivy Road,57064,22976
2636,110,Jacob Fontaine Lane,78752,23608
2637,6535,N 17th Avenue,85015,1494
2638,1016,Stassney Ln,78745,23608
2639,105,N Austin Avenue,78626,24036
2640,211,Wexford Dr,45050,19140
2641,8300,Bluff Springs Road,78744,23608
2642,215,S Lamar Boulevard,78704,23608
2643,2038,Lake Murray Boulevard,29212,22381
2644,6270,W Sunset Boulevard,90028,2058
2645,7227,E Highway 290,78723,23608
2646,4810,McKinney Avenue Unit 1053,75205,23861
2647,3817,Dawson St,15213,21669
2648,208,Wexford Dr,45050,19140
2649,221,Regent Court,94503,1620
2650,3398,E 6th Avenue,74074,20059
2651,0,Lake Pointe Apartments 3413 53rd Avenue N,55429,11830
2652,7616,N Marshfield Ave,60626,6061
2653,1079,Springhouse Rd,29210,22381
2654,2511,W Braker Ln,78758,23608
2655,1,Brown St,19123,21658
2656,1521,Sherwin W Ave,60626,6061
2657,3901,Dallas St,72903,936
2658,350,N Saint Paul St Unit 694,75201,23861
2659,22277,W 12 Mile Road,48034,11629
2660,250,Treeline Park,78209,24679
2661,609,Buena Vista Drive,78596,24909
2662,1529,Barton Springs Road,78704,23608
2663,350,E Virginia Circle,85004,1494
2664,18605,Ave,33558,3760
2665,5933,Sunstone Dr Unit 402,95132,2534
2666,389,Belmont St Unit 202,94610,2341
2667,10419,Pecne Path,78023,24109
2668,6473,Melody Rose Avenue,89108,16968
2669,820,3rd St,57701,22935
2670,6206,114th Ave NE,98033,26418
2671,5305,Lakemont Boulevard SE,98006,26247
2672,451,Shore Acres Road,21012,10078
2673,1706,Fairway Drive,99362,26666
2674,21,N Butler St,53703,27074
2675,309,E Gorham St,53703,27074
2676,20,Bentley St,02135,9643
2677,35,E St NW,20001,3439
2678,13865,Interurban Ave South,98168,26647
2679,0,100th Avenue NE,98004,26247
2680,2314,Pleasure Run Dr,33570,3887
2681,4013,Forecast Dr,33511,3539
2682,65,Buena Vista Ave East,94117,2528
2683,0,22nd Ave,94121,2528
2684,1654,Post Road,78666,24687
2685,210,E Sonterra Boulevard,78258,24679
2686,2898,Jackson St,94115,2528
2687,424,North Cedar Bluff Rd,37923,23286
2688,500,Gingerbread CT S,29229,22381
2689,6633,Palace Dr,80918,2872
2690,1400,N Woodlawn,67208,8411
2691,3662,Ingersoll Avenue,50312,4889
2692,2700,East 53rd St,52807,4869
2693,400,Duboce Ave,94114,2528
2694,1432,NE 7th St,73117,19959
2695,840,California St,94108,2528
2696,932,East 900 South,84105,25173
2697,4599,Redman Rd,14420,17182
2698,5528,Meredith Dr,50310,4889
2699,1340,42nd St,50266,5556
2700,804,W Illinois,61801,6995
2701,4501,E 3rd St,47401,7149
2702,1910,E Wellesley Avenue,99207,26616
2703,1111,Stadium Dr,72701,928
2704,2200,N 12th St,72756,1210
2705,2601,North Cresthaven,65803,13312
2706,2320,S Ingram Mill Road,65804,13312
2707,565,W Bryant,65810,13312
2708,3531,E 42nd Avenue,99508,11
2709,413,Hunt Club Rd,24060,25282
2710,415,Mitzi St #7,49445,11455
2711,3320,West 4th St,50701,5536
2712,304,W 14th,47404,7149
2713,211,W Longleaf Dr,36832,252
2714,220,Chapman Dr Apartment 801a,46552,7531
2715,2416,E Stone Drive,37660,23283
2716,230,Silver Lake Road,37642,23117
2717,52,E Armory,61820,6046
2718,8303,Skillman St,75231,23861
2719,905-907,W Oregon,61801,6995
2720,105,S Wright,61820,6046
2721,3899,Ledyard St,47906,7763
2722,108,N Salisbury St,47906,7763
2723,102,W Wood St,47906,7763
2724,2110,McCormick Road,47906,7763
2725,906,N 7th St,47904,7419
2726,305,N Salisbury St,47906,7763
2727,215,Fowler Avenue,47906,7763
2728,2251,Sagamore Parkway,47906,7763
2729,510,Salem St,47904,7419
2730,3207,Majestic Ln,47909,7419
2731,514,N 7th St,47901,7419
2732,2110,Bill McDonald Parkway Suite 1,98225,26248
2733,1100,Langwick Drive,77060,24134
2734,1000,Greens Road,77060,24134
2735,1913,Anderson Ave,66502,8152
2736,2343,Blackthorn Dr,46131,7311
2737,5035,Cabin Lake Dr,78244,24679
2738,5716,Cheval Ln,46235,7390
2739,66,Forest Trail CT,29212,22381
2740,65,Bay St,07302,16260
2741,1551,Echo Park Avenue,90026,2196
2742,1525,Little Bluestem Court,50010,4689
2743,3825,Anthem Way,85086,1341
2744,3411,Gateshead Manor Way,20904,10402
2745,2855,W Anklam Rd,85745,1570
2746,11,Maverick Drive,29670,22570
2747,3630,Rialto Heights,80907,2872
2748,1014,Angela Dr Apartment A,46536,7425
2749,19275,Stone Oak Parkway,78258,24679
2750,206,N Pinckney St,53703,27074
2751,8183,N 107th St,53224,27114
2752,5100,Wayzata Blvd,55416,12026
2753,3036,W Lake St,55416,12225
2754,441,W 3rd St,90731,2547
2755,2901,East Yorba Linda,92831,1981
2756,9110,East Florida Ave,80247,2894
2757,16801,SE 1st St,98684,26658
2758,6650,E Russell Rd,89122,16968
2759,4244,S Hydraulic Avenue,67216,8411
2760,7201,Lake Arthur Dr,77642,24555
2761,4982,Tippecanoe Dr,47715,7284
2762,4249,Fifth Ave,70607,9390
2763,2619,Wilshire Boulevard,90057,2196
2764,5105,S Harper Ave,60615,6061
2765,4721,29 South Ellis St,60615,6061
2766,5657,Amesbury Dr,75206,23861
2767,2828,Greenbriar,77098,24134
2768,7035,Blair Rd NW,20012,3439
2769,2745,29th St NW,20008,3439
2770,227,South Armenia Avenue,33609,3930
2771,1420,South Hairston Road,30088,4479
2772,202-204,Arsenal St,02472,10009
2773,339,D St,02127,9643
2774,50,Station Landing,02155,9824
2775,2088,E Lakeshore Drive,92530,2145
2776,27625,E Trail Ridge Way,92555,2284
2777,17300,135th Ave NE,98072,26687
2778,12722,SE 312th St,98092,26240
2779,4504,W Spruce St,33607,3930
2780,15175,Integra Junction,33556,3824
2781,358,Potomac Way,80011,2817
2782,4775,Oakwood Dr,79761,24477
2783,1312,W 8th St,46016,7116
2784,4242,Via Marina,90292,2226
2785,315,North Associated Rd,92821,1714
2786,1701,E Debbie Ln,76063,24331
2787,1033,N Parkside Drive,85281,1557
2788,11239,SE 260 St,98030,26414
2789,18102,Talavera Ridge,78257,24679
2790,2305,Hayes Road,77077,24134
2791,3100,Post Oak Boulevard,77056,24134
2792,2443,Pechora Pipit,78130,24446
2793,3390,Watson Gate Rd,30052,4287
2794,853,Beaver Creek Dr,76028,23729
2795,940,Harbon Dr,46131,7311
2796,12519,Panthersville Dr,28269,14298
2797,16426,Peyton Ridge Cir,77049,24134
2798,12111,Fall Meadow Ln,77039,24134
2799,334,Harvard St,02139,9659
2800,5455,Rowley Road,78240,24679
2801,5503,Research Drive,78240,24679
2802,6701,Westwood Blvd,32821,3834
2803,1200,Winrock Blvd,77002,24134
2804,1414,S Dairy Ashford Rd,77002,24134
2805,1536,Little Bluestem Court,50010,4689
2806,481,E Ellendale Avenue,97338,20227
2807,128-30,West 2nd St Putnam,52801,4869
2808,1743,W Summit Unit 2,78201,24679
2809,1623,N Jackson St,53202,27114
2810,2493,Parkdale Place NE,30305,4008
2811,1155,4th St,94158,2528
2812,2501,W 182nd St,90504,2679
2813,2360,Commerce Boulevard,55364,12243
2814,7625,Hillview Dr,89506,16993
2815,2346,Smythe Ave. #10,92173,2552
2816,2417,2nd St,90405,2562
2817,8919,Burton Way,90048,2196
2818,0,Evans Apartments Llc 4851-57 S Evans/740-42 E 49th St,60615,6061
2819,0,Greenview Apartments Inc 1501-07 W Granville Ave./6148-50 N Greenview Avenue,60660,6061
2820,110,N Roosevelt St,47408,7149
2821,3550,Lebon Dr.#6103,92122,2525
2822,2152,N 112th St #412,98133,26594
2823,516,Dawson Road,78704,23608
2824,3400,S Main St,92707,2554
2825,609-708,E Agassiz Cir SE,58301,14991
2826,209,Stellar,92618,2086
2827,615,Maple St,49307,10964
2828,3675-3773,King St,91941,2129
2829,4483,SE Roethe Road,97267,20356
2830,2420-2444,"E 5th St 01-12,14-15",90814,2190
2831,1113,13th St,95404,2564
2832,3804,Farnam St,68131,15635
2833,1405,Clearfield,78758,23608
2834,3208,3210 Warrensville Center Rd,44122,19383
2835,735,NW 29th St,97330,20216
2836,7220,E McKellips Road,85257,1533
2837,1010,State St,42101,8499
2838,18525,NE Marine Drive Slip E-5,97213,20400
2839,6195,N Minnesota Avenue,97217,20400
2840,200-206,W Maple St,91204,1996
2841,3602,S 900 E Or 889 Colony South,84106,25173
2842,0,Olp 5264 NE 121st Ave,98682,26658
2843,199,South Allen St,12208,17029
2844,401,E Grimes St,78550,24096
2845,1405,SW Park Avenue,97201,20400
2846,360,S 400 West,84101,25173
2847,10205,Linwood,71106,9536
2848,113,Conner Drive Unit 201,27514,14297
2849,8,N Keene St,65201,12719
2850,3788,Elliott St,92106,2525
2851,305,N 6th St,99004,26287
2852,4107,Yankee Drive,91301,1600
2853,14913,48th Avenue W #C-3,98026,26339
2854,11313,NW 121st Place,73099,20144
2855,1015,Unaweep Ave,81503,2952
2856,300,Martin Luther King Jr Dr SE,30312,4008
2857,1,Oak Creek Lane,48340,11524
2858,637,South 600 East,84102,25173
2859,1319,Park Road NW,20010,3439
2860,490,Pioneer Rd,83440,5792
2861,14045,23rd Place NE,98125,26594
2862,4330-4336,Fuchsia Dr,98226,26248
2863,828,4th St,90403,2562
2864,5445,Caruth Haven Lane,75225,23861
2865,18255,Manorwood South,48038,11049
2866,177,SE 5th Avenue,97123,20297
2867,1914,S 20th St,58201,15047
2868,1431,SW Park Avenue,97201,20400
2869,1916,Dyke Avenue,58203,15047
2870,4904,Jarvis St,79416,24316
2871,900b,Crescent St,60187,7062
2872,9404,9406 9408 Ferrara Dr,71118,9536
2873,2717,SE Chestnut St,97267,20400
2874,7790,N Froman Avenue,83714,5613
2875,1856,East 25th St A-F,94606,2341
2876,475,Alcatraz Ave 01-12,94609,2341
2877,751,E Holly St,83712,5613
2878,2615-2631,SE 111th Avenue,97266,20400
2879,3484,Dana Grey,79938,23939
2880,120,47th Avenue N,33703,3895
2881,3591,Kernan Boulevard S Unit 304,32224,3706
2882,5909,Royalgate Drive,78242,24679
2883,12316,32nd Avenue NE,98125,26594
2884,550,50th Avenue N,33703,3895
2885,16235,SE Brooklyn St,97236,20400
2886,2046,Chadds Ford Drive,20191,25780
2887,2229,McGee Avenue,94703,1676
2888,3005,Harney St,68131,15635
2889,4406,Cahuenga Boulevard,91602,2675
2890,1829,Furness St,55109,12380
2891,10300,Jollyville,78759,23608
2892,525,22nd Ave NW,58703,15139
2893,1808,NE Weidler St,97232,20400
2894,3009,Harney St,68131,15635
2895,632,Meadow Place,50010,4689
2896,3334,Harvest Hills Ave NW,58703,15139
2897,1512-14,S 16th Avenue,98902,26690
2898,534-542,Park Ave,68105,15635
2899,421,West 3rd St,78701,23608
2900,9617,Great Hills Trail,78759,23608
2901,3701,Quick Hill Road,78728,23608
2902,300,S Lamar,78704,23608
2903,13201,Legendary Dr,78727,23608
2904,1616,Royal Crest Drive,78741,23608
2905,7601,Rialto Boulevard,78735,23608
2906,2101,Elmont Drive,78741,23608
2907,1007,E Rundberg Ln,78753,23608
2908,8924,SW 30th Avenue,97219,20400
2909,12113,Metric Boulevard,78758,23608
2910,670,Louis Henna Boulevard,78665,24656
2911,333,Slaughter Lane East,78744,23608
2912,10101,S.1st St,78748,23608
2913,7631,U.S Highway 290 West,78736,23608
2914,7714,Louis Pasteur Drive,78229,24679
2915,10801,Ih 35,78747,23608
2916,400,S Hall St Unit 763,75226,23861
2917,1901,Knightsbridge Road Unit 820,75234,23971
2918,3663,Cedar Springs Road Unit 692,75219,23861
2919,4306,N Quinlan Park Rd,78732,23608
2920,12,Melrose Terrace,01880,10001
2921,3785,Yates St  Bh,80212,2894
2922,10800,Lakeline Boulevard,78717,23608
2923,2323,Wolf Ranch Parkway,78628,24036
2924,1851,N Birdsell Dr Unit 1,99623,218
2925,2005,Willow Creek,78741,23608
2926,1235,Federal St  1,19147,21658
2927,8717,Watson Rd,63119,13272
2928,1326,Florida Avenue NE,20002,3439
2929,2300,Charlotte Avenue,37203,23367
2930,910,S 17th St,58201,15047
2931,127,E Riverside Drive,78704,23608
2932,5615,Hempstead Road,15217,21669
2933,200,Mercedes Court Unit 201,27939,14439
2934,4435,Piedmont Ave Unit 304,94611,2341
2935,900,Babcock Road,78201,24679
2936,642,Todhunter Rd,45050,19140
2937,3210,S Woodfield Boulevard,49783,11598
2938,2140,W 137th Terrace,66224,8115
2939,5500,Highland Drive,72223,1061
2940,2157,Kenyon St Apartment A,44641,19050
2941,1538,Center St,48226,11096
2942,12680,Northeast 10th Place Unit B101,98005,26247
2943,10174,South Foothill Boulevard,95014,1852
2944,527,W Lafayette Boulevard,48226,11096
2945,34626,SE Swenson Drive,98065,26608
2946,3183,Wilshire Boulevard,90010,2196
2947,500,E Michigan Ave,48912,11113
2948,5222,S Drexel Avenue,60615,6061
2949,5759,Pineland Drive,75231,23861
2950,2612,W 2nd St,11223,17188
2951,88,Hammond St,02120,9643
2952,17103,Imperial Valley Drive,77060,24134
2953,4413,Shadberry Dr,33624,3930
2954,511,Four Mile Rd,22305,25231
2955,2929,Northeast 49th St,33308,3637
2956,201,222 South Huntington Avenue,02130,9643
2957,1555,Galindo St,94520,1827
2958,5218,SW Franklin Avenue,97005,20172
2959,7714,Kennedy Hill,78235,24679
2960,5803,Utsa Boulevard,78249,24679
2961,11630,S Hausman Road,78249,24679
2962,314,North Main St,74055,19968
2963,702,S Trenton,74120,20088
2964,2425,N Buckingham Rd,68025,15468
2965,1415,Cuming St,68102,15635
2966,5601,Coffee Rd,93308,1655
2967,4600,Burbank Dr,70820,9183
2968,920,Arcturus Dr,80905,2872
2969,5002,Wiseman Boulevard,78251,24679
2970,1400,E 105th St,44106,18738
2971,10471,Three Rivers Road,39503,13576
2972,2104,N Cahuenga Boulevard,90068,2196
2973,104,N Lincoln  809 W Stoughton,61801,6995
2974,51,E Green,61820,6046
2975,427,South Henderson St,47401,7149
2976,707,South Dubuque St,52240,5068
2977,2715,S Kimbrough Ave,65807,13312
2978,3900,S Lone Pine Avenue,65804,13312
2979,1130,S Scenic Ave,65802,13312
2980,6501,McArdle Road,78412,23829
2981,7601,9th Avenue,77642,24555
2982,380,Lincoln Hwy,19030,20978
2983,10916,75th St,53142,27026
2984,4930,Sugar Creek Dr,30518,4481
2985,1615,Kitty Hawk Drive,65202,12719
2986,3001,SW 24th Avenue,34471,3820
2987,410,Schindler Place,54952,27100
2988,0,12th St SW  Highway 52,55902,12348
2989,225,Northwestern Avenue,47906,7763
2990,433,Harrison St,47906,7763
2991,1549,Mill Creek Rd,30620,4027
2992,2529,N Erie St,43611,19455
2993,152,E Pecan St,78205,24679
2994,6255,White Rabbit Place,46235,7390
2995,10899,Rose Ln,46048,7391
2996,3136,Kasan CT,46268,7390
2997,117,Dean Crest Rd,29063,22469
2998,133,Quigley CT,29073,22498
2999,909,South Knott Ave,92804,1621
3000,18350,North 32nd St,85032,1494
3001,790,Lakeview Drive,53045,26779
3002,441,E Erie St,53202,27114
3003,7600-7700,Sunwood Drive NW,55303,12329
3004,222,Hennepin Ave S,55401,12225
3005,3100,SE 168th Ave,98683,26658
3006,15290,SW Millikan Way,97006,20172
3007,13903,Babcock Road,78249,24679
3008,415,E Pine St,32801,3834
3009,1505,Landings Dr,37027,23082
3010,190,East Front St Suite 112,83702,5613
3011,3500,Beaver Place Road,40503,8803
3012,810,E 42nd Avenue,99503,11
3013,2770,Power Center Parkway,70607,9390
3014,5240,N Sheridan Road,60640,6061
3015,5350,Amesbury Dr,75206,23861
3016,5140,Willis Avenue,75206,23861
3017,18021,Kingsland Blvd,77094,24134
3018,1723,Long Shadows Court,22192,25946
3019,801,15th St S,22202,25242
3020,505,18th St South,22202,25242
3021,3300,16th St NW,20010,3439
3022,14000,Biscayne Boulevard,33181,3812
3023,1405,South Lorenzo Ave,33629,3930
3024,4771,Walden Cir,32819,3834
3025,5000,S Lincoln Trace Avenue,30080,4464
3026,1126,Bush St,94109,2528
3027,25102,62nd Avenue S,98032,26414
3028,4021,McGinnis Ferry Road,30024,4487
3029,4675,Oakwood Dr,79761,24477
3030,1260,Republican St,98109,26594
3031,160,Sinclair St,89501,16993
3032,695,W 3rd St,89503,16993
3033,100,Lara St,20111,25634
3034,450,Hay St,28301,14402
3035,525,Glen Iris Drive NE,30308,4008
3036,530,East Paces Ferry Road,30305,4008
3037,5757,Five Flags Blvd,32822,3834
3038,2715,W Pebble Road,89123,16968
3039,1420,Key Parkway,21702,10208
3040,15050,Copper Grove Boulevard,77095,24134
3041,4217,Oliver Court,92109,2525
3042,25,Suncrest Dr,46143,7346
3043,515,Dry Creek Cir,46231,7390
3044,869,Pineridge Place SE,28025,14325
3045,6323,Mountain Pines Ln,77449,24189
3046,3446,Edgecreek Dr,77066,24134
3047,1507,Windmill Ln,75149,24380
3048,1529,Paintbrush St,75149,24380
3049,3838,Lockhill Selma Road,78230,24679
3050,5625,Hunters Valley CT,63129,13272
3051,12906,Brant Rock Dr,77002,24134
3052,14230,Wunderlich Dr,77002,24134
3053,2455,Dunstan Road,77002,24134
3054,3919,Essex Ln,77002,24134
3055,1875,Post Oak Park Dr,77002,24134
3056,8282,Cambridge,77002,24134
3057,3800,Audley St,77002,24134
3058,1050,Manhattan Boulevard,70058,9345
3059,4228,Serenity CT,58503,14943
3060,10,Basket CT,22554,25848
3061,413,S Lakota Cir,57005,22704
3062,2030,8th St NW Unit 207,20001,3439
3063,2210,North Glenville Dr,75082,24614
3064,728,Rock Creek Church Rd NW,20010,3439
3065,968,Kings Hwy,08086,16566
3066,3763,Bailey Road,60560,7104
3067,0,Homewood Apartments Llc 2420-30 W 183rd St,60430,6382
3068,2602,Pacific Coast Hwy,90505,2679
3069,925,Reverdy Ln,28105,14587
3070,812,Camino Viejo,93108,2277
3071,1800,Patton Ln,78723,23608
3072,5300,Vernon Ave South,55436,11952
3073,2902-2912,Jarvis St,92106,2525
3074,9119,Redwood Cir,78148,24858
3075,1825,Liberty Rd,40505,8803
3076,302,Island Ave,92101,2525
3077,481,Moore St  College Walk,30054,4375
3078,230,Campus Avenue,50014,4689
3079,1524,Bell St,79106,23580
3080,1408,W Washington Boulevard,90007,2196
3081,303,S Iowa St,51601,5434
3082,3102-3121,Commerce Place,27215,14270
3083,1006,Beachgrass Way,27948,14518
3084,2273,Lattice Lane,91915,1803
3085,519,Albee Farm Rd Unit 316,34285,3943
3086,992,N 2nd St,97381,20441
3087,500,N 7th St,72756,1210
3088,1320,Fillmore Avenue Unit 302,28203,14298
3089,2440,Kuhio Ave. 1010,96815,4600
3090,4435,N Greenview Avenue,60640,6061
3091,1574,Parkway Dr,95630,1956
3092,5401,E Van Buren St,85008,1494
3093,416,N Lincoln St,47408,7149
3094,2405,Whitney Ave,06518,3275
3095,2823-2835,W Maplewood Avenue,98225,26248
3096,1200,Sanpat Ln,62902,6022
3097,1136,W 6th St,90017,2196
3098,549,E Kellogg Rd,98226,26248
3099,5800,Harper Drive NE,87109,16594
3100,1919-B,Delta Avenue,37208,23367
3101,130,Waterman St,02906,22301
3102,200,West Cranford Ave,31602,4528
3103,0,Irvington Plaza Apartments 1902  1944 NE 17th Ave,97212,20400
3104,982,Prospect St Apartment #2,96822,4600
3105,110,Waterbury Court,48186,11711
3106,201,Trealout Dr Attn Leasing Office,48430,11151
3107,3715-3775,SW 108th Avenue,97005,20172
3108,1010,N 192nd CT 1004 N 192nd CT 1011 N 192nd CT,68022,15441
3109,1005,Legendary Dr,57032,22800
3110,98-1024,Alania St,96701,4582
3111,9577,White Oak Ln,50131,5078
3112,1001,S 19th St,58201,15047
3113,12-26,N Ardmore Ave,60181,7014
3114,1616,N Lane Brea Ave,90028,2196
3115,2409,N Duke St,27704,14364
3116,703,S Independence,79106,23580
3117,1441,Golf Terrace Boulevard,29501,22422
3118,15123,Killion St,91411,2586
3119,1,Summit Hill Way,12180,18385
3120,3009,NE 3rd Avenue,98607,26271
3121,540,S 5th St,95112,2534
3122,5307,Brydon Woods Cir,34771,3890
3123,1155,E 200 S,84102,25173
3124,916,Beaver Grade Rd,15108,20811
3125,20166,Spyglass Court,97045,20386
3126,818,North 39th St,58203,15047
3127,1031,Eagles Forrest Drive,32712,3505
3128,1015,N 39th St Unit G-26,58203,15047
3129,22307-22321,S Garden Ave,94541,2040
3130,1718,Esplanade,90277,2472
3131,10440,Paramount Boulevard,90241,1885
3132,1919,Burton Drive,78741,23608
3133,11915,Stonehollow Drive,78758,23608
3134,500,E Stassney Lane,78745,23608
3135,110-150,41st Ave SE,58701,15139
3136,318,S Commonwealth Avenue,90020,2196
3137,528,S 29th St,68105,15635
3138,11207,S Prairie Avenue,90303,2082
3139,501,Lawrence Road,19008,20680
3140,3805,2nd St NE,58703,15139
3141,1625,Crenshaw Boulevard,90019,2196
3142,531,Grand Blvd,64106,12967
3143,1621,E 6th St,78702,23608
3144,714,Turtle Creek Boulevard,78745,23608
3145,6001,Shepherd Mountain,78730,23608
3146,9218,Balcones Club Drive,78750,23608
3147,515,Palm Valley Boulevard,78665,24656
3148,4229,Langland St,45223,18731
3149,10701,South Ih-35,78747,23608
3150,6607,Brodie Ln,78745,23608
3151,51,Rainey St,78701,23608
3152,1316,Town Center Dr,78660,24531
3153,775,Melrose St,38104,23338
3154,1100,Hidden Valley Drive,78665,24656
3155,515,E Slaughter Ln,78744,23608
3156,3537,Clarington Avenue,90034,2196
3157,4548,Ave A,78751,23608
3158,172,Airport Rd,19720,3478
3159,2450,Roosevelt Avenue,78210,24679
3160,2132,Falcon Village Ln,78660,24531
3161,506,1st Ave NW,58554,15112
3162,222,West Avenue,78701,23608
3163,313,Creek Dr,19087,21717
3164,1404,E Riverside Drive,78741,23608
3165,11511,Metric Boulevard,78758,23608
3166,16021,Biltmore Avenue,78660,23608
3167,2811,Lane Frontera Boulevard,78728,23608
3168,1500,Lawnmont,78665,24656
3169,401,N Indiana,47408,7149
3170,1806,Cole Ave #4,94596,2733
3171,2740,SW Spring Garden St,97219,20400
3172,12408,Dessau Road,78753,23608
3173,5555,Hobart St,15217,21669
3174,6550,Shady Brook Lane Apartment 782,75206,23861
3175,4205,Virginia Ave,45223,18731
3176,16540,Wikiup Road,92065,2456
3177,320,N Neville St,15213,21669
3178,1797,Canal Drive,89408,16950
3179,4445,Bell St,64111,12967
3180,1249,Sanpat Ln,62902,6022
3181,2311,Wade Hampton Boulevard 864-244-0899,29615,22447
3182,20404,Poppy Hills Trail,78664,24656
3183,2701,Brunswick Avenue N,55422,11910
3184,612,Division St The Ponds,98837,26492
3185,5250,S Rainbow Boulevard #2057,89118,16968
3186,411,W Republican St,98119,26594
3187,2451,W Howard St,60645,6061
3188,1011,Arnett Boulevard,14619,18177
3189,738,Porta Rosa Circle,32092,3889
3190,739,Newport Drive,76063,24331
3191,3174,Woodfield Boulevard,49783,11598
3192,120,Cody Drive,36330,379
3193,1220,N Lane Cienega Boulevard,90069,2748
3194,23283,Grapefruit Avenue,78552,24096
3195,4680,White Rock Cir,80301,2835
3196,820,Blanchard St Unit 1810,98121,26594
3197,10000,Main St Unit #1-309,98004,26247
3198,8937,Chimineas Ave,91325,2330
3199,16609,Northeast 47th St,98052,26568
3200,10047,Main St. Apartment 408,98004,26247
3201,1846,9th St Unit 4,90404,2562
3202,627,NE 2nd Avenue,33304,3637
3203,4624,N Hamlin Avenue Apartment 1,60625,6061
3204,4626,N Hamlin Avenue,60625,6061
3205,927,Spruce St Apartment 3,19107,21658
3206,1048,Monroe St Unit 213,95050,2556
3207,591,Saint Claire Dr,94306,2378
3208,1003,Bridge St NW Apartment 3,49504,11204
3209,6644,Coldwater Canyon,91606,2327
3210,3535,Ellwood Avenue,48072,10958
3211,1136,Woodruff,49068,11378
3212,2700,Cowan Boulevard,22401,25488
3213,100,Crossing Boulevard,30253,4313
3214,903,E Grand River Avenue,48823,11113
3215,5242,S Hyde Park Boulevard,60615,6061
3216,321,South 5th St,50010,4689
3217,1500,Sherman Avenue,60201,6221
3218,1000,Lake St,60301,6683
3219,1018,E 54th St,60615,6061
3220,711,Lentisco Dr,75146,24245
3221,10201,W Cordes Rd,85353,1560
3222,3130,N 7th Ave,85013,1494
3223,1001,Vincent CT,48910,11329
3224,935,Chandler St,53715,27074
3225,430,Oak Grove St,55403,12225
3226,6300,Clayton Ave,63139,13272
3227,400,South Sunkist,92806,1621
3228,3963,Mossy Spring Ln,77388,24764
3229,325,North Summit Avenue,20877,10216
3230,57,Arrowhead Dr,30132,4124
3231,277-279,Columbus Ave,94133,2528
3232,16700,West 127th St,66062,8230
3233,6434,Paseo,64131,12967
3234,1685,SE Umatilla St,97202,20400
3235,25675,Overlook Parkway,78260,24679
3236,13000,Vista Del Norte,78216,24679
3237,2149,Otis Dr,94501,1603
3238,1690,North Point St,94123,2528
3239,11724,Norwick Plaza,68164,15635
3240,301,Lippencott St,37920,23286
3241,207,Denby Cir,29229,22381
3242,9201,Kanis Rd,72205,1061
3243,2901,N Governeour St,67226,8411
3244,1501,Old Main St,67114,8215
3245,2552,Madison Rd,45208,18731
3246,1327,High Road,32304,3929
3247,1420,N Meridian Road,32303,3929
3248,3401,Cliff Rd South,35205,271
3249,2349,8th St NW,35215,271
3250,301,E Chalmers,61820,6046
3251,1010,S First St,61820,6046
3252,615,S Wright,61820,6046
3253,507,S Lincoln St,47401,7149
3254,720,S College Mall Rd,47401,7149
3255,555,E Gold St,65714,13135
3256,2650,N Barnes Avenue,65803,13312
3257,1131,W Battlefield Road,65807,13312
3258,1680,Hendersonville Road,28803,14209
3259,5640,Lake Otis Parkway,99507,11
3260,2421,Bentzen Cir,99517,11
3261,45,W Jefferson St,50701,5536
3262,816,816 1/2 Main St,50613,4798
3263,335,E Elder,50624,4894
3264,3105,S Sare Road,47401,7149
3265,920,Park Ave,53511,26750
3266,2255,Burton St,53511,26750
3267,201,Northwick Boulevard,16803,21915
3268,6905,Schofield Avenue,54476,27379
3269,3190,S 72nd St,68506,15556
3270,3300,West 53rd St,57106,22961
3271,3900,S Carnegie Circle,57106,22961
3272,2912,South Louise Avenue,57106,22961
3273,4340,Decatur Dr,77845,23807
3274,8085,Atlas Pear Dr,77807,23716
3275,701,Hollycrest Drive,61821,6046
3276,4400,Walnut St,19104,21658
3277,8639,Fairhaven St,78229,24679
3278,123,Highland Ave,02143,9949
3279,2110,19th St NW,20009,3439
3280,610,E Beacon Avenue,54961,27152
3281,325,Pearl St,47906,7763
3282,208,Wiggins St,47906,7763
3283,250,S Salisbury St,47906,7763
3284,2252,Sagamore Parkway,47906,7763
3285,122,North St,47906,7763
3286,201,S Detroit St,46580,7753
3287,1916,Henry Drive,66547,8392
3288,250,N East St Apt.121,46168,7604
3289,67,Brees,78209,24679
3290,4250,Par Dr,46268,7390
3291,319,Quiet Grove Ln,29072,22498
3292,208,Whiteford Way,29072,22498
3293,5025,E Pacific Coast Highway #112,90804,2190
3294,102,Cattlemans Creek Rd,76071,24454
3295,10600,Bilsky Bay Dr,76140,24001
3296,645,S Irwin Avenue,54301,26960
3297,936,Four Mile Rd NW,49544,11204
3298,305,E Benson Hwy,85713,1570
3299,200,Martin Dr,68005,15326
3300,1024,Greendale Rd,40511,8803
3301,740,W Wisconsin Avenue,53233,27114
3302,10300,W Fountain Avenue Apartments,53224,27114
3303,9810,Echelon Ln,53226,27370
3304,143,N Jackson St,53202,27114
3305,20315,Sutter Creek Drive,53045,26779
3306,2234,S Trenton Way,80231,2894
3307,3009,Northeast Overlook Dr,97124,20297
3308,3705,Woodford Road,45213,18731
3309,515,Main St,41011,8570
3310,1030,Cooks Crossing Drive,45150,19122
3311,6126,Marty Ln,66202,8245
3312,2054,High Eagle Trail,46224,7390
3313,510,N Enderly Avenue,46112,7170
3314,761-1a,Adams Drive,23601,25701
3315,14200,North May Ave,73134,19959
3316,314,NE 2nd St,73104,19959
3317,2827,E Pike Peak Avenue,80909,2872
3318,5340,East 26th Avenue,99508,11
3319,5001,Sheridan St,52806,4869
3320,1325,Chatham Parkway,31405,4450
3321,43398,Citation,48375,11463
3322,3202,S Mason Ave,98409,26632
3323,5401,5409 S Cottage Grove Ave,60615,6061
3324,2600,Cole Avenue,75204,23861
3325,8820,Southwestern Boulevard,75206,23861
3326,3711,Cole Avenue,75204,23861
3327,17910,Kelly Blvd,75287,23861
3328,9860,Fairfax Square,22031,25460
3329,14101,Kristin CT,22191,25946
3330,7840,NW 3rd St Suite 100,33024,3857
3331,100,Akers Ridge Dr,30339,4008
3332,3242,Peachtree Rd NE,30305,4008
3333,1250,Powder Springs Rd SW,30064,4306
3334,3611,Washington St,02130,9643
3335,150,Massmills Dr,01852,9806
3336,1097,Maywood Ln,94553,2230
3337,10001,NE 1st St,98004,26247
3338,3900,Veterans Dr,98032,26414
3339,949,Cleveland St,33755,3569
3340,1810,Sweetbroom Cir,33559,3760
3341,1251,S Bellaire St,80246,2894
3342,5001,W Wadley,79707,24387
3343,3601,Andrews Hwy,79703,24387
3344,615,N Piere St,98801,26676
3345,46860,Hilton Dr,20653,10279
3346,1223,N 12th,66502,8152
3347,2701,Neabsco Common Place,22191,25946
3348,321,N Orange St,91203,1996
3349,2700,Dorr Ave,22031,25460
3350,489,E 400 S,84111,25173
3351,6901,E Chauncey Ln,85003,1494
3352,9200,N Macarthur Boulevard,73132,19959
3353,12200,Flemming Dr,77002,24134
3354,516,Cambridge Dr,76179,24671
3355,8051,Broadway,78209,24679
3356,11247,Country Canyon,78252,24679
3357,8326,Knapp CT,28097,14558
3358,2338,Manchester Ln,75134,24245
3359,7911,Bluff Trail Dr,77338,24140
3360,300,Westbrook,76002,23596
3361,911,Elliott Dr,75104,23766
3362,649,Cedar Ridge Ln,76028,23729
3363,31-35,South St,02135,9643
3364,320,Brown St,47906,7763
3365,6822,South Shamrock Rd,33616,3930
3366,1830,Spring Branch,37115,23321
3367,1221,Redford Rd,77002,24134
3368,9999,Kempwood Dr,77002,24134
3369,7055,Hollister St,77002,24134
3370,9850,Richmond,77002,24134
3371,6009,Creston Avenue,50309,4889
3372,418,Summer View Circle,92024,1927
3373,5100,Conser St,66202,8245
3374,1800,Memorial Dr,30317,4008
3375,261,Doe Run Drive,34787,3969
3376,1620,Hawthorne,77006,24134
3377,1906,N Oak Drive,46563,7607
3378,2501,Nevada Avenue S.#01,55426,12377
3379,10966,Ohio Avenue,90024,2196
3380,71,Micahs Crossing,65737,13229
3381,6565,Fountain Ave,90028,2196
3382,92,Hasell St,29401,22368
3383,1530,Boston CT  1525 Atlanta CT,95405,2564
3384,1541,Crawford Dr,32703,3505
3385,339,19th St,94612,2341
3386,2973,Folsom St,94110,2528
3387,800-820,North 48th St,19139,21658
3388,0,Cds Harvard Llc 1216-1226 Harvard Terrace/233 Asbury,60202,6221
3389,526,E Spring Valley Rd,75081,24614
3390,6041-Cammie,Way,78238,24679
3391,18745,SW Farmington Rd,97007,20150
3392,6606,Park Point Way NE D102  D102,98115,26594
3393,627,NW Meadows Drive,97128,20347
3394,1628,Alan Lane,48917,11329
3395,2382,South Canterbury Road,84770,25170
3396,105,Calm Water Loop,78602,23632
3397,900,Cooks Valley Road,37664,23283
3398,256,Las Entradas,93108,2277
3399,2001,S Main St,84010,24985
3400,10720,Broomgerrie Rd,98110,26241
3401,9,E Burnam Road,65203,12719
3402,3207,Kenner Lp,58503,14943
3403,1818,L St,95815,2511
3404,155,Alexander Hamilton Dr Unit 101,78228,24679
3405,7,"9 11 12 13,16 20 Simpson St",60134,6276
3406,406 1/2,Dahlia Ave,92625,1833
3407,7536,Byron Place,63105,13272
3408,715,6th St NW Unit 904,20001,3439
3409,9158,Everton,78245,24679
3410,303,South Michigan Avenue,49307,10964
3411,6050,Norse St,78240,24679
3412,1100,Grand Ave,54476,27270
3413,3658-3660,N 5th Avenue,85013,1494
3414,300,N 4th St,63102,13272
3415,707,N Hayden Island Drive  427,97217,20400
3416,7106,Fm 2673,78133,23752
3417,614,Poplar St,31201,4300
3418,8400,Beech,78758,23608
3419,4028,South 1300 West,84123,25197
3420,801,Church St,24504,25626
3421,2250,NW 59th St,98107,26594
3422,2828,E Grimes St,78550,24096
3423,11254,SE Falco St,97086,20289
3424,1,Dekalb Ave,10605,18507
3425,1590,Alexandria Place,25314,27527
3426,3724-36,Inglewood Boulevard,90066,2196
3427,293,Remington Loop,94526,1858
3428,1438,Midvale Avenue,90024,2196
3429,4429,Saint Andrews Boulevard,75038,24161
3430,2330,8th Avenue S,37204,23367
3431,301,San Jacinto Boulevard,78701,23608
3432,135,Campus,50014,4689
3433,1225,Delaware,50014,4689
3434,3838,Williamsburg Way,47203,7223
3435,2216,S Palm Grove Avenue,90016,2196
3436,822,N 4th St,43215,18753
3437,1224,Washtenaw Court,48104,10913
3438,201,N Squirrel Road,48326,10927
3439,3265,Silverwood Drive,48603,11580
3440,7909,N Granby Avenue,64151,12967
3441,0,Crystal Springs 702 W Casino Rd,98204,26354
3442,5345,E Van Buren St,85003,1494
3443,94,Charleston CT,28792,14471
3444,8447,Lane Mesa Boulevard,91942,2129
3445,155,Liberty St NE,97301,20424
3446,545,E Kellogg Rd,98226,26248
3447,170,Lafayette St,07304,16260
3448,13925,Par Place NE,98125,26594
3449,4616,Lindell Boulevard Carleton,63108,13272
3450,5907,Reeds Road,66202,8183
3451,1301,30th St,80303,2835
3452,1623,Park Ave,21217,10082
3453,11476,Miranda St,91601,2327
3454,226,8th Avenue SE,58257,15124
3455,2810,Stange,50010,4689
3456,1732,N Hillside,67208,8411
3457,2757,South 300 East,84115,25173
3458,2001,Moreland Bvd,61822,6046
3459,3502,Cherry St Unit C-11,58201,15047
3460,201,Walnut St,58201,15047
3461,800,Broadway St,79401,24316
3462,1000,Van Dyke St,48214,11096
3463,8874,Coleman Boulevard,75034,24014
3464,734,East 20th St,94606,2341
3465,5125,Overland Dr,66049,8112
3466,7,West Mulberry St,21201,10082
3467,7400,SE Milwaukie Ave,97202,20400
3468,9806,Mylea Cir Lot 32 Right,72916,936
3469,4234,Eliot St,80211,2894
3470,1917,6th St 01-12,94710,1676
3471,600,Georgia Avenue,37402,23113
3472,1004,Belmont Avenue E,98102,26594
3473,15919,172nd St SE,98290,26607
3474,11,New St,08876,16503
3475,5459,Madison Ave,92115,2525
3476,4177,Shoreline Drive,55384,12415
3477,55,Pharr Road NW,30305,4008
3478,2285,And 2295 S 200 E,84115,25173
3479,55,N Kuner Road,80601,2839
3480,5724-5730,Morley St,90045,2196
3481,2821,5th St NW,58703,15139
3482,3256,N St NW,20007,3439
3483,5417,5425 Zelzah Ave,91316,1928
3484,1001,Fair Winds Cir,33563,3865
3485,1222,Amherst Avenue,90025,2196
3486,1400-1446,8th St NW,58703,15139
3487,815,N 39th St,58203,15047
3488,1500,Glendale Road,52245,5068
3489,1606,N 26th St,83702,5613
3490,2890,W Old Farmington Road,72704,928
3491,1568,Eustis St,55108,12380
3492,1951,Brandywine Rd,33409,3959
3493,700,Block N 16th St,19130,21658
3494,1508,Brandywine,19130,21658
3495,341,Steelman Road,39402,13581
3496,804,Park Ave,68105,15635
3497,5001,East 26th St,57110,22961
3498,61,Newark St C,80012,2817
3499,1036,S 31st St,68105,15635
3500,3801,Cooper Drive East  111,65201,12719
3501,600,S Fernwood St,91791,2746
3502,3109,Turnberry CT,50014,4689
3503,17512,83rd Place NE,98028,26412
3504,2317,S Pleasant Valley Road,78741,23608
3505,6140,71st St,79424,24316
3506,12526,Meridian Ave South,98208,26354
3507,4605,Ave A,78751,23608
3508,401,Teravista Parkway,78665,24656
3509,12215,Hunters Chase Drive,78729,23608
3510,1007,South Congress,78704,23608
3511,1211,East 5th St,78702,23608
3512,4900,E Oltorf St,78741,23608
3513,8220,Research Boulevard,78758,23608
3514,11900,Hobby Horse CT,78758,23608
3515,10307,Morado Cove,78759,23608
3516,9009,North Fm 620,78726,23608
3517,13401,Legendary Dr,78727,23608
3518,7740,183a Frontage Road,78641,24259
3519,12531,West State Hwy 71,78738,23608
3520,1333,South Shore District,78741,23608
3521,13355,N Highway 183,78750,23608
3522,12800,Turtle Rock Rd,78729,23608
3523,13838,The Lakes Boulevard,78660,24531
3524,810-818,E 23rd St,94606,2341
3525,180,Canyon Dr,92054,2346
3526,1500,S Heatherwilde Boulevard,78660,24531
3527,1200,Louisiana Boulevard NE,87110,16594
3528,5620,Belmont Avenue Unit 588,75206,23861
3529,6561,Esquire Ln,37343,23257
3530,900,Singleton Boulevard Unit 688,75212,23861
3531,3890,W Northwest Highway Unit 753,75220,23861
3532,19909,S Alderwood Cir,97702,20173
3533,6231,N 67th Avenue,85301,1415
3534,2682,Blossom Trail E,24060,25282
3535,3920,3850 3880 Garden View Dr,58201,15047
3536,7130,Autumn Acres,78109,23823
3537,1303,S Lamar Boulevard,78704,23608
3538,1601,E 5th St,78702,23608
3539,1016-1026,Park Ave,68105,15635
3540,744,Hartford Avenue,90017,2196
3541,272,Tiger Way,57032,22800
3542,6309,Burns St,78752,23608
3543,301,W 39th St,78751,23608
3544,1907,San Gabriel #103,78705,23608
3545,8409,5th Avenue NE #05,98115,26594
3546,425,West Beech #433,92101,2525
3547,1933,Placer Drive,94578,2537
3548,1300,Parker Lane,78741,23608
3549,1809,W Rundberg Ln,78758,23608
3550,14011,Fm 969,78724,23608
3551,383,Rocky Ridge Trail,78737,23608
3552,3406,Howell St Unit 802,75204,23861
3553,5326,Pocusset St,15217,21669
3554,5610,Elmer St,15232,21669
3555,4402,Bright Sun,78217,24679
3556,2106,Boll St Unit 936,75204,23861
3557,1111,Sunrise Boulevard,78664,24656
3558,8431,Kendall Court  Unit 1,20724,10277
3559,3318,S Kings,65807,13312
3560,19702,Bella Loma,78256,24679
3561,1133,Park Ave,68105,15635
3562,602,NE 86th St,98665,26658
3563,1212,Griswold St,48226,11096
3564,111,W 7th St,90014,2196
3565,17600,West 14th Ave,80401,2949
3566,13050,West Cedar Dr,80228,3012
3567,23,S Pauline Place,38104,23338
3568,7517,Herschel Ave  Unit 2,92037,2128
3569,4400,Ave B,78751,23608
3570,8216,N Chautauqua Boulevard,97217,20400
3571,5510,110th St,79424,24316
3572,1514,Bennett's Way NW,50009,4686
3573,12323,Texas Avenue,90025,2196
3574,907,South 25th St,68105,15635
3575,914,15t St N,58102,15016
3576,4801,Clyde Morris Boulevard,32129,3875
3577,500,Pointe Parkway Boulevard,73099,20144
3578,2728,Cedar Springs Road Apartment 660,75201,23861
3579,1367,41st Avenue,94122,2528
3580,25,S 10th St Apartment 4,95112,2534
3581,11917,Tazwell Drive,40245,8816
3582,651,Linwood Avenue NE Apartment 1,30306,4008
3583,253,10th Avenue Unit 528,92101,2525
3584,1707,East Fir St,98122,26594
3585,776,Hagemann Dr,94551,2177
3586,1937,Spring Garden St Unit C,19130,21658
3587,22910,90th Avenue W Unit B407,98026,26339
3588,616,N Las Palmas Avenue,90004,2196
3589,933,6th St Apartment 8,90403,2562
3590,4229,N 17th St,85016,1494
3591,3053,Reef View St,89117,16968
3592,601,N Eutaw St,21201,10082
3593,500,N Lake Shore Drive,60611,6061
3594,703,S Roxboro St,27707,14364
3595,6734,Clayton Avenue,63139,13272
3596,201,N Westmoreland Avenue,90004,2196
3597,3143,South Date Cir,85210,1464
3598,2525,Ironwood Dr,53590,27321
3599,823,15th Avenue SE,55414,12225
3600,4611-102,Timbermill CT,27612,14704
3601,8522,Lake Crystal Dr,77095,24134
3602,7722,Ellis Dr,77489,24404
3603,2110,Smoke Rock Dr,77373,24764
3604,6711,NE 182nd St,98028,26412
3605,920,N 34th St,98103,26594
3606,12708,Bruce B Downs Boulevard,33612,3930
3607,10515,Walker Vista Dr,33578,3884
3608,8228,Chasco Woods Boulevard,34668,3876
3609,1604,Dusty Rose Ln,33510,3539
3610,5701,6th Ave North,33710,3895
3611,8080,Summit Creek Dr NW,30152,4260
3612,95,Audubon Road,01880,10001
3613,11520,Magnolia Ave,92505,2495
3614,1025,S Gilbert St,92543,2045
3615,12,E Armour Boulevard,64111,12967
3616,525,E Armour Boulevard,64109,12967
3617,676,Geary St,94102,2528
3618,3657,Karissa Heights Place,89115,16968
3619,1040,N Delaware St,46202,7390
3620,16505,Lookout Hollow Crl,78154,24719
3621,425,W Paseo Redondo,85701,1570
3622,2803,N Elgin Avenue,74106,20088
3623,4500,Burbank Dr,70820,9183
3624,325,Fox Trot Dr,29229,22381
3625,167,Tanners Mill Rd,29036,22366
3626,20614,Stone Oak Parkway,78258,24679
3627,100,Waverly Dr,39520,13458
3628,60,Ferry St,06457,3301
3629,298,Main St,14202,17193
3630,184,Sweeney St,14120,17998
3631,3500,N Sabino Canyon Road,85750,1570
3632,209,East University Ave,61820,6046
3633,511,W Church,61820,6046
3634,104,E John St,61820,6046
3635,1426,N Kinser Pike F8,47404,7149
3636,321,E 14th St,47408,7149
3637,520,North Grant St,47408,7149
3638,246,E 11th St,37402,23113
3639,1711,W Henderson Ave,93274,2442
3640,2032,TX 361,78362,24153
3641,5800,Deepwood CT,48346,11042
3642,2540,W Park Avenue,77630,24489
3643,1885,E Farragut Avenue,77630,24489
3644,601,W 32nd Avenue,99503,11
3645,3321,Eureka St,99503,11
3646,280,River Rd,08854,16430
3647,740,E 13th Avenue,97401,20255
3648,422,Lester Rd,30044,4273
3649,4117,University Avenue,50613,4798
3650,3101,E Covenanter Drive,47401,7149
3651,2865,Spring Rose Cir,52241,4846
3652,5515,Wissahickon Ave,19144,21658
3653,320,23rd Ave,80631,2956
3654,259,Ferncliff Avenue NE,98110,26241
3655,6000,West 43rd St,57106,22961
3656,4700,South Baha Avenue,57106,22961
3657,2601,S Kiwanis Avenue,57105,22961
3658,2809,W 33rd St,57105,22961
3659,903-909,S Locust,61820,6046
3660,9505,Royal Ln,75243,23861
3661,2808,South Dogwood Ave,74012,19636
3662,718,N 17th St,19130,21658
3663,1440-1454,E Gateway Cir,58103,15016
3664,111,S River Rd,47906,7763
3665,20,Littleton St,47906,7763
3666,435,N Grant St,47906,7763
3667,529,W Stadium Avenue,47906,7763
3668,563,N Pleasant View Rd,53073,27208
3669,4607,Telluride Dr,53083,27276
3670,1200,Mallard Dr,46360,7486
3671,47,N Macy St,54935,26918
3672,11921,E Mansfield,99206,26617
3673,2928,Kenwick Cir,48912,11329
3674,12603,Northborough Drive,77002,24134
3675,1149,E Main St,37408,23113
3676,7830,South Eighth St,49009,11297
3677,1220,Hedgelawn Way,27615,14704
3678,9731,Autumn Arch,78109,23823
3679,3613,Pinkham Way,27616,14704
3680,533,Gingerbread CT S,29229,22381
3681,1700,Palmer St,27707,14364
3682,7085,Santa Irene Cir,90620,1724
3683,1006,Lincoln Way,50010,4689
3684,3601,S Fielder's Glen Drive,76015,23596
3685,325,South Orchard Dr,84054,25137
3686,1700,W Prince Rd,85705,1570
3687,7777,South Memorial Drive,74133,20088
3688,3900,Riverlakes Dr,93312,1655
3689,11959,Nicholson Dr,70810,9183
3690,2505,E Pike Peak Ave,80909,2872
3691,2811,Upper Vickers View,80918,2872
3692,511,W Doty St,53703,27074
3693,6300,W Mequon Road,53092,27103
3694,1404,N Van Buren St,53202,27114
3695,6426,City West Parkway,55344,11949
3696,4626,Wyngate Boulevard,55025,11997
3697,1212,West Lake St,55408,12225
3698,2225,Montego Boulevard,43235,18753
3699,3405,Park Avenue Pasteur,63104,13272
3700,1780,W Lincoln Avenue,92801,1621
3701,7101,NE 109th St,98686,26658
3702,2201,NE 112th Avenue,98684,26658
3703,215,Jackson Keller Road,78216,24679
3704,9301,Summit Center Way,32810,3764
3705,900,SE Tequesta Ln,64014,12612
3706,815,Somerset Drive,66208,8278
3707,111,Sandra Muraida Way,78703,23608
3708,595,Hicks Rd,37221,23367
3709,67,Madison Avenue,38103,23338
3710,12701,N Pennsylvania Avenue,73120,19959
3711,2265,State St,84115,25173
3712,9700,South Highland Dr,84092,25174
3713,9403,Cadmium View,80920,2872
3714,4675,Templeton Park Cir,80917,2872
3715,500,NE Horizon Dr,50263,5540
3716,3025,S Sagamont,65807,13312
3717,4318,Vance Drive,99508,11
3718,1601,Medfa St,99501,11
3719,100,E Candlewyck,49001,11297
3720,2601,N John B Dennis Highway,37660,23283
3721,5801,Zebulon Rd,31210,4300
3722,417,Frankston,75766,24166
3723,1910,Frontage Rd,08034,16121
3724,6464,San Felipe,77002,24134
3725,1815-A,Sycamore Valley Drive,20190,25780
3726,10605,Hammocks Blvd,33196,3782
3727,401,Mount Vernon St,02125,9643
3728,2600,Miccosukee Road,32308,3929
3729,2960,International Dr,48197,11735
3730,464,Bishop St NW,30318,4008
3731,1800,Barrett Lakes Boulevard NW,30144,4260
3732,1,Katahdin Dr,02421,9801
3733,25,Morrissey Boulevard,02125,9643
3734,7,Kimball CT,01801,10058
3735,969,Bush St,94109,2528
3736,701,Taylor St,94108,2528
3737,1190,Mission St,94103,2528
3738,601,O'Farrell St,94109,2528
3739,100,Lake Village Boulevard,48326,10927
3740,931,Rebecca Way,92880,1832
3741,1650,Eagle Ridge Dr,98055,26569
3742,11101,123rd Ln Northeast,98033,26418
3743,942,Discovery Cir NE,98029,26407
3744,600,Front St South,98027,26407
3745,6600,Knottwood Court,21234,10082
3746,10,Light St,21202,10082
3747,2701,Southwest Dr,79605,23557
3748,1724,Logie Ave,28205,14298
3749,5075,East 52nd St,79762,24477
3750,925,Geary St,94109,2528
3751,2929,Connecticut Avenue NW,20008,3439
3752,1054,Green Mountain Court,63026,12820
3753,301,E Armour Boulevard,64111,12967
3754,2717,Howell St,75204,23861
3755,5395,Napa St,92110,2525
3756,1616,E 56th St,60637,6061
3757,800,West 38th St,78705,23608
3758,5225,Verde Valley Ln,75254,23861
3759,2500,McKinney Ave,75201,23861
3760,2201,N St NW,20037,3439
3761,1350,Speer Boulevard,80204,2894
3762,1948,Linwood St NW,97304,20424
3763,4601,S Kirkman Road,32811,3834
3764,10002,N 7th St,85020,1494
3765,24250,N 23rd Avenue,85003,1494
3766,1640,Lane Rossa Cir,95125,2534
3767,10495,SW 14th Terrace,33174,3782
3768,1984,Traver Road,48105,10913
3769,8250,SW 72nd CT,33143,3782
3770,2345,Woodridge Way,48197,11735
3771,3312,S Semoran Boulevard,32822,3834
3772,3211,S Semoran Boulevard,32822,3834
3773,55,Concord St,01702,9735
3774,1,Orion Court,21237,10082
3775,960,Brookhaven Dr,46131,7311
3776,2432,Pechora Pipit,78130,24446
3777,177,Everett Park Dr,28115,14618
3778,714,Gibson Forest Dr,29072,22498
3779,4330,Briarhill Dr,28215,14298
3780,22042,Soft Pines CT,77365,24562
3781,1802,Geary St,75043,24029
3782,16815,Shrub Oak Dr,77396,24140
3783,12803,West Ave,78216,24679
3784,14811,Huebner,78231,24679
3785,7914,Ray Bon,78218,24679
3786,2650,Thousand Oaks,78232,24679
3787,4350,W Kennedy Boulevard,33609,3930
3788,1980,Pauline Boulevard,48103,10913
3789,6400,The Divide Parkway,72223,1061
3790,1646,N Prospect Avenue,53202,27114
3791,3003,Memorial Court,77002,24134
3792,7315,Brompton St,77002,24134
3793,5331,Beverly Hill St,77002,24134
3794,1200,S Dairy Ashford St,77002,24134
3795,1335,Silverado,77002,24134
3796,225,Fluor Daniel Dr,77478,24786
3797,7200,Almeda,77002,24134
3798,1340,W Gray St,77002,24134
3799,2900,Briarhurst Drive,77002,24134
3800,100,Plum Avenue,79029,23916
3801,3517,30th St,79410,24316
3802,42,Admiralty Cross,92118,1834
3803,20,16th St #1-8 50 16th St #1-8 80 16th St #1-8,35401,710
3804,226,Colonial Dr Building #3,45840,18845
3805,424,E Cottage Grove Avenue,47408,7149
3806,9908,Bentcross Dr,20854,10361
3807,1452,S Shenandoah St,90035,2196
3808,3196,Mount Zion Road,30281,4477
3809,206,Ashley Ave,29403,22368
3810,1928,Colgrove Office 115,49048,11297
3811,415,N Oakhurst Drive,90210,1679
3812,2525,Eliot St,80211,2894
3813,1059,E 600 S,84102,25173
3814,7200,East Evans Ave,80224,2894
3815,4728,Alvin Dark Ave,70820,9183
3816,813,E Passyunk Ave,19147,21658
3817,510,Calle Vibrante,92211,2375
3818,2725,40th St S,56560,12235
3819,5709,Falkland Terrace,73034,19738
3820,1825,Airline Road,78412,23829
3821,263,N Hyland,50014,4689
3822,145,N Hyland,50014,4689
3823,923,Westbrook Drive #B,28202,14298
3824,2610-2622,Pirineos Way,92009,1768
3825,239,Grant St SE,30312,4008
3826,17513,Black Hawk Drive,73012,19738
3827,3128,Harvey St,35810,482
3828,14300,Ella Boulevard,77002,24134
3829,2705,Kavanaugh Road,71270,9520
3830,5917,NE 58th St,98661,26658
3831,9,Buttles Avenue,43215,18753
3832,0,Second St Station 1015 2nd St NE,55343,12091
3833,0,Constance Manor 617 Fifth Avenue West,98119,26594
3834,2221,NW Flanders St,97210,20400
3835,1741,Park Ave,90815,2190
3836,1680,Holland Dr,94597,2733
3837,245,Seawright Drive,30215,4175
3838,1130,S 31st St,68105,15635
3839,139,8th St,94103,2528
3840,4928,W Martin Luther King Jr Boulevard,90016,2196
3841,5793,Mount Curve Boulevard,55362,12233
3842,7510,Shady Villa Lane Unit 4,77055,24134
3843,1330,E Chicago Avenue,60540,6641
3844,1310-18,W Howard St  7601 N Eastlake Terrace,60626,6061
3845,1087,Timber Mountain Ln,97601,20323
3846,0,Colonial Terrace Apartments 5621 Minnetonka Boulevard,55416,12377
3847,5347,Blanco Road,78216,24679
3848,6867,Daniel Defoe Dr,50131,5078
3849,11807,100th Avenue NE B202,98034,26418
3850,1401,S Clyde Morris Boulevard,32114,3596
3851,6835,"W Mequon Rd Units 101-127,201-227,301-327",53092,27103
3852,55,Railroad Place,12866,18230
3853,1,Towne Center Dr,07010,16128
3854,0,Stonecrest Apartments 4020 S 130th East Ave,74134,20088
3855,1654,Dwight Way,94704,1676
3856,600,E 5th St,50309,4889
3857,2804,92nd St,79423,24316
3858,9845,Alcosta Boulevard,94583,2550
3859,1345,-1351 34th Avenue SE,58701,15139
3860,45,W School St Unit 208,02129,9666
3861,1961,Palm Dr,32034,3630
3862,807,West Lynn,78703,23608
3863,1197,Narrow Gorge Court,89002,16959
3864,1830,Underpass St 1-41,92103,2525
3865,642,W Maple Avenue Apts (8 Units,92868,2356
3866,4815,Todd,50014,4689
3867,10526,Fort Plaza,68134,15635
3868,2957,Bartlett,53211,27114
3869,1854,W Stonebridge Drive 30,84770,25170
3870,5202,Washington St,60515,6158
3871,1408,Armacost Ave.,90025,2196
3872,3240,Maguire St #226,94568,1890
3873,989,Mohawk St,33458,3712
3874,145,Bloomington Avenue,98312,26260
3875,401,S 41st St,68131,15635
3876,316,Union Station Dr,35040,295
3877,1123,Brandywine Lane,73071,19947
3878,10507,Mellow Meadows Dr,78750,23608
3879,1212,N Walker Avenue,73103,19959
3880,488,W Duarte Rd,91007,1634
3881,212,Locust St,49307,10964
3882,3210,Jericho Road,58503,14943
3883,1037,Michigan St NE,49503,11204
3884,6,Sicard St,08901,16374
3885,860,Briarcliff Rd,30306,4008
3886,129,Transcript Ave #2,40508,8803
3887,6616,159th Avenue NE,98052,26568
3888,2301,W 46th St,57105,22961
3889,333,Belmont Avenue,90026,2196
3890,1375,Northeast Elk CT #160,97701,20173
3891,2003,Marina Road SE,58554,15112
3892,1331,W Addison St,60613,6061
3893,1324,Calumet Avenue,90026,2196
3894,11715,Cabana CT,32407,3854
3895,711,E Carson,78208,24679
3896,2466,Pleasant Valley Rd,17402,22148
3897,4134,11th Avenue NE,98105,26594
3898,8647,NW 113th Court,33178,3605
3899,8401,Dunsinane Drive,28227,14298
3900,400-402,Merrimac St,01950,9855
3901,118,S Walts Avenue,57104,22961
3902,1004,N Thompson St,23230,25787
3903,3435-3441,SE Alder St,97214,20400
3904,2130,Silicon Ave Building A-O,66046,8112
3905,424,Jefferson NE,87108,16594
3906,16809,Chula Vista Avenue,97055,20425
3907,1431,Riverplace Boulevard #3404,32207,3706
3908,49,Kingston Court,92118,1834
3909,2614,North University Dr,75965,24432
3910,2112,NW Irving St,97209,20400
3911,304,Stubblefield Ln,78642,24276
3912,9223,Paso Robles Avenue,91325,2330
3913,1210,Chestnut St,19107,21658
3914,184,Lexington Ln,92626,1836
3915,35,N 6th Ave,85701,1570
3916,21,E Stewart Road,65203,12719
3917,146,Walnut St,07042,16351
3918,5,Dorchester Dr,15241,21669
3919,815,Terrell Dr,31313,4232
3920,7007,Glasgow Avenue,90045,2196
3921,0,"75,79  83 South Rd",03053,15929
3922,5800-5866,Beechwood Dr,61111,6513
3923,828,Cowper St,94301,2378
3924,1014/1034,E St Germain,56304,12372
3925,161,Ottawa Avenue NW,49503,11204
3926,10,Manomet St,02746,9851
3927,1847,Babcock Rd #101 (210 377-1292,78229,24679
3928,8889,Eagle Place Loop,99577,55
3929,761,N 235 E,84057,25143
3930,289,Ivy Place,36203,601
3931,5237,Hewlett Drive,92115,2525
3932,1850,NE Lotus Dr #53,97701,20173
3933,6970,Tussilago Way,32822,3834
3934,1510,N Highland St,97217,20400
3935,3810,Wade St,90066,2196
3936,14746,S Rising Star Way,84065,25165
3937,171,Oakwood Ave,12182,18385
3938,3819,Southway Drive,78704,23608
3939,1575,Gaylord St,80206,2894
3940,30,N Alboni Place /25 Bonito Avenue,90802,2190
3941,455,W Sullivan St,37660,23283
3942,1335,N Marston St,19121,21658
3943,704-706,Town House Ln,75081,24614
3944,5801,Humblebee Road,21045,10153
3945,1300,G St #302 E,68508,15556
3946,1003,Garrison Dr,32092,3889
3947,392,Council Loop,29209,22381
3948,147,Cadence,92618,2086
3949,2540,Dickerson Rd,89503,16993
3950,100,Senisa Dr,78228,24679
3951,230,234 SW 7th St,72712,794
3952,1964,South 900 East,84105,25173
3953,2903,Hillcrest,78201,24679
3954,3145,Sycamore Road,50014,4689
3955,13812,NW Falconridge Ln,97229,20400
3956,20,Church Rd,08052,16317
3957,1217,Delaware,50014,4689
3958,4875,N Magnolia Avenue,60640,6061
3959,851,NE 1st Avenue Unit 2410,33132,3782
3960,4750,N Clarendon Avenue,60640,6061
3961,399,S Grant Ave,43215,18753
3962,450,W Belmont Avenue,60657,6061
3963,388,Rue DE Gabriel,71457,9455
3964,901,S Ashland Avenue,60607,6061
3965,2505,Miller Avenue,48103,10913
3966,8003,S Interstate 35 Apartment 28140,78744,23608
3967,8601,Wilshire Boulevard,90211,1679
3968,131,S Maple Drive,90212,1679
3969,301,McKinley,60060,6636
3970,300,Anthony Ave,60060,6636
3971,3201,Wisconsin Ave NW,20016,3439
3972,16119,SE 1st St,98684,26658
3973,202,E Holly St,98225,26248
3974,1221,Sanpat Ln,62902,6022
3975,835-865,Mix Ave,06514,3275
3976,1436,Harbour Drive Apartment A,28401,14888
3977,2301,S Ellis Rd,57106,22961
3978,3371,Overland Ave,90034,2196
3979,401,69th St,33141,3783
3980,8500,Granville Parkway,68128,15545
3981,620,16th St East #1-5,55404,12225
3982,311-317,Ramona St,94301,2378
3983,1452,162nd Avenue,94578,2537
3984,14960,Sherman Way,91405,2716
3985,300,South Main St,62025,6185
3986,18802,Pentwater CT,28031,14333
3987,3160,Prince Circle,80020,2840
3988,1635,Keena Drive,89011,16959
3989,4175,And 4205 Neil Rd,89502,16993
3990,7699,Shaw Lane,48187,11006
3991,2407,2nd St NE,55418,12225
3992,4250,E Renner Road,75082,24614
3993,6080,Water St,75024,24543
3994,9925,W 20th Avenue #15,80215,3012
3995,3952,Iowa St,92104,2525
3996,5932,Outlook,66202,8183
3997,3087,Thorn St,92104,2525
3998,3962,SE 174th Avenue,97236,20400
3999,935,Vilas Avenue,53715,27074
4000,1360,3rd St,91750,2134
4001,1121,East 500 South,84102,25173
4002,1258,17th Ave NW Suite 4,55901,12348
4003,1,Valley Dr,48043,11423
4004,76,85 Tuscan Villa Drive,95965,2366
4005,1145,Griswold St,48226,11096
4006,691,Bloomfield Ave,07042,16351
4007,180,South Washington St,18701,22113
4008,212,Brady St Parker,52801,4869
4009,1245,Astor Avenue,48104,10913
4010,7620,Shawnee Mission Parkway,66202,8245
4011,4610,Lake St East,55406,12225
4012,1195,North Ave,05408,25991
4013,5720,Martway St,66202,8183
4014,10221,SW Eastridge St,97225,20400
4015,2350,SW 257th Ave,97060,20470
4016,16806,Chula Vista Avenue,97055,20425
4017,6901,SW 65th Avenue,97219,20400
4018,2302,E Denny Way,98122,26594
4019,328,W 8th Ave,99204,26616
4020,950-970,N Cliff Avenue,57103,22961
4021,1,Uptown Cir,61761,6671
4022,1700-1740,S Katie Avenue,57106,22961
4023,2215,Hidden Lake St,72764,1246
4024,3555-3559,Ash St,46368,7610
4025,7611,S 36th St,85042,1494
4026,2900,Connecticut Ave NW,20008,3439
4027,18,Stoneledge Dr,12182,18385
4028,17025,SE Powell,97236,20400
4029,863,E 200 S,84102,25173
4030,1010,Clubhouse Court,46032,7192
4031,2800,Franklin Avenue E,98102,26594
4032,4831,N Central Expressway,75205,23861
4033,200,Whitewood Drive,78242,24679
4034,3181,Arnold Palmer,97504,20349
4035,3330,Sandy Meadow Dr,27526,14417
4036,1077,Kafka Dr,27526,14417
4037,32,Union St,08901,16374
4038,6921,Roosevelt Way NE,98115,26594
4039,1525,N Webster St,97217,20400
4040,3572,3588 NE Garfield Avenue,97212,20400
4041,6105,SE Cora St,97206,20400
4042,305,George St,06511,3315
4043,939,S Broadway,90015,2196
4044,8130,SE 6th Ave,97202,20400
4045,100,Woodland Dr N 2b,65616,12629
4046,4105,N Concord Avenue,97217,20400
4047,1055,S Sherbourne Dr,90035,2196
4048,5401,E Thomas Road,85018,1494
4049,150,Continental St,29625,22326
4050,3260,Rockview Place,93401,2540
4051,19511,NE Halsey St,97230,20284
4052,542,N Alexandria,90004,2196
4053,600,Maple St,58701,15139
4054,3700,2nd St NE,58703,15139
4055,107,S Main St,58701,15139
4056,1710-1740,13th St SE,58701,15139
4057,305,27th Ave NW,58703,15139
4058,2105,5th St NW,58703,15139
4059,3800,2nd St NE,58703,15139
4060,1334,Las Palmas Avenue,90028,2196
4061,141,Valley Avenue/25 Robert St,58852,14953
4062,17544,E Progress Drive,80015,2857
4063,0,Vancouver Apartment 3327 Vancouver Ave,92104,2525
4064,113-115,Lindas Creek Ln,76088,24899
4065,902,Binney St,21224,10082
4066,6602,Beadnell Way #24,92117,2525
4067,1953,Wellington Ln Unit 4,92081,2729
4068,335,Cypress Creek Road,78613,23768
4069,3809,S Congress,78704,23608
4070,1005,W Stassney Lane,78745,23608
4071,13425,N Fm 620,78717,23608
4072,8515,S Ih-35,78744,23608
4073,0,Bancroft Place Apartments 137 North Mable Ave,57103,22961
4074,300,Azalea Dr Laurel Vistas,17366,22126
4075,2934,Leavenworth,68105,15635
4076,423,Seward Ave,58203,15047
4077,246,McMahon Road,39475,13720
4078,2700-2720,20th Ave SW,58701,15139
4079,3100-3122,14th St SW,58701,15139
4080,527,22nd Ave NW,58703,15139
4081,2801,College Avenue,94705,1676
4082,3112,30th St,92104,2525
4083,9645,North 11th Avenue,85021,1494
4084,725,S 20th St,68701,15622
4085,1944,Whitley Avenue,90068,2196
4086,1325,South 30th Ave,68105,15635
4087,505,4th St SW,58701,15139
4088,3485,Promenade Ave,55123,11943
4089,2800,7th St SW,58701,15139
4090,17620,80th Avenue NE,98028,26412
4091,18069,Coastline Dr,90265,2217
4092,1300,S Pleasant Valley Road,78741,23608
4093,1611,Collegeview Ave,27606,14704
4094,2202,And 2204 Enfield Road,78703,23608
4095,6812,South Congress,78745,23608
4096,4616,Triangle Avenue,78751,23608
4097,2408,Manor Rd,78722,23608
4098,2705,Manor,78722,23608
4099,7,S Linn St,52240,5068
4100,3300,Wells Branch Parkway,78728,23608
4101,8225,Fm 620 North,78726,23608
4102,625,E Stassney Lane,78745,23608
4103,10707,Lake Creek Parkway,78750,23608
4104,901,Red River,78701,23608
4105,2600,Lake Austin Boulevard,78703,23608
4106,8701,Bluffstone Cove,78759,23608
4107,7700,Capitol Of TX Highway,78731,23608
4108,1717,Toomey Rd,78704,23608
4109,4821,E Riverside,78741,23608
4110,1200,West 40th St,78756,23608
4111,11411,Research Boulevard,78759,23608
4112,2900,S.1st St,78704,23608
4113,8100,North Mopac Expressway,78759,23608
4114,80,W Maryland Avenue,85013,1494
4115,7809,Timberhill Dr,98203,26354
4116,2416,E Sixth St,78702,23608
4117,2801,Wells Branch Parkway,78728,23608
4118,820,Camino Vaquero Parkway,78748,23608
4119,1910,Willow Creek Drive,78741,23608
4120,121,Whisman Dr,45042,19118
4121,1773,Wells Branch Parkway,78728,23608
4122,400,21st Avenue S,37203,23367
4123,1300,4th St,94158,2528
4124,1200,Hidden Valley Dr,78665,24656
4125,12101,Dessau Rd,78754,23608
4126,9400,W Parmer,78717,23608
4127,1500,S Ih35,78681,24656
4128,2211,W North Loop Boulevard,78756,23608
4129,10801,Old Manchaca Road,78748,23608
4130,3505,South Lamar,78704,23608
4131,1680,Hero Way,78641,24259
4132,9801,W Parmer Lane,78717,23608
4133,2207,South 5th St,78704,23608
4134,2310,Wickersham,78741,23608
4135,412,E William Cannon,78745,23608
4136,6601,Rialto Boulevard,78735,23608
4137,8524,Burnet Road,78757,23608
4138,259,E 2100 S,84115,25173
4139,14200,The Lakes Boulevard,78660,24531
4140,422,West Riverside Dr,78704,23608
4141,2409,S 18th St,58201,15047
4142,2215,Channing Way,94704,1676
4143,8818,Travis Hills Dr,78735,23608
4144,615,West 7th St,78701,23608
4145,5606,N Lamar,78751,23608
4146,1466,Bonair Rd,92084,2729
4147,3611/3613,13th Ave N,58203,15047
4148,1019a,Julia,47905,7419
4149,1314,14th St,90404,2562
4150,2401,Aldrich St,78723,23608
4151,10600,Brezza Ln,78748,23608
4152,801,Sugaree Avenue,78752,23608
4153,6701,Rialto Boulevard,78735,23608
4154,2515,Elmont Dr,78741,23608
4155,2500,E 22nd St,78722,23608
4156,8017,Gessner,78753,23608
4157,125,Woodward St,78704,23608
4158,215,Wexford Dr,45050,19140
4159,999,S Harwood St Unit 636,75201,23861
4160,8701,Parmer,78729,23608
4161,15835,Foothill Farms Loop,78660,24531
4162,6103,Manor Road,78723,23608
4163,2704,French Place,78722,23608
4164,12101,N Lamar Boulevard,78753,23608
4165,3750,Garden View Dr,58201,15047
4166,5505,Bonner Ave.,91601,2327
4167,8501,Bluff Springs Road,78744,23608
4168,5313,Serene Hills,78738,24242
4169,817,W 5th St,78703,23608
4170,900,Chicon St,78702,23608
4171,1315,W 6th St,78703,23608
4172,12342,Hunters Chase,78729,23608
4173,2,Ocean Ave,02151,9916
4174,7318,Old Bee Caves Road,78735,23608
4175,1312,Guilford Ave Apartment,21202,10082
4176,1700,S Lamar Boulevard,78704,23608
4177,3701,S Lamar Boulevard,78704,23608
4178,7300,S Interstate 35,78745,23608
4179,4930,S Congress Avenue,78745,23608
4180,600,Barwood Park,78753,23608
4181,1500,E Riverside Drive,78741,23608
4182,11028,Jollyville,78759,23608
4183,1845,River Crossing Cir,78741,23608
4184,7507,S Beal Avenue,57108,22961
4185,332,Voldemort St,29732,22591
4186,10926,Jollyville,78759,23608
4187,5201,E Riverside Drive,78741,23608
4188,5300,Riata Park Court,78727,23608
4189,4330,Bull Creek Road,78731,23608
4190,700,W 45th St,78751,23608
4191,13005,Heinemann Drive,78727,23608
4192,1939,W Berridge Ln,85015,1494
4193,14201,N Ih 35,78660,24531
4194,4003,Red River St,78751,23608
4195,9036,North Lamar,78753,23608
4196,3221,N 36th St,85018,1494
4197,1817,E Oltorf St,78741,23608
4198,500,NE 70th St #306,98115,26594
4199,8746,Phinney Avenue N #301,98103,26594
4200,438,Richland Hills Drive,78245,24679
4201,502,W Longspur Boulevard,78753,23608
4202,11519,Pecan Creek Parkway,78750,23608
4203,9201,Simmons Road,78759,23608
4204,6804,N Capital Of TX Highway,78731,23608
4205,2009,Ryan Ave,45219,18731
4206,117,Oak Meadow Ln,24060,25282
4207,367,9th St,94103,2528
4208,3309,Fairmont Drive,37203,23367
4209,13150,Wenonah Avenue SE,87123,16594
4210,2700,North A W Grimes,78665,24656
4211,214,Barton Springs Rd,78704,23608
4212,11680,Hero Way W,78641,24259
4213,15017,Teasley Avenue,76008,23569
4214,2412,East Fourth St,57501,22922
4215,2750,S 38th St,58201,15047
4216,3816,South Lamar,78704,23608
4217,6301,Broadway Terrace,94618,2341
4218,6500,Champion Grandview Way,78750,23608
4219,2465,Dexter Avenue N,98109,26594
4220,4000,Ave A,78751,23608
4221,460,Bastrop Highway Sb,78741,23608
4222,701,W Longspur Boulevard,78753,23608
4223,2873,Segovia Way,92009,1768
4224,13867,Kearney St,80602,3152
4225,321,South Broad St Home  422,07202,16167
4226,3057,S 41st St,68105,15635
4227,124,N 31st Avenue,68131,15635
4228,406,North Hubert Ave Suite #101,33609,3930
4229,600,S Spring St,90014,2196
4230,374,East 5450 South,84405,25215
4231,5300,South 900 East,84117,25130
4232,8600,Emerson Ave Leasing Office,90045,2196
4233,7722-7734,N Ashland,60626,6061
4234,11115,W 64th Terrace,66203,8331
4235,5520,Fifth Ave,15232,21669
4236,1130,S Michigan Avenue,60605,6061
4237,6100-6118,N Winthrop Avenue 1058-1114 W Glenlake Avenue,60660,6061
4238,731,S Plymouth Court,60605,6061
4239,4604,6th Avenue E,34208,3536
4240,210,3rd St W Apartment 8105,34205,3536
4241,3200,Main St Unit 832,75226,23861
4242,614-620,South Broad St Home  202,07202,16167
4243,63,Pindo Palm Drive,32081,3872
4244,7000,Sheridan Associates Llc 7000-10 N Sheridan/1212-18 W Lunt,60626,6061
4245,911,Bryant St Unit 301,94103,2528
4246,285,Centennial Olympic Park Drive #902,30313,4008
4247,4505,Duval St,78751,23608
4248,6811,Great Northern,78758,23608
4249,3517,North Hills Drive,78731,23608
4250,11009,Alterra Parkway,78758,23608
4251,2271,3rd Avenue SW,50009,4686
4252,11635,Evergreen Creek Lane,89135,16968
4253,3524,Greystone,78731,23608
4254,203,Wexford Dr,45050,19140
4255,7,Derry Ln,29650,22449
4256,2401,Farnam St,68131,15635
4257,1363,Goodbar Avenue,38104,23338
4258,310,NW 87th Avenue,97229,20400
4259,2323,Olive St Unit 951,75201,23861
4260,4336,W 1850 N #101,84043,25095
4261,1724,Butler Avenue,90025,2196
4262,1920,Orchard Crest St,48317,11607
4263,15292,Hawks Ridge Drive,48808,10942
4264,615,CT St,49783,11598
4265,5123,Ryan Road,43614,19455
4266,7920,San Felipe Boulevard,78729,23608
4267,12701,W 88th Cir,66215,8120
4268,3100,W 22nd St Building A,66047,8112
4269,8201,Renner Road,66219,8120
4270,2401,Lakeview Road,72116,1061
4271,8820,W Westlawn St,67212,8411
4272,7001,S Congress Avenue  1703,78745,23608
4273,23910,W Interstate 10,78257,24679
4274,1230,E 38th St,78722,23608
4275,3201,Esperanza Crossing,78758,23608
4276,122,Roy Smith St,78215,24679
4277,1500,Crossing Place,78741,23608
4278,1401,St Edwards Drive,78704,23608
4279,757,Oakdale Drive,78745,24796
4280,22,Gray St,02476,9610
4281,1908,Geddes Avenue,48104,10913
4282,1511,Levona St,48198,11735
4283,2501,Hibiscus Avenue,78501,24356
4284,76334,Bryson Hesperia Road,93426,1710
4285,555,S Ohio Avenue,78570,24374
4286,6341,S Western Avenue,60636,6061
4287,7,Knickerbocker Ln,94563,2361
4288,17317,Lotus Way Unit B,95037,2285
4289,652,Sea Anchor Dr Unit 2202,94063,2474
4290,1225,Island Avenue Unit 503,92101,2525
4291,6125,Springtime Common,94551,2177
4292,1935,Mount Vernon CT Apartment 2,94040,2297
4293,1452,Via Merano St,89052,16959
4294,369,Gracious Way,89011,16959
4295,15215,Northeast 7th Place,98007,26247
4296,111,108th Ave North East Unit A501,98004,26247
4297,766,Thornton Ave,94124,2528
4298,1645,Vine St Unit 301,90028,2196
4299,2015,Walnut St #307,19103,21658
4300,62,Buckelew St,94965,2569
4301,962,East 2nd St,90802,2190
4302,1200,Brickyard Way Unit 202,94801,2482
4303,3754,Fredonia Dr Unit 1,90068,2196
4304,15,Carisbrook Dr,94563,2361
4305,4448,Archibald Way,27616,14704
4306,195,Monterey Blvd,94131,2528
4307,6800,E Lake Mead Boulevard Unit 1001,89156,16968
4308,2813,Bayview Blvd,23707,25752
4309,9090,Ravenna Ave Unit 201,98115,26594
4310,4844,S Gazelle St,98118,26594
4311,1402,North Avenue NE Lower 1,49505,11204
4312,3575,N Oakland Avenue,53211,27282
4313,116,N 2nd St,46733,7248
4314,1932,West Plum St,80521,2927
4315,1521,2nd Ave Unit 2202,98101,26594
4316,4275,McKellar Ln Unit 2,94306,2378
4317,1057,Big Bear Court,95035,2261
4318,14225,Lora Drive Unit 48,95032,2198
4319,10319,Wallingford Avenue N,98133,26594
4320,537,Bellevue Way SE,98004,26247
4321,2645,Railroad St,15222,21669
4322,1100,University St,98101,26594
4323,14027,Lake City Way NE,98125,26594
4324,1501,145th Place SE,98007,26247
4325,880,Canyon Ridge Way,84047,25113
4326,1035,W Van Buren St,60607,6061
4327,2260,Foothill Drive,84109,25173
4328,7700,N Port Washington Road,53217,26926
4329,363,E 12th Avenue,43201,18753
4330,12436,Hunters Mill Trail,76028,23729
4331,5300,5308 S Hyde Park Blvd,60615,6061
4332,1785,North Water St,53202,27114
4333,12660,Jupiter Rd,75238,23861
4334,2920,S Hilltop Dr,46970,7597
4335,2700,N Washington St,46901,7412
4336,337,Falling Star Dr,76052,24001
4337,16174,W Hope Dr,85379,1553
4338,12300,Clearglen Ave,90604,2761
4339,3634,Savanna St,92804,1621
4340,5712,N 63rd Dr,85301,1415
4341,1405,Williamson St,53703,27074
4342,420,W Gorham St,53703,27074
4343,1800,Washington Avenue S,55454,12225
4344,4401,Valley View Road,55424,11952
4345,900,Nettle Drive,43210,18753
4346,1000,Washington Avenue,63101,13272
4347,4824,Lynn Lee Cir,28269,14298
4348,107,Everett Park Dr,28115,14618
4349,4015,Maderia Dr,28027,14325
4350,9950,Juanita St,90630,1854
4351,712,E Walnut St,91101,2388
4352,9001,S Braeswood Boulevard,77074,24134
4353,9971,Good Luck Rd,20706,10276
4354,6700,Belcrest Rd,20782,10257
4355,4702,176th St,98037,26451
4356,4727,200th St SW,98036,26451
4357,853,Park Ave,21201,10082
4358,2298,Shady Dr,30260,4342
4359,3856,Cove Top CT,30052,4287
4360,534,Stratford Dr,30134,4145
4361,208,Cobblestone CT,30134,4145
4362,394,Ocean Avenue,02151,9916
4363,2100,East Stop 12 Road,46227,7390
4364,390,Liberty St,94114,2528
4365,1819,Golden Gate Ave,94115,2528
4366,861,Post St,94109,2528
4367,50,Joice St,94108,2528
4368,0,17th St,94806,2546
4369,3200,Gillham Road,64109,12967
4370,811,E Bridger Avenue,89101,16968
4371,5067,Madre Mesa Dr,89108,16968
4372,720,S Rangeline Road Suite 166,46032,7192
4373,6470,Timber Bluff Point,80918,2872
4374,1955,SE Morrison St,97214,20400
4375,10883,SE 10th St,98664,26658
4376,6007,Grissom Road,78238,24268
4377,8003,Trail Village Dr,78244,24679
4378,7724,E Independence St,74115,20088
4379,6603,East 79th St,74133,20088
4380,225,Golden Hill St,06604,3211
4381,64,Beacon St,01610,10060
4382,615,N 20th St,68102,15635
4383,1712,4th Avenue,68048,15665
4384,3312,Davenport St,68131,15635
4385,1511,Clinch Avenue,37916,23286
4386,414,N Forest Park Boulevard,37919,23286
4387,600,E Inskip Dr,37912,23286
4388,6444,Jones Creek Rd,70817,9183
4389,8008,Bluebonnet Boulevard,70810,9183
4390,137,Castlewood Ln,29045,22412
4391,236,Bassett Loop,29229,22381
4392,400,North University,72205,1061
4393,1155,Cumulus Drive,72034,866
4394,1301,Las Riendas Dr,90631,2126
4395,2414,Tremont St,80907,2872
4396,3901,Woodland Avenue,50266,5556
4397,6210,NW 106th St,50131,5078
4398,5565,Mansions Bluffs,78245,24679
4399,9205,Fm78,78109,23823
4400,1643,Amanda St,78210,24679
4401,6701,Blanco Rd,78216,23761
4402,1531,N St,95814,2511
4403,5828-5836,Montgomery Road,45212,18731
4404,2001,Madison Square Boulevard,37086,23291
4405,2505,Devils Glen Rd,52722,4740
4406,1505,W Tharpe,32303,3929
4407,2039,N Meridian Road,32303,3929
4408,2353,Mission Road,32304,3929
4409,0,22nd Avenue North,37201,23367
4410,2224,Hamlet Hill Dr,37013,23047
4411,120,S 5th St,37206,23367
4412,4100,Summit Dr,02324,9649
4413,6180,E Lake Sammamish Parkway,98052,26568
4414,10234,Powell Creek CT,32222,3706
4415,99,North Main St,38103,23338
4416,400,Broadleaf Boulevard,06042,3292
4417,46,Avonwood Road,06001,3198
4418,2824,Rhodes Cir,35205,271
4419,1927,15th Ave South,35205,271
4420,2096,2108 Delaware Avenue,14216,17193
4421,173-175,North St,14209,17193
4422,2000,Westown Parkway #37,50265,5556
4423,3821,66th Avenue,50322,5512
4424,2001,E Virginia Avenue,50320,4889
4425,1100,E 2nd Avenue,50125,5065
4426,1422,Pennsylvania Avenue,50316,4889
4427,402,N Gregory,61801,6995
4428,402,S Fifth,61820,6046
4429,519,E Green,61820,6046
4430,608,E Chalmers,61820,6046
4431,408,E Healey,61820,6046
4432,500-510,E Michigan,61801,6995
4433,519,E 14th,47408,7149
4434,307,East 19th St,47408,7149
4435,0,"303,315 E 8th  417 N Grant",47408,7149
4436,316,East University St,47401,7149
4437,1825,Caleb CT,52317,5280
4438,924,E Rockwell,99207,26616
4439,770,S 40th St,72762,1246
4440,321,341 Burley Avenue,40504,8803
4441,500,South Upper St,40508,8803
4442,301,E Center St,65742,13253
4443,1825,E Republic Road,65804,13312
4444,1530,E Erie St,65804,13312
4445,634,E Bear Boulevard,65807,13312
4446,926,E Walnut,65804,13312
4447,248,East Monastery St,65810,13312
4448,3039,S Ridgecrest Avenue,65807,13312
4449,1915,Patzman St,71101,9536
4450,1625,Barton Drive,71107,9536
4451,8033,South Padre Island Drive,78412,23829
4452,4440,Gulfway Drive,77642,24555
4453,110,E 11th Ave,99501,11
4454,575,Easton Ave,08873,16502
4455,420,10th Avenue Drive NE,28601,14475
4456,134,Main St,53403,27228
4457,720,Roberts Rd,56377,12389
4458,2716,King Arthur CT,30519,4058
4459,1418,Millstream Trail,30044,4273
4460,2101,Corona Road,65203,12719
4461,1007,E Broadway,65201,12719
4462,588,Fenton St,54971,27247
4463,115,Tremont St,50613,4798
4464,3809,S Sare Road,47401,7149
4465,202,West Longleaf Dr,36832,252
4466,2443,Hurt Dr,27804,14725
4467,4404,Candlewood Place,57702,22935
4468,728,S Main St,48104,10913
4469,2736,Raintree Drive,80526,2927
4470,5910,Norfolk Dr,68505,15556
4471,5801,Tangeman Terrace,68505,15556
4472,20,East Baltic St,06360,3334
4473,4455,SW 34th St,32608,3650
4474,75,Siskin Cir,28443,14455
4475,3118,SW 15th Avenue,79102,23580
4476,1014,Parkside Dr,98310,26260
4477,1800,Sidney Ave,98366,26552
4478,712,W Green St,61801,6995
4479,1010,W Clark,61801,6995
4480,300,S Monroe St,80209,2894
4481,1110,Jenne St,48837,11202
4482,501,Greens Road,77060,24134
4483,5311,N Detroit Ave,43612,19455
4484,102,N Gregory,61801,6995
4485,5525,Ellsworth Ave,15232,21669
4486,2070,Belmont Road NW,20009,3439
4487,249,Crittenden Way,14623,18177
4488,2326,West John St,61821,6046
4489,103,E Chalmers,61820,6046
4490,48,E John,61820,6046
4491,781,Spring St,31201,4300
4492,520,Mlk Jr Boulevard,31201,4300
4493,120,Byrd Avenue,54956,27138
4494,1401,S Nicolet Rd,54914,26712
4495,1804,39th St S,58103,15016
4496,2681,Whispering Creek Cir,58104,15016
4497,701,Stone Ridge Dr,46041,7310
4498,5340,56th St NW,55901,12348
4499,320,Alabama St,47901,9387
4500,234,Marsteller St,47906,7763
4501,427,N Salisbury St,47906,7763
4502,314,S Chauncey Ave,47906,7763
4503,231,Pierce St,47906,7763
4504,925,Hilltop Drive,47906,7763
4505,806-808,Ferry St,47901,7419
4506,140,S Salisbury St,47906,7763
4507,46,N Salisbury St,47906,7763
4508,339,Vine St,47906,7763
4509,101,Andrew Place,47906,7763
4510,440,S Chauncey,47906,7763
4511,224,S Chauncey Ave,47906,7763
4512,915,N 6th St,47904,7419
4513,8,South 8th St,47901,7419
4514,704,N 6th St,47901,7419
4515,1755,Miller Springs Dr,30620,4027
4516,2628,Enterprise Dr,53083,27276
4517,1708,Meadowbrook Dr,54220,27079
4518,2120,Kennedy Dr,53061,27150
4519,7,Sheboygan St,54935,26918
4520,510,Timberwolf Dr,56001,12191
4521,1425,Harry Road,66502,8152
4522,3400,Evergreen Ln,63125,13272
4523,100,Tonto Trail,47905,7419
4524,10911,Woodmeadow,75228,23861
4525,17206,Imperial Valley Drive,77060,24134
4526,3902,3906 Lindell Blvd,63108,13272
4527,18,South Kingshighway,63108,13272
4528,1808,Chapel Hill Road,27707,14364
4529,1,E Chase St #608,21202,10082
4530,9766,9846 Rosehill Rd,49103,10960
4531,203,Hidden Oaks Dr,48880,11589
4532,716,Adagio Dr,46143,7346
4533,9635,Gull Lake Dr,46239,7390
4534,37,Forestland CT,29212,22381
4535,303,Holly Creek Dr,29063,22469
4536,1104,Laura Duncan,27502,14203
4537,302,Bronze Dr,29072,22498
4538,824,Cedar Break CT,29073,22498
4539,101,Charing Cross Rd,29063,22469
4540,1937,Sharon Road W,28210,14298
4541,6310,Ansley Falls Drive,28217,14298
4542,4012,Quail Forest Dr,28226,14298
4543,5410,Prosperity Ridge Rd,28269,14298
4544,20,46 Charles St,07675,16573
4545,1077,Warburton Ave,10701,18545
4546,416,N Paterson St,53703,27074
4547,2006,McCarthy Road,50014,4689
4548,1532,S Price Road Lp,85281,1557
4549,15434,N 32nd St,85032,1494
4550,11515,Leisure Drive,75243,23861
4551,3701,Massachusetts Ave NW,20016,3439
4552,1970,W Old Magee Trail,85704,1570
4553,7901,N Cortaro Rd,85743,1570
4554,201,S Kolb Rd,85710,1570
4555,3020,S Sixth Avenue,85713,1570
4556,9602,South Memorial Drive,74133,20088
4557,3904,N 153rd CT,68116,15635
4558,1011,Jones St,68102,15635
4559,4986,Amarosa Heights,80920,2872
4560,1495,Farnham Point,80904,2872
4561,2350,Paragon Dr,80918,2872
4562,3807,Half Turn Rd,80917,2872
4563,909,S Brooks St,53715,27074
4564,1129,Mound St,53715,27074
4565,1857,E Kenilworth Place,53202,27114
4566,1437,N Jefferson St,53202,27114
4567,10459,W College Avenue,53130,26970
4568,1551,N Water St,53202,27114
4569,15300,37th Avenue N,55446,12319
4570,3475,Golfview Dr,55123,11943
4571,8617,Edinbrook Crossing,55443,12225
4572,465,Nicollet Mall,55401,12225
4573,2621,Lyndale Avenue,55408,12225
4574,12664,Central Avenue NE,55434,11810
4575,5399,Grand Dr,43016,18805
4576,2255,Country Corners Drive,43220,18753
4577,834,Washington Avenue,15106,20721
4578,4301,Arco Avenue Bonsai,63110,13272
4579,711,Farmhurst Drive,28217,14298
4580,2728,Commonwealth Avenue,28205,14298
4581,650,Tamarack Ave,92821,1714
4582,14221,Edwards St,92683,2753
4583,790,North Euclid St,92801,1621
4584,10025,W Dartmouth Ave,80227,3012
4585,15403,E 1st Ave,80011,2817
4586,16199,Green Valley Ranch Blvd,80239,2894
4587,9701,SE Johnson Creek Boulevard,97086,20289
4588,2005,N Williams Ave,97227,20400
4589,3425,SE Gladstone St,97202,20400
4590,50,SE 13th Avenue,97214,20400
4591,4975,SE Division St,97215,20400
4592,1565,N Business I-35,78130,24446
4593,5100,Mllenia Waters Drive,32839,3834
4594,1550,Iron Point Road,95630,1956
4595,1801,Eureka Rd,95661,2502
4596,9980,Hanover Way,45140,19051
4597,1620,Corinthian Dr,41042,8649
4598,4120,W 94th Terrace,66207,8278
4599,1860,SE Timbercreek Court,64014,12612
4600,3100,Quail Creek Drive,64055,12948
4601,600,S Harrison St #76,66061,8230
4602,3850,Mountain Vista St,89121,16968
4603,2755,Merlin Lake Dr,46229,7390
4604,2910,A White Knight Boulevard,46229,7390
4605,1809,Railroad Ave,94550,2177
4606,865,Bellevue Rd,37221,23367
4607,4450,GA Highway 40 East,31558,4441
4608,777,E 15th St,73013,19738
4609,6600,SE 74th St,73135,19959
4610,500,Central Park Drive,73105,19959
4611,2,W Marshall St,23220,25787
4612,460,E 400 S,84111,25173
4613,30,North Orange St,84116,25173
4614,3247,Forum Boulevard,33905,3640
4615,355,88th St,50266,5556
4616,1900,Cedar St,50211,5283
4617,1225,West 1000 South,84058,25143
4618,621,Memorial Dr,37415,23113
4619,2020,E Kerr St,65803,13312
4620,1001,S Meadows Parkway,89521,16993
4621,1000,Allison Drive,95687,2707
4622,30,Main St,03053,15929
4623,1553,'A St,99501,11
4624,6029,Debarr Road,99504,11
4625,7101,Weimer Rd,99502,11
4626,5215,Mockingbird Drive,99507,11
4627,218,McMarrey St,99508,11
4628,2001,W 80th #09,99502,11
4629,1140,E 37th St,52807,4869
4630,2350,Phillips Road,32308,3929
4631,4709,South Oxbow Avenue,57106,22961
4632,6315,S Connie Avenue,57108,22961
4633,1201,Gunn St  1,54915,26712
4634,1855,Shoshone Dr,47909,7419
4635,5500,South Shore Dr,60637,6061
4636,6700,S Oglesby,60649,6061
4637,2400,State Hwy 121,76039,23961
4638,5940,Forest Park Rd,75235,23861
4639,1700,Cedar Springs Rd,75202,23861
4640,8749,Southwestern Blvd,75206,23861
4641,620,N Coppell Rd,75019,23827
4642,2701,Macarthur Blvd,75087,24273
4643,9750,Royal Ln,75231,23861
4644,4300,Horizon North Parkway,75287,23861
4645,5454,Amesbury Dr,75206,23861
4646,2539,Spring Cypress Rd,77388,24764
4647,300,Forest Center Drive,77339,24211
4648,1855,Saint Francis St,20190,25780
4649,15001,Potomac Heights Place,22191,25946
4650,13940,Longwood Manor Court,22191,25946
4651,4640,Daisy Reid Ave,22192,25946
4652,1515,Richmond Hwy,22202,25242
4653,2300,Vantage Dr,22191,25946
4654,1351,N Rolfe St,22209,25242
4655,1421,Massachusetts Avenue,20005,3439
4656,2341,Dulles Station Boulevard,20171,25548
4657,2300,Woodland Crossing Dr,20171,25548
4658,5735,29th Ave,20782,10257
4659,1380,Piccard Dr,20850,10379
4660,3472,Andrew Court,20724,10277
4661,6116,Cumberland Ave,22150,25847
4662,3201,Landover St,22305,25231
4663,310,Granello Avenue,33146,3577
4664,5016,Paseo Padre Parkway,94555,1976
4665,404,S Newport Avenue,33606,3930
4666,2703,Delk Road,30067,4306
4667,99,Creekside Cir,30168,4012
4668,5130,E Ponce DE Leon Avenue,30083,4479
4669,40,East Pier Dr,02128,9704
4670,2383,North Main St,94596,2733
4671,642,Alvarado St,94114,2528
4672,345,Fulton St,94102,2528
4673,1016,Washington St,94108,2528
4674,685,Geary St,94102,2528
4675,709,Geary St,94109,2528
4676,645,Stockton St,94108,2528
4677,267-273,Green St,94133,2528
4678,795,Pine St,94108,2528
4679,800,Lyon St,94115,2528
4680,1355,Lombard St,94109,2528
4681,610,Leavenworth St,94109,2528
4682,250-N,College Park Dr,91786,2705
4683,211,W Rincon St,92880,1832
4684,3390,Country Village Rd,92509,2495
4685,24875,Prielipp Rd,92595,2762
4686,6102,St Albion Way,98043,26495
4687,16724,Juanita Drive NE,98028,26412
4688,11000,16 Avenue SE,98033,26354
4689,580,8th Avenue NE,98029,26407
4690,17126,Southeast 269th Place,98042,26314
4691,1300,South Puget Dr,98055,26569
4692,25220,109th Place SE,98030,26414
4693,5424,212th St SW,98043,26495
4694,12210,SE Petrovitsky Rd,98058,26569
4695,3801,Marquette Place #2n,92106,2525
4696,14201,Cyber Place,33613,3930
4697,3511,Great Cypress Cir,33573,3887
4698,10821,Cross Creek Boulevard,33647,3930
4699,960,Southerly Rd,21204,10428
4700,5029,Columbia Rd,21044,10153
4701,442,Pamela Road Suite B,21061,10226
4702,10020,Trainstation Cir,80124,3025
4703,1045,Old Peachtree Road NW,30024,4487
4704,3649,Cedar Run Rd,79606,23557
4705,3315,Godfrey St,79707,24387
4706,4805,Briarwood Ave,79707,24387
4707,3600,North Midland Dr,79707,24387
4708,4000,West Illinois Ave,79703,24387
4709,4001,Faudree Rd,79765,24477
4710,2220,East 52nd St,79762,24477
4711,1935,Miller St,54601,27038
4712,406,Fairway Meadows Drive,49068,11378
4713,1800,Cross Lakes Boulevard,46012,7116
4714,1100,W Jeffery St,60901,6425
4715,805,Horicon St,53032,26997
4716,1205,1215 Yuma St,66502,8152
4717,14,Lacroix Court Drive,14609,18177
4718,901,N Pollard St,22203,25242
4719,9408,Adelphi Road,20783,10072
4720,345,Buckland Hills Dr,06042,3292
4721,737,Chicago Avenue,60202,6221
4722,1600,South Eads St,22202,25242
4723,385,S Manchester Avenue,92868,2356
4724,6100,Lincolnia Rd,22312,25231
4725,33,8th St,94103,2528
4726,11179,Weddington St,91601,2327
4727,20900,Anza Avenue,90503,2679
4728,250,Kendall St,02142,9659
4729,3300,Galena Dr,21704,10208
4730,245,West Broadway,90802,2190
4731,10670,Brunswick Road S,55438,11813
4732,3460,W 7th St,90005,2196
4733,3815,Somerset Drive,66208,8278
4734,1188,Mission St,94103,2528
4735,1550,Brookfield Dr,48103,10913
4736,3800,West Devonshire Ave,92545,2045
4737,850,North Center Ave,91764,2354
4738,2550,S San Tan Village Parkway,85295,1414
4739,1415,North Country Club Dr,85201,1464
4740,4401,S Kirkman Rd,32811,3834
4741,3089,Woodland Hills Drive,48108,10913
4742,4618,Middlebrook Rd,32811,3834
4743,220,S Semoran,32792,3971
4744,1743,Semoran North Cir,32792,3971
4745,4000,Middlebrook Rd,32811,3834
4746,701,Fairway Dr,27565,14661
4747,65,Irby Ave,30305,4008
4748,712,Tucker St,27603,14704
4749,2073,W Lindsey,73069,19947
4750,3014-B,Fallstaff Rd,21209,10082
4751,2200,North Torrey Pines Dr,89108,16968
4752,6237,S Manhattan Avenue,33616,3930
4753,2349,Perring Manor Road,21234,10082
4754,14600,Huffmeister Rd,77429,23855
4755,10880,Barker Cypress Rd,77433,23855
4756,10881,Richmond Avenue,77002,24134
4757,2651,Whispering Creek Cir,58104,15016
4758,54-60,Springview Dr,49037,10943
4759,3752,45th Terrace,46228,7390
4760,6510,Poseidon Way,78109,23823
4761,585,Scarlet Sage Ln,29223,22381
4762,340,Tuscany Trace,30157,4124
4763,1919,Notre Dame Dr,75154,24045
4764,11418,Buck Canyon,78252,24679
4765,4000,Essex Ln,77027,24134
4766,79,Brighton Ave,02134,9643
4767,1410,Putters Edge,78221,24679
4768,1345,Torrence Grove Church Rd,28213,14298
4769,19,Norton Dr,30157,4124
4770,4604,Palm Ridge Dr,76133,24001
4771,7822,Galleon Field Ln,77433,23855
4772,12231,English Brook Cir,77346,24140
4773,29507,Brookchase Dr,77386,24764
4774,1934,Creston Dr,77386,24764
4775,14514,Lourdes Dr,77049,24134
4776,2014,Briar Ridge Dr,77471,24650
4777,5419,Trail Timbers Dr,77346,24140
4778,8111,Villandry Ln,77338,24140
4779,21434,Jamals Way,77073,24134
4780,3322,Lowland Dr,30135,4145
4781,17011,N Lighthouse Dr,77532,23844
4782,5009,N Sheridan Road,60640,6061
4783,11146,Vance Jackson Road,78230,24679
4784,1515,O St NW,20005,3439
4785,1255,New Hampshire Ave,20036,3439
4786,6800,Villa DE Costa Dr,32821,3834
4787,2911,Bynan Drive,48197,11735
4788,4700,Cason Cove Drive,32811,3834
4789,5974,Windhover Dr,32819,3834
4790,5320,5326.5 S Drexel Blvd,60615,6061
4791,100,Chimney Top Dr,37013,23047
4792,2221,W Dallas St,77002,24134
4793,875,North Eldridge,77002,24134
4794,18108,South Park View Dr,77002,24134
4795,4522,Sylvanfield Drive,77002,24134
4796,7777,Katy Freeway,77002,24134
4797,2724,Kipling St,77002,24134
4798,3720,West Alabama,77002,24134
4799,9701,Meyer Forest Dr,77002,24134
4800,1800,Austin Parkway,77478,24786
4801,2700,Travis St,77002,24134
4802,12410,West Little York Rd,77002,24134
4803,404,Oxford St,77002,24134
4804,10221,Centrepark Dr,77002,24134
4805,2530,Yorktown,77002,24134
4806,15511,Tuckerton Rd,77002,24134
4807,2088,Laverne St Unit Hp,77002,24134
4808,680,West Sam Houston Parkway South,77002,24134
4809,2730,Lafferty Road 2x1,77502,24511
4810,625,Stanwix St,15222,21669
4811,710,W Walnut St,65806,13312
4812,4903,Junius St,75214,23861
4813,8197,14th Ave South,58201,15047
4814,2828,Euclid Ave,44115,18738
4815,0,15th St SE Independence Avenue SE Washington DC,20003,3439
4816,908,8th SW St,50009,4686
4817,3111,13th St,97301,20424
4818,303-319,Market St,92101,2525
4819,1151,Amherst,90049,2196
4820,1475,SE 15 St #108,33316,3637
4821,39,Bayoo Pointe,77063,24134
4822,417,S Locust St,76201,23883
4823,505,S Busey Avenue,61801,6995
4824,1617,Cosmo St,90028,2196
4825,14145,N 92nd St,85250,1533
4826,2322,Richton St,77098,24134
4827,347,Cape Harbour Loop #103,34212,3536
4828,68,Hayes St,22556,25848
4829,1095,Blackwolf Run Road,33896,3593
4830,17229,Magic Mountain Drive,20141,25803
4831,2336,SW Osage Unit 202,97205,20400
4832,934,Streamlet Ave,32958,3907
4833,186a,And Pond Springs,78750,23608
4834,2819,Norcross Road,37803,23326
4835,20380,Spice Dr,65583,13398
4836,6081,Wahl Rd Unit A,98249,26367
4837,2512,Sir Barton Bay,78108,23793
4838,210,Oak St,49307,10964
4839,2004,Legacy Lane,77840,23807
4840,1040,Biscayne Boulevard Apartment 2104,33132,3782
4841,69,Diamond Creek Dr,27520,14309
4842,246,Lincoln St Unit C,92870,2422
4843,1902,S State Highway 121,75067,24273
4844,1115,Fox Ridge Rd,53818,27204
4845,221,Crystal St,50010,4689
4846,548,W Main St,53703,27074
4847,513,Park Avenue,21201,10082
4848,24055,TX-249,77375,24840
4849,2411,41st Avenue E,98112,26594
4850,1175,Pinellas Point Dr South,33705,3895
4851,0,SW 78 Th CT Miami,33144,3782
4852,3726,Washington,64111,12967
4853,9530,Mission Rd,66206,12967
4854,4317,NE 66th Ave,98661,26658
4855,4707,Wurzbach Road,78238,24679
4856,5039,Hamilton Wolfe,78229,24679
4857,2901,Euclid Ave,44115,18738
4858,0,Emory Woods Condo 2515 Veterans Memorial Parkway Unit 312,35404,710
4859,305,E 43rd St Unit 3w,64111,12967
4860,6611,Leightyn Ln Lot 43 Right,72916,936
4861,1306,Sassafras St,92103,2525
4862,1680,SW 53rd St,97333,20216
4863,1028-1030,Tippecanoe St,47904,7419
4864,2400,East Boston St,98112,26594
4865,1823,Windhill Avenue,73034,19738
4866,5338,Cartwright Avenue,91601,2327
4867,4901,Todd,50014,4689
4868,2725,South 700 East,84106,25173
4869,10455,Burnet,78758,23608
4870,3406,Orion Drive,50010,4689
4871,350,WI Parkway,30132,4124
4872,421-31,W Barry,60657,6061
4873,6008,Kennedy Boulevard W,07093,16569
4874,1530,Hudson Graham Ln,28216,14298
4875,1210,W North Avenue,53206,27114
4876,4200,Ludlow St,19104,21658
4877,423,N Carroll St,53703,27074
4878,112,W Wood St,47906,7763
4879,1120,1126 East 47th St,60653,6061
4880,730,Williamson St,53703,27074
4881,2904,Lyndale Ave South,55408,12225
4882,125,North Syracuse St,92801,1621
4883,950,Franklin St,94109,2528
4884,4148,Booth Place,66103,12967
4885,9400-9430,W 81st St,66204,8245
4886,133,SW McClendon Dr,64081,13010
4887,1215,N 18th St,66102,12967
4888,2815,Merriam Ln,66106,8092
4889,700,SE Cesar E Chavez Boulevard,97214,20400
4890,120,Murray St,13905,17136
4891,2275,Grove Way,94546,1782
4892,0,Champions Place 308 511 11th St,35401,710
4893,14509,Griffin St,35405,710
4894,14790,NW Delia St,97229,20400
4895,736,W Collins,76201,23883
4896,3450,8th Avenue S,56560,12235
4897,265,Reflections Drive Apartment 26,94583,2550
4898,301-337,Temple St 300-336 W Church St 206-212 Loft Lane,30180,4532
4899,501,S Locust St,76201,23883
4900,522,Pepper Drive,92021,1906
4901,301b,Utterback,78640,24224
4902,2313,W Armitage,60647,6061
4903,3707,Buffalo Springs Trail Building 5,78628,24036
4904,13383,Edwards St,92683,2753
4905,900,N Rohlwing Rd,60101,5850
4906,400,Mills Avenue Unit 129,29605,22447
4907,5700,Ellsworth Avenue,15232,21669
4908,1315,Spring St,53715,27074
4909,1350,E 53rd,60615,6061
4910,310,N Butler St,53703,27074
4911,4529,S 23rd St,53221,27114
4912,5700,Ogontz Ave,19141,21658
4913,46,Leamington Rd,02135,9643
4914,17715,Wayforest Drive,77060,24134
4915,420,East Armour Blvd,64109,12967
4916,4624,Cromwell Dr,78640,24224
4917,214,E San Antonio St,78666,24687
4918,2221,S Clark St,22202,25242
4919,1601,N 45th St #G13,98103,26594
4920,47,Crawford Parkway,27520,14309
4921,307,Knightsborough Way,27502,14203
4922,738,South Ogden Dr,90036,2196
4923,3900,93rd Avenue SW,98512,26522
4924,1050,Allen,91201,1996
4925,1001,7th Avenue SW,55025,11997
4926,4607,242nd St SW,98043,26495
4927,808,Callista Cay Loop,34689,3931
4928,1143,7th Avenue SW,55025,11997
4929,401,E Beaumont Avenue,53217,27384
4930,315,N Paterson St,53703,27074
4931,5700,S Blackstone Avenue,60615,6061
4932,8401,Skillman St,75231,23861
4933,2337,E Juanita Ave,85204,1464
4934,2300,Wilcrest Dr,77042,24134
4935,36200,Dequindre Rd,48310,11643
4936,150,Amberwood South,78640,24224
4937,11340,Alamo Ranch Parkway,78253,24679
4938,9003,Vista West Dr,78245,24679
4939,2727,Treble Creek,78258,24679
4940,1510,"1520 1530,1540,1550,1560 23rd St SE 1252 23rd St SE Suite 120",97301,20424
4941,3701,W Lake St,55416,12225
4942,1723,5th Ave,35401,710
4943,1510,9th St,35401,710
4944,99,Gorge Rd,07020,16162
4945,7405,W 123rd St,55124,11760
4946,1715,15th St NW Unit 301,20009,3439
4947,121,E Wedgewood,99208,26616
4948,1653,West 3750 South,84790,25170
4949,809,Harrison St,53711,27074
4950,117,W Nims Ave,28120,14626
4951,3500,Grand Ave,50010,4689
4952,5405,5407 S Woodlawn Ave,60615,6061
4953,11518,W Columbine Dr,85335,1397
4954,1326,Chandler St,53715,27074
4955,125,Oak Grove St,55403,12225
4956,335,East St Joseph,48933,11329
4957,8655,Graves Avenue,92071,2567
4958,35926,Union Lake Road,48045,11231
4959,9550-9634,W 87th St,66212,8245
4960,11008,Clear Skies Dr,63114,13272
4961,11707,Vance Jackson,78230,24679
4962,9850,Westover Hills Boulevard,78251,24679
4963,624,Washington St,02816,22265
4964,5201,Eagles Peak Way,40241,8816
4965,2309,Lyndale Avenue S,55405,12225
4966,8220,Topanga Canyon Boulevard,91304,1756
4967,3042,NW Parkhurst Terrace,97229,20400
4968,910,Claudette Dr,37877,23496
4969,515,Richter Ln,77469,24617
4970,1803,T St NW Unit B,20009,3439
4971,2700,Mary St,70458,9547
4972,1207,Delaware,50014,4689
4973,1219,W Emery St,30720,4125
4974,2301,Anita Drive,75149,24380
4975,129,N Franklin St,53703,27074
4976,2161,Effingham Way,53590,27321
4977,729,E Johnson St,53703,27074
4978,9100,W Lisbon Avenue,53222,27114
4979,11956,N 152nd Dr,85379,1553
4980,1132,Mound St,53715,27074
4981,300,Chatham Park Drive,15220,21669
4982,7404,Westcott Dr,34668,3876
4983,2115,Hyde St,94109,2528
4984,863,River Rd,92880,1832
4985,2114,Swift St,64116,12967
4986,4140,Oak,64111,12967
4987,1011,Wonderworld Drive,78666,24687
4988,1001,Leah Ave,78666,24687
4989,680,E Basse Road,78209,24679
4990,12,Eagle St,02908,22301
4991,408,E Cottage Grove Avenue,47408,7149
4992,1921,Constitution Dr,20685,10387
4993,423,High Tech Dr,78626,24036
4994,4835,38th St South,58104,15016
4995,2570,Farnam St,68131,15635
4996,3100,Thorntree Drive,49837,11189
4997,1209,Delaware,50014,4689
4998,3033,N Beverly Glen Circle,90077,2196
4999,902,Navidad St,77801,23716
5000,2047,N Cambridge Avenue,53202,27114
5001,1311,South Highland Ave,92832,1981
5002,927,North Renee St,53233,27114
5003,266,Sweet Martha Dr,28115,14618
5004,1600,16th St NW,20009,3439
5005,612,Northeast 29th Dr,33334,3966
5006,34350,Ryan Rd,48310,11643
5007,3411,Gillham,64111,12967
5008,7601,Gateway Boulevard,78233,24289
5009,840,E Mulberry Avenue,78212,24679
5010,2626,Thousand Oaks,78232,24679
5011,989,Monument Road,32225,3706
5012,255,Warner St,45219,18731
5013,302,Chateau Drive,68005,15326
5014,1602,Greenwood Dr,24060,25282
5015,1735,West 540 North #602,84770,25170
5016,170,Twig St,24073,25364
5017,3510,Bluespruce Way,37128,23366
5018,520,Linda Dr,78666,24687
5019,0,Riverbank Retreat Apartments 1035 Comanchee Trail,29169,22658
5020,48,McPrice CT,29615,22447
5021,1415,SE Pardee St,97202,20400
5022,2870,4th Avenue,92103,2525
5023,1100,W Huntington Dr,91007,1634
5024,317,E Gorham St,53703,27074
5025,180,Chittenden Avenue,43213,18753
5026,2905,2915 Dean Parkway,55416,12225
5027,2226,Garfield Avenue S,55405,12225
5028,5201,09 S Greenwood Avenue,60661,6061
5029,205,West Walnut St,50212,5290
5030,1522,Delaware Ave,50014,4689
5031,2970,Mossy Oak Cir,54311,26960
5032,5454,South Shore Dr,60615,6061
5033,7950,Preston Rd,75024,24543
5034,85,W Thompson Avenue,55118,12502
5035,1925,E 7th St,28204,14298
5036,6009,Oxon Hill Road,20745,10339
5037,8230,Monroe Dr,66112,8092
5038,3910,NE Tillamook St,97212,20400
5039,6522,Camp Bullis Road,78256,24679
5040,2896,Losantiville Avenue,45213,18731
5041,117,W Paseo Airosa,93555,2484
5042,888,New Hampshire,66044,8112
5043,5610,Laurel Ave,55416,12026
5044,401,18th St E,35401,710
5045,21510,Noblewood CT,96080,2467
5046,1412,Hawthorne,77006,24134
5047,2405,Crescent Dr,50613,4798
5048,2800,Rio Grande St,78705,23608
5049,929-935,Main St,61108,6823
5050,5929,NE 34th St,98661,26658
5051,12401,Dessau Road,78754,23608
5052,1025,E Gorham St,53703,27074
5053,206,N.9th St,63101,13272
5054,5875,Teakwood Ln North,55442,12319
5055,308,S W St,76010,23596
5056,6000,42nd Ave,20781,10257
5057,1105,4th Avenue,91911,1803
5058,16631,Vance Jackson,78257,24679
5059,3435,Main St,64111,12967
5060,1108,E 30th St,64109,12967
5061,4000,Oak St,64111,12967
5062,3330-3368,Charlotte,64110,12967
5063,1019,W 41st Place,64111,12967
5064,5655,Utsa Boulevard,78249,24679
5065,1231,Huisache Avenue,78130,24446
5066,3305-3307,Jefferson,45220,18731
5067,2704,Jefferson,45219,18731
5068,3130,Middle Rd,47130,7395
5069,90,North Coast Highway 101,92024,1927
5070,1170,Woodland Avenue NE,30324,4008
5071,11313,NW 95th Terrace,73099,20144
5072,8845,Northpark CT,50131,5078
5073,10448,Jefferson Highway Apartment A Nesser Gardens,70809,9183
5074,210,E Kiber,77015,23585
5075,2201,Blaisdell Ave,55404,12225
5076,5807,Laurel Canyon Boulevard,91607,2714
5077,174,St Anselm Drive,03045,15888
5078,1200,Narrow Gorge Court,89002,16959
5079,936,21st Ave East,35404,710
5080,1325,And Shoreline,78728,23608
5081,21-B,S Anderson Ave,29412,22368
5082,5400,Windy Meadow Drive,76017,23596
5083,608,Holiday Avenue,63042,12911
5084,1400,Glendale Avenue,27701,14364
5085,308,N Prairie St,61820,6046
5086,700,North Main St #K6,84790,25214
5087,11303,Sweetbriar Ridge Dr,28269,14298
5088,435,Orange Grove Cir,91105,2388
5089,13215,Crooked Pine CT,28215,14298
5090,123,W Gilman St,53703,27074
5091,4451,59 S Greenwood Avenue,60653,6061
5092,500,Smith Level Road,27510,14284
5093,3131,Clear Wing St,77373,24764
5094,2002,San Sebastian Court,77058,24134
5095,396,Piedmont Ave NE,30308,4008
5096,3740,Warwick,64111,12967
5097,3560,Broadway,64111,12967
5098,6601-6611,W 76th,66204,8245
5099,1141,Arlington Place,64015,12612
5100,215,North Loop 1604e,78232,24679
5101,5600,Babcock Road,78240,24679
5102,4906,Wurzbach Parkway,78233,24679
5103,283,Iris Dr,37075,23249
5104,6003,Jo Danielle Place,40291,8816
5105,7500,Cranfill Way,40214,8816
5106,1265,North Chrisden St,92807,8816
5107,3305,Park Avenue Owen's Garage Lofts,63104,13272
5108,5807,Silent Meadow,78250,24679
5109,716,Spring Cress Dr,29073,22498
5110,5301,27th St S,58104,15016
5111,4226,University Ave,31907,4104
5112,151,Clay,95060,2558
5113,2210,Saddle Tree Trail,89523,16993
5114,3183,Dehesa Road #20,92019,1906
5115,110,S 12th St,15203,21669
5116,9045,Hawks Reserve Lane,53593,27348
5117,5411,5421 S Ellis Ave,60615,6061
5118,2544,N Frederick Avenue,53211,27114
5119,218,South Walnut,50010,4689
5120,5300,S Drexel Boulevard,60615,6061
5121,1816,Madison St,53711,27074
5122,7030,McLothian Ln,28078,14496
5123,17050,Imperial Valley Dr,77060,24134
5124,0,*Temporary Leasing Office  23040 Pacific Highway S,98198,26329
5125,3911,42nd Ave N,33714,3895
5126,6000,S Fraser St,80016,2857
5127,1353,West 88th Avenue,80260,3152
5128,1522,N Halsted St,60642,6061
5129,17231,Minos Conaway Rd,19958,3468
5130,1105,N Stephenson Highway,48067,11576
5131,1,Classical Ln,04074,10785
5132,0,(Model 10623 Sweet Sapling St,33578,3884
5133,3701,E Chapman Avenue,92869,2356
5134,335,East Raleigh Terrace,73064,19936
5135,480,NE Windrose Dr,64155,12967
5136,2108,San Gabriel St,78705,23608
5137,3414,Orion Drive,50010,4689
5138,600,Reusens Road,24503,25626
5139,1006,Gilmore St,76574,24809
5140,2221,Sherman Avenue,53704,27074
5141,3373-75,N Oakland Avenue,53211,27114
5142,177,E Thompson Avenue,55118,12502
5143,35e,7th St W,55102,12380
5144,3801,Columbine Ave,50010,4689
5145,430,W Doty St,53703,27074
5146,822,E Washington,53703,27074
5147,1314,Spring St,53715,27074
5148,54,Jonalker CT,27520,14309
5149,4615,West Lake Sammamish Parkway SE,98027,26407
5150,466-470,14th St,94103,2528
5151,121,Craddock Avenue,78666,24687
5152,19414,Babcock Road,78255,24679
5153,327,W Sunset Road,78209,24679
5154,1066,Lady Nashville Court,37076,23252
5155,2536,W Canyon Ridge Road,84770,25170
5156,1225,N 27th St,19121,21658
5157,7220,Fiske Road,98236,26297
5158,4609,Harvard Avenue,79416,24316
5159,1525,1585 Forest Lake Dr,35401,710
5160,3501,Ranch Rd 620 S,78738,23608
5161,2921,Moody Drive,75025,24543
5162,238,Rose St,40508,8803
5163,3755,Udall St #201,92107,2525
5164,11038,Lake City Way NE,98125,26594
5165,3328,Zola St,92106,2525
5166,1331,Brickell Bay Drive Apartment 3505,33131,3782
5167,1017,W Washington Boulevard Unit 6f,60607,6061
5168,551,S Clay Avenue,63122,12982
5169,6210,Mineral Point Road,53705,27074
5170,3963,S 76th St,53220,27114
5171,1260,N Dearborn,60610,6061
5172,520,W Doty St,53703,27074
5173,19,Wallingford Rd,02135,9643
5174,17607,Ten Curves CT,77379,24764
5175,1308,Central Ave,46202,7390
5176,721,Geary St,94109,2528
5177,6306,Holly Ln,21222,10082
5178,4006,Oak St,64111,12967
5179,1000,Berkley Parkway,64120,12967
5180,1951,Hunter Road,78666,24687
5181,901,SW King Ave,97205,20400
5182,2515,W San Antonio St,78130,24446
5183,2410,Ohio,45219,18731
5184,632,Vine St,45209,18731
5185,601,R St,68508,15556
5186,680,Bromley Drive,70808,9183
5187,2013,Via Firenze,89044,16959
5188,2903-2909,SE Pine St,97214,20400
5189,525,G St SE,20003,3439
5190,2465,Hiland Avenue,83350,5618
5191,11262,Otsego St,91601,2327
5192,3322,Hudson St,21224,10082
5193,407,11th Avenue SW,55025,11997
5194,1814,Waterston Ave,78703,23608
5195,2627,Kent,50010,4689
5196,3426,Orion Drive,50010,4689
5197,110,Columbia,47906,7763
5198,2310,Mortensen,50014,4689
5199,555,Brush St,48226,11096
5200,8240,#2 East Point Douglas Rd,55016,11901
5201,1405,S Coachlight Drive,53151,27147
5202,2007,Hayes Ave,50010,4689
5203,1106,Bowen Court,53715,27074
5204,640,West Wilson St,53703,27074
5205,6009,Brick Landing Dr,28110,14614
5206,5600,Ogontz Avenue,19141,21658
5207,1406,Park Ave,21217,10082
5208,7400,Bissonnet St,77074,24134
5209,5110,Griggs Road,77021,24134
5210,6527,Reeder St,66203,8332
5211,6421,Manchester Ave,64133,12967
5212,1700,Paseo Laguna Seco,94551,2177
5213,4003,N Loop 1604,78257,24679
5214,5903,Babcock Road,78240,24679
5215,5496,Fitness Cir,32839,3834
5216,91,Main St,02885,22312
5217,3501,Terrace Drive,20746,3706
5218,206,E 15th,98926,26344
5219,120,Pumpkin Hill Ridge,27520,14309
5220,11042,SW 51st Avenue,97219,20400
5221,2945,N Augustine,85207,1464
5222,3419-3421,Kingswood Place,50701,5536
5223,0,Saddle Creek Townhomes 5415 West 57th St,57106,22961
5224,2204,Enfield Road,78703,23608
5225,80175,Ave 52,92253,2133
5226,686,Holly Circle,21001,10066
5227,2029,Thomasville Dr SE,30315,4008
5228,1036,Turin Dr,60140,6334
5229,2217,N Prospect Ave,53202,27114
5230,199,Belmont-MT Holly Road,28012,14236
5231,3621,4th Avenue SE,34117,3801
5232,13212,Magnolia St,92844,1985
5233,1100,Sterling Drive,07417,16197
5234,8749,The Esplanade Unit 32,32836,3834
5235,4025,Normandy St,58503,14943
5236,7960,N 107th St,53224,27114
5237,651,Oaklynn Court,15220,21669
5238,2021,Duke Adam St,28083,14512
5239,2800,Hirschfield Road,77373,24764
5240,17630,Wayforest Drive,77060,24134
5241,9700,Magnolia Park Drive,92071,2567
5242,24650,Amador St,94544,2040
5243,3808,Booth St #2,66103,8092
5244,6020,Rockhill Road,64110,12967
5245,520,Buchanan St,94102,2528
5246,4060,McGee St,64111,12967
5247,17101,Lane Cantera Suite 8300,78256,24679
5248,2825-2875,Vine,45219,18731
5249,1001,Huron Rd,44115,18738
5250,3240,Harrison St,64109,12967
5251,2707,Rio Grande St,78705,23608
5252,413,Central Avenue,02861,22299
5253,9511,81st St,53158,22299
5254,1526,Dresden Dr NE,30319,22299
5255,331,Likely Court Alamo,94507,22299
5256,205,Easton Ave,08901,16374
5257,2316,Speedway Boulevard,35096,519
5258,1350,Celebration Avenue,34747,3559
5259,1117,N Robinson Avenue,73103,19959
5260,945,3rd St,77659,24753
5261,1717,Commonwealth,77006,24134
5262,438,W Grand Ave. #729,94612,2341
5263,4694,Club House Dr,48359,11322
5264,316,E Bank St,23803,25741
5265,1895,Middlesex St,01851,9806
5266,2812,Rio Grande St,78705,23608
5267,1225,Bunting,81501,2952
5268,5834,Lehigh St,79416,24316
5269,6760,Packer Drive NE,49306,10953
5270,1626,N Prospect,53202,27114
5271,133,Beedle Dr,50014,4689
5272,6124,W Oregon Ave,85301,1415
5273,800,E South St,77511,23578
5274,18249,73rd Avenue NE,98028,26412
5275,520,Main St,02148,9811
5276,859,Lakeview Ave,01850,9806
5277,57,Taylor St,94102,2528
5278,2855,Foothill Boulevard,91750,2134
5279,3509,Wyandotte St,64111,12967
5280,4033,Oak Rose St,64106,12967
5281,1950,NE Couch St,97232,20400
5282,8201,E Blackwillow Cir,92808,24679
5283,307,Rosemary,78209,24679
5284,3140,Drake Crest Dr,73034,19738
5285,0,Galewood Gardens 9010 Galewood Dr,78758,23608
5286,467-469,Farmington Ave,06105,3278
5287,402,North Main St,29621,22326
5288,487,Nott St,12308,18239
5289,5330,Corteen Place,91607,2714
5290,3551,Forestdale Drive,27215,14270
5291,401,S Locust St,76201,23883
5292,212,N Morton St,47404,7149
5293,13053,Caminito Del Rocio,92014,1865
5294,305,W 31st St,52803,4869
5295,6103,Steep Cactus Trail,78735,23608
5296,212,Avenida Montalvo Apartment B,92672,2524
5297,8655,Datapoint Drive #403,78229,24679
5298,2215,Monument Avenue,23220,25787
5299,1127,15th St #P302,95814,2511
5300,540,Phantom Woods,53149,27133
5301,700,SW Chickadee St,97333,20216
5302,21752,W Mohave St,85326,1358
5303,539,W Wilson St,53703,27074
5304,2428,Delaware St SE,55414,12225
5305,3609,Grand Avenue S,55409,12225
5306,15131,Oldcorn Ln,28262,14298
5307,0,42nd St N.E,20019,3439
5308,18463,Blueberry Ln,98272,26489
5309,0,1st Avenue,91910,1803
5310,15,Sumner St,02072,9978
5311,1305,Lombard St,94109,2528
5312,5100,Oak St,64112,12967
5313,3700,Warwick Boulevard,64111,12967
5314,300,E Armour Blvd,64111,12967
5315,100,N Santa Rosa Ave,78207,24679
5316,16333,Vance Jackson Road,78257,24679
5317,14200,Vance Jackson,78249,24679
5318,10102,Ingram Road,78245,24679
5319,9603,Bandera Road,78250,24679
5320,3620-3642,Tarpis,45208,18731
5321,1550,W Royalton Rd,44147,18667
5322,3800,University Boulevard S,32216,3706
5323,49135,Eastwood Drive,48317,3706
5324,2515,1st St,33901,3706
5325,3924,Rolling Road,21208,10351
5326,950,West 103rd Place,80260,3064
5327,370,Twig St,24073,25364
5328,1709,Bassett CT,29412,22368
5329,120,124  128 S 38th St,68131,15635
5330,10636,Wilshire Boulevard,90024,2196
5331,233,Lindell Place,78212,24679
5332,15,Taylor CT,35096,519
5333,3144,Mayberry Court,68105,15635
5334,4705,Pennoak Lane Unit G,27407,14445
5335,6040,24th St #06,79407,24316
5336,2617a,NE 131st Court,98684,26658
5337,2321,Upland Rd,60140,6757
5338,645,E Central Avenue,59801,14050
5339,5208,11th St,79416,24316
5340,1911,San Gabriel St,78705,23608
5341,1418,Burgess Dr,30721,4125
5342,515,S Michigan Avenue,49307,10964
5343,1110,Bowen Court,53715,27074
5344,5840,Farrington Road,27517,14297
5345,6835,W Mequon Road,53092,27103
5346,607,Meadow Place,50010,4689
5347,1321,Stafford Ave,50010,4689
5348,1218,Delaware Avenue,50014,4689
5349,2211,Eastlawn Dr,48642,11404
5350,5234,5244 S Ingleside Ave,60615,6061
5351,3025,Triumph Dr,53590,27321
5352,639,E Johnson St,53703,27074
5353,1051,Sapphire Dr,28054,14422
5354,1325,Boylston St,02215,9643
5355,21419,Palma Grove Way,77073,24134
5356,9603,Homestead Road,77016,24134
5357,4010,Sharon Woods Dr,30127,4401
5358,1405,Franklin St,94109,2528
5359,3408,Gillham Rd,64111,12967
5360,3346,3350 Gillham Rd,64109,12967
5361,500,East Armour Boulevard,64109,12967
5362,3734,Warwick,64111,12967
5363,4700,Cromwell Dr,78640,24224
5364,10047,Park Meadows Dr,80124,3025
5365,2090,Sundance Parkway,78130,24446
5366,8800,Starcrest,78217,24679
5367,0,1204-06-08 Wareham,45202,18731
5368,2215,Victory Parkway,45206,18731
5369,111,Fenway Loop,78666,24687
5370,15455,Ella Boulevard,77002,24134
5371,5600,West 7800 South,84081,24134
5372,4901,S Macarthur Ln  1201 E 57th St,57108,22961
5373,1571-1619,Roxbury Rd,43212,18893
5374,10053,Jefferson Highway,70809,9183
5375,438,SW Dogwood Drive,97115,20244
5376,3373,Armada Dr,93003,2718
5377,443,S Mason Road,63141,13272
5378,908,S Hobart Boulevard,90006,2196
5379,652-656,Clayton St,94117,2528
5380,647,S Main Avenue,57104,22961
5381,9203a,Rhode Island,48750,11481
5382,1110,B Shorewood Dr,98312,26260
5383,14508,Owen Tech Boulevard,78728,23608
5384,1428,Walton,50014,4689
5385,2818,Connecticut Avenue NW Apartment #10,20008,3439
5386,1112,E Beechnut St,57005,22704
5387,819,Marine Corp Dr,80132,3055
5388,102,Fulton Rd,15317,20714
5389,1204,Champion Dr,27511,14286
5390,1000,Iron Horse Lane,37069,23210
5391,832-834,E Gorham St,53703,27074
5392,5816,Halley Way,53718,27074
5393,4890,Birch Lake Cir,55110,12506
5394,3000,W Howard Avenue,53221,27114
5395,4722,Reiger Ave,75246,23861
5396,5528,32 S Cornell Avenue,60637,6061
5397,385,Harrison Ave,19082,22017
5398,3709,Bentley Place,28173,14868
5399,6242,Roosevelt Boulevard,19149,21658
5400,8101-B,Greenspring Way,21117,10337
5401,8901,Bissonnet St,77074,24134
5402,1401,Southeast 15th St,33316,3637
5403,2593,Windage Dr SW,30008,4306
5404,3430,3436 Gillham Rd,64111,12967
5405,4027,North Bennington Avenue,64117,12967
5406,4102,Clark Ave,64111,12967
5407,12407,E 43rd St S,64055,12948
5408,1303,E Pfennig Lane,78660,24531
5409,3013,SE Hawthorne Boulevard,97214,20400
5410,2124,NE 19th St,97030,20284
5411,7727,Potranco Road,78251,24679
5412,1925,Old Fm 306,78130,24446
5413,310,Oak,45219,18731
5414,585,Fallen Timbers Dr,32073,3832
5415,6053,W 7940 S,84081,3832
5416,1700,Park Avenue,07086,3832
5417,0,Cedar 31 3008 Cedar St 201 W 31st,78705,23608
5418,2268,South Legacy Dr,84770,25170
5419,601,S 16th St,68102,15635
5420,402,Sea Star Cir,28445,14816
5421,101,Bridge St,49931,11263
5422,5426,Menchaca Rd,78745,23608
5423,4505,S Slauson Ave,90230,2196
5424,1635,Alvarado St,92054,2346
5425,26,Hungerford St,06106,3278
5426,6186,Toledo Place,20169,25540
5427,4160,Olive Boulevard Motorworks,63108,13272
5428,3013,Avent Ferry Rd,27606,14704
5429,1115,Powhatan St,22314,25231
5430,844,5th Avenue S,33701,3895
5431,10100,Minnetonka Boulevard,55305,12229
5432,3305,San Juan Trail,73160,19924
5433,5100,Cascade Pools Avenue,89131,16968
5434,209,Bath St,93101,2555
5435,210,S Locust St,76201,23883
5436,2501,Washington Ave,19146,21658
5437,2745,40th St S,56560,12235
5438,2917,Heathrow Dr,50014,4689
5439,0,Cordary Apts  3 14032 Cordary Ave,90250,2038
5440,13001,Dessau Road,78754,23608
5441,4906,28th Avenue S,58104,15016
5442,14,N Franklin St,53703,27074
5443,38,W Oakland Ave,43201,18753
5444,202,North Blair St,53703,27074
5445,25,E Gorham St,53703,27074
5446,2409,10th Ave,53172,27292
5447,142,Paoli St,53593,27348
5448,201,S Bedford St,53703,27074
5449,521,W Washington Avenue,53703,27074
5450,131,Scarborough Park Drive,19804,3491
5451,174,W 8th St,02127,9643
5452,15330,Ella Blvd,77090,24134
5453,13543,Greenwood Avenue N,98133,26594
5454,6150,El Cajon Boulevard,92115,2525
5455,4031,Vista Verde Dr,34655,3804
5456,457,Shady Glen,30132,4124
5457,186,Tuskegee St SE,30315,4008
5458,9205,Carnes Crossing Cir,30236,4256
5459,8092,SW 5th St,64014,12612
5460,12820,14th St,64030,12877
5461,770,N Ih 35,78130,24446
5462,30,E Corry,45219,18731
5463,2700,Nueces St,78705,23608
5464,1801,Gough St,94109,2528
5465,618,Main St,02816,22265
5466,7932,Southside Boulevard,32256,3706
5467,2350,Westcreek Ln,77002,24134
5468,371,E 9th St,76082,24767
5469,420,Whitney Avenue,06511,3315
5470,711,Oakview Rd,30030,4135
5471,1917,Sixth St 11,94710,1676
5472,1055-1057,Neil Avenue,43201,18753
5473,956,Marys Drive,32308,3929
5474,1906,W 71st St,66208,8278
5475,2020,W Trevi Place,57108,22961
5476,2301,N Front St,19133,21658
5477,6946,Tussilago Way,32822,3834
5478,130,East 1050 North,84737,25070
5479,388,SE 2nd St,97060,20470
5480,1309,13th St E,35404,710
5481,1988,N High St,43201,18753
5482,233,Lake Avenue,12866,18230
5483,226,Oman Rd,80104,2855
5484,3101,Carnaby,72401,1032
5485,525,E Jackson St Unit 604,32801,3834
5486,2811,Oakland,50014,4689
5487,611,Cheehaw Ave,29170,22658
5488,3335,SE Midvale Dr,97333,20216
5489,1947,Kimbark Drive,37215,23367
5490,130,NW 17th St Unit #5,73103,19959
5491,1131,Route 601,08558,16499
5492,1250,Main St S,55008,11850
5493,13332,Parkwood Drive,55337,11843
5494,9240,University Avenue NW,55448,11898
5495,201-215,Hyler Drive,63640,12816
5496,905,Buena Vista Dr,32304,3929
5497,210,N Easterling St,30721,4125
5498,11121,Alterra Parkway,78758,23608
5499,2050,Meriwood Dr,31211,4300
5500,315,S Franklin,50014,4689
5501,1237,1243 North Dresden Place,92801,1621
5502,628,Waverley St,94301,2378
5503,7504,S Country Club Drive,73159,19959
5504,214,N Blair St,53703,27074
5505,544,West Main St,53703,27074
5506,6801,Parkedge Cir,53132,26929
5507,2200,East Ball Rd,92806,1621
5508,730,Wildwood Rd,55115,12189
5509,816,Carroll Ave,50010,4689
5510,201,Washington Avenue,50010,4689
5511,412,Stanton Ave,50014,4689
5512,5134,5136 S Harper,60615,6061
5513,1012,Kory Dr,75149,24380
5514,1236,Mound St,53715,27074
5515,2800,Selkirk Dr,55337,11843
5516,3403,Pondridge CT,28269,14298
5517,9634,Thorsk St,98011,26258
5518,3600,Lancaster Avenue,19104,21658
5519,4113,E 97th Ave,33617,3930
5520,713,Saint Paul St,21202,10082
5521,4,Granite CT,30132,4124
5522,845,California St,94108,2528
5523,24,30 E Linwood Boulevard,64111,12967
5524,515,Dogwood Dr,46052,7435
5525,2350,SE 37th Avenue,97214,20400
5526,2025,NE 42nd Ave,97213,20400
5527,12900,E Loop 1604 N,78148,24858
5528,3787,Perrin Central Boulevard,78217,24679
5529,8711,Bowens Crossing,78250,24679
5530,3903,SE Military Drive,78223,24679
5531,7575,Callaghan Road,78229,24679
5532,1045,Sanger,78130,24446
5533,919,Ballard St,32701,3497
5534,1118,Euclid Ave,44115,18738
5535,1518,Old Ranch Rd 12,78666,24687
5536,4420,Peachtree Rd,30319,24687
5537,1314-1324,N St,68508,15556
5538,901,903 Springdale Road,78702,23608
5539,408,W Illinois,61801,6995
5540,2445,NW Lovejoy St Unit #4,97210,20400
5541,2816,Stange,50010,4689
5542,508,Ferry St,55104,12380
5543,20,Memorial Court,07834,16150
5544,25,North 4th St,55401,12225
5545,10155,Authors Way Orange,32832,3834
5546,2201,Gibson St,51106,5441
5547,2008,2010 E Fourth Plain Boulevard,98661,26658
5548,120,Phoebe St,92024,1927
5549,404,N Horne St #D45,92054,2346
5550,1906,Freedom Drive Apartment A,49855,11377
5551,5820,Hazeltine Avenue,91401,2716
5552,6604,Brigadoon Dr,20817,10093
5553,2564,S 700 E,84106,25173
5554,411,West Maple,67213,8411
5555,875,River Rd,07020,16162
5556,1025,Island Avenue #504  Fahrenheit 504,92101,2525
5557,0,Regency Place Apartments 6600 West 43rd Place,57106,22961
5558,7312,Halo Falls St,89084,16985
5559,10617,SW 6th St,33025,3857
5560,797,N Wall St,43215,18753
5561,651,N 13th St,18042,20928
5562,1712,Donald Drive,74804,20041
5563,590,30th Ave E,35404,710
5564,3823,Crossing St SW,58701,15139
5565,1111,Warbonnet Way,89117,16968
5566,1393,Carolyn Court,60560,7104
5567,0,Uptown Square Apartments 2908 Bryant Avenue S,55408,12225
5568,1402,Highland Drive,66441,8089
5569,220,15th St,92648,2070
5570,3565,S Sepulveda Blvd,90034,2196
5571,610,Clark St,49307,10964
5572,1802,West Ave,78701,23608
5573,13945,S Beavercreek,97045,20386
5574,1077,Warburton Avenue,10701,18545
5575,112,S Hancock St,53703,27074
5576,65,Sunfish Court,53713,27074
5577,442,State St,53703,27074
5578,7340,Gallagher Drive,55435,11952
5579,3535,Briarthorne Dr,28269,14298
5580,120,S Grand Ave,92804,1621
5581,0,3rd Avenue S  Washington Avenue S,55415,12225
5582,7100,Tamarack CT,53092,27103
5583,4400,Castlewood Place,50014,4689
5584,2309,Knapp St,50014,4689
5585,5004,Eastcreek Dr,76018,23596
5586,6807,N Sheridan Road,60626,6061
5587,9135,W Berkeley Rd,85037,1494
5588,1226,Mound St,53715,27074
5589,503,State St,53703,27074
5590,970,Avery CT,28025,14325
5591,2,Copley Rd,19082,22017
5592,10,Patriot Parkway,02190,9966
5593,22526,SE 4th St,98075,26590
5594,3111,132 St SE,98208,26354
5595,13510,North Creek Dr,98012,26483
5596,1668,Washington St,94109,2528
5597,1060,Pine St,94109,2528
5598,3635-3636,Baltimore Avenue,64111,12967
5599,9320,Old Santa Fe Road,64102,12967
5600,2959,E Burnside St,97214,20400
5601,1818,SW 4th Ave,97204,20400
5602,2120,Stephens Place,78130,24446
5603,10018,Ingram,78245,24679
5604,2834,Shelburne Way,34772,3890
5605,1840,Rinehart Road,32771,3900
5606,1820,Keith Way,95815,2511
5607,145,W McMillan,45219,18731
5608,3508,S First,78704,23608
5609,13153,Old Hickory Blvd,37013,23047
5610,501,Homey Dr,37013,23047
5611,3474,17th St,94110,2528
5612,229,Delmont St #259,37405,2528
5613,11901,Pleasant Ridge Rd,72223,2528
5614,5133,Washington St,60515,6158
5615,4282,Melrose Club Dr,28105,14587
5616,38,Sandpiper,92118,1834
5617,3920,Melaleuca Ln,33461,3734
5618,109-121,Springdale St,30030,4135
5619,100,Gold Avenue SW #301,87102,16594
5620,24,Iron Master Dr,22554,25848
5621,378,Ridgeway Place,93004,2718
5622,1898/1902,Brady Dr,30720,4125
5623,9955,Durant Drive,90212,1679
5624,4619,Todd,50014,4689
5625,4320,Canyon Dr,79109,23580
5626,2625,SE 21st/2039 SE Clinton/2025 SE Taggart,97202,20400
5627,23,Taylor CT,35096,519
5628,3646,Mentone Avenue,90034,2196
5629,1279,St Johns Place,11213,17188
5630,1817,Kossuth St,47905,7419
5631,200,Munro St,78642,24276
5632,9808,Mylea Cir Lot 32 Left,72916,936
5633,12330,River Highlands,70774,9521
5634,400,N 1st St #305,55401,12225
5635,6263,Giles Rd,30058,4284
5636,1053,West Sierra Vista CT,76065,24388
5637,609,Duke Dr,07095,16584
5638,1216,South G Ave,50201,5261
5639,3953-3957,Warwick,64111,12967
5640,11230,Parma Way,89521,16993
5641,6708,Antigua Dr #59,80525,2927
5642,3408,Speedway,78705,23608
5643,406,W Main St,97501,20349
5644,920,Mellon St,72207,1061
5645,6407,Springdale Rd,78723,23608
5646,1211,Hardwood Lane,77840,23807
5647,220,State St,53703,27074
5648,3029,22nd Avenue S,55407,12225
5649,5801,Blacksmith Dr,27606,14704
5650,7823,Euler Way,28214,14298
5651,3963,Kellybrook Dr,28025,14325
5652,219,N Hamilton St,53703,27074
5653,20464,Iberia Avenue #101,55044,12151
5654,4201,Sunset Dr,55384,12415
5655,5110,Autumn Leaf Ln,53704,27074
5656,360,Prairie Way Boulevard,53593,27348
5657,825,Liberty Avenue,53027,26974
5658,11185,Anderson Lakes Parkway,55344,11949
5659,9750,Crescent Park Cir,60462,6712
5660,1890,Mercer Parkway,75234,23971
5661,302,Shipley Road,19809,3491
5662,1060,Aaron Dr,48820,11097
5663,152-156,West End Cir,53593,27348
5664,1208,Jenifer St,53703,27074
5665,9930,Watts Rd,53719,27348
5666,5701,Schumacher Lane #1,77057,24134
5667,850,Harvest Time Lane,77060,24134
5668,5009,S Westshore Boulevard,32821,3930
5669,3478,Lakeside Dr NE,30326,4008
5670,3182,Lake Monroe Rd,30135,4145
5671,3115,Evergreen Dr,48073,11576
5672,45600,Oak Hill Boulevard,48317,11607
5673,2913,E Hanna Avenue,46227,7390
5674,205,Craddock,78666,24687
5675,1400,Clarewood Drive,78666,24687
5676,24245,Wilderness Oak,78258,24679
5677,0,389-391-393 Oregon St,45202,18731
5678,427,Oregon St,45202,18731
5679,1404-1406,E McMillan,45206,18731
5680,599,Westport St,23505,25707
5681,3485,Ridgewood Ave,45211,25707
5682,178-60,Wexford Terrace,11432,25707
5683,2230,68th St,50324,25707
5684,1001,E Edwards,73034,19738
5685,3400,Bavaria Rd,55318,11866
5686,433,Delmar Terrace,33701,3895
5687,7048,N Holiday Dr,77550,24024
5688,2736,Humboldt Avenue S,55408,12225
5689,2109,Walnut Avenue,71270,9520
5690,210,Southlake CT,32578,3807
5691,2500,S 18th St Cloisters,63104,13272
5692,690,Anderson Avenue,07010,16128
5693,506,Cherry Ln,67114,8215
5694,355,W Waterside 201,83854,5785
5695,685,Burcale Rd  A7 843-236-5775,29579,22539
5696,1640,S Albion St,80222,2894
5697,6565,W Bethany Home Road,85301,1415
5698,3509,Emerson Avenue S,55408,12225
5699,252,N Walnut St,47404,7149
5700,428,Magnolia Tree Rd,29073,22498
5701,128,Roberts Lane #401,22314,25231
5702,5991,Forest Lakes Cove,35147,681
5703,2907,West Avenue,78705,23608
5704,2408,South 3rd St,78704,23608
5705,1141,N Escondido Blvd,92026,1930
5706,4208,Wabash Avenue,64130,12967
5707,1001,Legendary Dr,57032,22800
5708,0,1127-1135.5 N Vista St,90046,2748
5709,1420,Eberhart,62025,6185
5710,4610,Discovery Point,94505,1878
5711,2320,Grinstead Dr,40206,8816
5712,1031,N Crescent Heights Boulevard,90046,2748
5713,186,Alexandria Dr,28115,14618
5714,4325,NE Halsey St,97213,20400
5715,49,Yellow Jacket Ridge,27520,14309
5716,444,Kirman Avenue,89502,16993
5717,6322,Chaucer Dr,70817,9183
5718,1164,N Milwaukee,60642,6061
5719,941,Rittiner Drive,70806,9183
5720,5026,Summitwood Unit 3,78229,24679
5721,1623,E 6th St,78702,23608
5722,120,North Pearl St,10573,18104
5723,301,N Lorimier,63701,12672
5724,219,3rd Avenue,55075,12411
5725,1104,W 46th St #2,64112,12967
5726,621,Moody St,77550,24024
5727,5012,South Quaker Avenue,74105,20088
5728,920,Lowena,93103,2555
5729,6298,SW Grand Oaks Drive F204,97333,20216
5730,373,W 300 S,84738,25074
5731,5500,Friendship Boulevard #2206n,20815,10137
5732,521,E 7th St,47408,7149
5733,1233,22nd St. 15,92102,2525
5734,203,Robin Hood Drive,66441,8089
5735,685,Penn Ave,30308,4008
5736,55,Morrell St,08901,16374
5737,701,2nd Avenue,84103,25173
5738,637,643 645  647 Maltman Avenue,90026,2196
5739,1409,W Diversey Parkway,60614,6061
5740,5720,66th St,79424,24316
5741,21,Idylwood Dr,28779,14344
5742,772,South Pointe Parkway,30238,4256
5743,1127,South Linn St,50036,4754
5744,1343,Gentry Avenue N,55128,12275
5745,1185,Main St S,55008,11850
5746,1652,Cesario Drive,60140,6334
5747,2456,20th St NW Unit 108,20009,3439
5748,38627,Cherry Ln Unit 20,94536,1976
5749,46612,Chase View Terrace,20164,25859
5750,1201,N Francis Avenue,73106,19959
5751,910,West 26th St,78705,23608
5752,306,W 38th St,78705,23608
5753,1230,Davinci Dr,60140,6334
5754,3922,Gilbert #213,75219,23861
5755,4900,SW 170th Avenue,97078,20172
5756,703,N 13th St #308,63103,13272
5757,135,Woodrose Way,34293,3943
5758,1805,134th Avenue SE #22,98005,26247
5759,6025,Balboa Cir. Apartment 402,33428,3530
5760,685,Naumann,78641,24259
5761,1620,Irving St Unit 4,80204,2894
5762,1705,Aldersgate Lane,97132,20374
5763,7321,Glistening Star St,89084,16985
5764,621,Begonia Ave,92625,1833
5765,54,Rainey St,78701,23608
5766,216,Deer Track Run,29073,22498
5767,22302,NE 242nd Avenue,98604,26243
5768,6654,Winkle Court,78227,24679
5769,3205,B Kenmore Drive,23661,25532
5770,1205,Verde Drive,77801,23716
5771,103,Dinadan Dr,28217,14298
5772,455,Jean St,53703,27074
5773,1400,E 57th St,60637,6061
5774,821,E Gorham St,53703,27074
5775,522,E Main St,53703,27074
5776,402,Genesee St,53018,26864
5777,5350,5358 S Maryland,60615,6061
5778,1000,S Catalina Avenue,90277,2472
5779,816,Portland Ave South,55404,12225
5780,9950,Pointe South Drive,63128,13272
5781,15,Coyne Court,53715,27074
5782,100,Berkley Road,53593,27348
5783,1220,Delaware Avenue,50014,4689
5784,4027,Ross Rd,50014,4689
5785,5416,S Woodlawn Ave,60615,6061
5786,315,S Peoria,60607,6061
5787,6731,Musgrave St,19119,21658
5788,7781,Elmwood Avenue,53562,27108
5789,213,N Hamilton St,53703,27074
5790,2012,University Avenue,53726,27074
5791,1723,Waldorf Boulevard,53719,27074
5792,8517,Galena View Dr,28269,14298
5793,1122,53rd St,07047,16388
5794,96,Hammond St,02120,9643
5795,24011,Richard Rd,77386,24764
5796,11005,16th Avenue SE,98208,26354
5797,1416,Ridgeback Rd,91910,1803
5798,10874,Calle Verde,91941,2129
5799,8610,Pinetree CT,33604,3930
5800,8525,North,33604,3930
5801,6,West Mount Vernon Place,21201,10082
5802,715,Park Ave,21201,10082
5803,349,Decatur St SE,30312,4008
5804,7803,S New Braunfels,78223,24679
5805,1135,Suncrest Cir,46241,7390
5806,6601,NE 39th St,64117,12967
5807,3635-3645,Warwick,64111,12967
5808,4017,Harrison St,64110,12967
5809,100,118 W Armour Boulevard,64111,12967
5810,5020,Cromwell Dr,78640,24224
5811,200,Goforth Rd,78640,24224
5812,4000,North Albion St,80216,2894
5813,650,South Dahlia Cir,80246,2947
5814,1000,SW Vista Ave,97205,20400
5815,677,Creekside Way,78130,24446
5816,5126,N Loop 1604 E,78247,24679
5817,16505,Lane Cantera Parkway,78256,24679
5818,17635,Henderson Pass,78232,24679
5819,12330,Vance Jackson,78230,24679
5820,14614,Vance Jackson,78249,24679
5821,1400,W Donegan Avenue,34741,3720
5822,318,Baum,45202,18731
5823,235,Stetson,45219,18731
5824,65,West McMillan,45219,18731
5825,2906,Vine,45219,18731
5826,201,W 38th St,64111,12967
5827,1260,Broadway St,94109,2528
5828,1650,River Rd,78666,24687
5829,3000,Conservancy Dr,23323,25358
5830,1050,Harbor Boulevard,07086,25358
5831,2326,N 6th Ave,85705,1570
5832,527,South Michigan Avenue,49307,10964
5833,218,N Warren Ave,49307,10964
5834,13338,Perkins Road,70810,9183
5835,703,Sycamore,63841,12757
5836,51,Dell St,10591,18282
5837,10,Witherell St,48226,11096
5838,312,Prospect Avenue NE,49503,11204
5839,1433,N Dearborn St Apartment 2,60610,6061
5840,510,N 20th St,53233,27114
5841,2211,Hillsborough Road,27705,14364
5842,850,Prairie Run,53590,27321
5843,928,N 15th St,53233,27114
5844,324,S 2nd St,53204,27114
5845,11220,District Drive,53222,27370
5846,2540,University Avenue,54311,26960
5847,1626,Summit St,43201,18753
5848,2828-30,N Maryland Avenue,53211,27114
5849,2195,W State St,53233,27114
5850,1102,Bowen Court,53715,27074
5851,5340,Courtfield Dr,28079,14499
5852,201,N Pinckney St,53703,27074
5853,541,W Washington Avenue,53703,27074
5854,730,5th St SW,55112,12255
5855,314,E Mifflin St,53703,27074
5856,11,N Spooner St,53726,27074
5857,411,W Doty St,53703,27074
5858,2217,University Avenue,53726,27074
5859,3620,Breckenridge CT,53713,26916
5860,1918,E Lafayette Place,53202,27114
5861,5174,N Lovers Ln Road,53225,27114
5862,2142,Sunset Dr,50014,4689
5863,624,8th St,50010,4689
5864,5706-10,S Blackstone Avenue,60637,6061
5865,5335,5345 S Kimbark Ave,60615,6061
5866,1515,1521 E 54th St,60615,6061
5867,5043,S Drexel Avenue,60615,6061
5868,7331,W Mountain View Rd,85345,1491
5869,5025,S Mill Ave,85282,1557
5870,2256,N Cleveland,60614,6061
5871,543,West Wilson St,53703,27074
5872,171,S Fair Oaks,53704,27074
5873,528,State St,53703,27074
5874,451,W Wilson St,53703,27074
5875,915,E County Rd D,55109,12459
5876,1580,Parkwood Dr,55125,12523
5877,116,Oak Grove St,55403,12225
5878,614,North 1st St,55401,12225
5879,295,Arcadia,43202,18753
5880,7202,Susquehanna St,15208,21669
5881,400,N 4th St,63102,13272
5882,281,Yadkin St,27520,14309
5883,169,Forsyth Parkway,27520,14309
5884,1123,Rankin Oaks St,28213,14298
5885,10700,Hunters Trace CT,28262,14298
5886,6909,Goldenwillow Dr,28215,14298
5887,2414,Dewey Creek Ln,28216,14298
5888,1372,Zered Place NW,28027,14325
5889,11250,Dale St,92841,1985
5890,1223,Federal Avenue,90025,2196
5891,644,W Surf,60657,6061
5892,735,Truman Parkway,02136,9783
5893,9717,Cypresswood Dr,77070,24134
5894,8700,Gustine Lane,77002,24134
5895,17435,Imperial Valley Drive,77060,24134
5896,15928,Old Richmond Road,77498,24786
5897,4510,South 31st St,22206,25242
5898,12909,Mukilteo Speedway,98087,26451
5899,1201,S 336th St,98003,26360
5900,14200,Bruce B Downs Boulevard,33613,3930
5901,301,S Gomez Avenue,33609,3930
5902,2701,W Waters Avenue,33614,3930
5903,513,NE 21st CT #120,33305,3637
5904,1300,Northeast 3rd St,33301,3637
5905,121,Omega CT,30157,4124
5906,87,Princeton Dr,30157,4124
5907,12,Forsyth Drive,02351,9601
5908,300,Canal St,01840,9793
5909,455,Hyde,94109,2528
5910,240,Cumberland St,94114,2528
5911,0,2nd St,94901,2549
5912,2398,W Arrow Route,91786,2705
5913,916-918,E 39th,64111,12967
5914,706,SE 3rd St,64063,13010
5915,701,E Armour Blvd,64109,12967
5916,405,E Armour Boulevard,64109,12967
5917,3926-3934,Warwick,64111,12967
5918,909,Walnut St,64106,12967
5919,4821,Roanoake Parkway,64112,12967
5920,706,East 139th St,64146,12967
5921,3800,Warwick Boulevard,64111,12967
5922,4209,Clark Avenue,64111,12967
5923,3921,Wyandotte,64111,12967
5924,902-904,E 39th St,64109,12967
5925,3121,NE 37th #102,64117,12967
5926,9512,W 87th St,66212,8245
5927,2625,West Paseo,64108,12967
5928,7024,NW Dawn,64151,12967
5929,36000,Fremont Boulevard,94536,1976
5930,4300,Cromwell Dr,78640,24224
5931,828,Bebee Road,78640,24224
5932,4560,West Mineral Ave,80128,3021
5933,1475,Southeast 14th Ave,97214,20400
5934,2100,SE Belmont St,97214,20400
5935,4018,N Mississippi Avenue,97227,20400
5936,4111,NE Broadway St,97232,20400
5937,2929,SE Stark St,97214,20400
5938,22,SE 11th Avenue,97214,20400
5939,17803,Lane Cantera,78256,24679
5940,317,Lexington,78205,24679
5941,1207,Agora Palms Drive,78258,24679
5942,7319,N Loop 1604 E,78233,24679
5943,111,West Jones St,78215,24679
5944,11020,Huebner,78230,24679
5945,6900,N Vandiver,78209,24679
5946,8602,Cinnamon Creek Drive,78240,24679
5947,7733,Louis Pasteur,78229,24679
5948,3333,Oakwell Court,78218,24679
5949,17655,Henderson Pass,78232,24679
5950,12701,West Ave,78216,24679
5951,8302,W Hausman Road,78249,24679
5952,575,E Torrey St,78130,24446
5953,1747,Fm 1101,78130,24446
5954,6101,Westgate Drive,32835,3834
5955,141,Wellington Place,45219,18731
5956,1350,Edwards,45208,18731
5957,1433,E McMillan,45206,18731
5958,3600,Linwood,45208,18731
5959,2753,Townterrace Drive,45251,18731
5960,2920-2928,Burnet,45219,18731
5961,3724,Locust St,64109,12967
5962,1900,Aquarena Springs Drive,78666,24687
5963,2079,Market St,94114,2528
5964,100,Ridgelake Parkway,37209,23367
5965,91,Hartford Avenue,02909,22301
5966,691,Fruit Cove Forest E,32259,3892
5967,1392,Equestrian Dr,38016,23134
5968,1800,Beaumont Dr,73071,19947
5969,4200,Cypress Creek Parkway,77002,24134
5970,1901,South Park Rd,46902,7412
5971,3533,Devon Chase Rd,30349,4008
5972,8655,Bridgewood Boulevard,50266,20284
5973,2431,Madison Avenue,21217,10082
5974,7826,Gatehouse Dr,77040,24134
5975,120,Liberty Parkway Apartment C01,65584,23608
5976,814,Schutte Rd,47712,7284
5977,719,Cornfield Dr,76017,23596
5978,149,St Ann Cir,30157,4124
5979,1665,Summit View Way,30078,4465
5980,22,Austin St,02129,2817
5981,200,Plymouth Ln,46350,2511
5982,6511,Grey Oaks,77050,24134
5983,2594,Wellington Walk Place,30058,4284
5984,114,Liberty Parkway Apartment A07,65584,3972
5985,10428,South Jordan Gateway (801 613-9503,84095,3972
5986,1025,Joselynn Dr,28054,14422
5987,5425,Morning Creek Cir,30349,4008
5988,17239,Shavano Ranch,78257,24679
5989,1751,Babcock,78229,24679
5990,0,Melrose Gates Apartments 6401 Camden Avenue N,55430,24679
5991,2700,Stowmarket Place,28216,14298
5992,4424,Stone Mountain Dr,28054,14422
5993,1329,Daffodil Ln,30228,4219
5994,251,Greystone Cir,30141,4233
5995,4902,Childs Rd,97035,4233
5996,975,Harbor Boulevard,07086,4233
5997,2114,Pine St,19103,4233
5998,1778,Ala Moana Boulevard 2312,96814,4233
5999,400,Argyle Rd,11218,4233
6000,622,Pennsylvania Avenue,53081,4233
6001,1101,Leah Avenue,78666,24687
6002,1526,Cable Ranch Road,78245,24679
6003,8269-8331,Promenade Cir,48316,24679
6004,3637,South 900 East,84106,24679
6005,118,Liberty Parkway Apartment C03,65584,24679
6006,116,Liberty Parkway Apartment A5,65584,24679
6007,8505,N 64th Ln,85302,1415
6008,130,Eden Ave,28117,14618
6009,13811,Bearwood Rd,77038,24134
6010,128,Ancient Oaks Way,30141,4233
6011,215,Arrowhead Dr,30132,4124
6012,3323,Lowland Dr,30135,4145
6013,2645,Wildflower Ln,30039,4465
6014,634,Powell St,94108,2528
6015,947,Bush St,94109,2528
6016,850,Harbor Boulevard,07086,2528
6017,2530,Marina Dr,23234,2528
6018,1140-1144,East 7th St,85719,2528
6019,3475,Ridgewood Ave,45211,2528
6020,108,Liberty Parkway,65584,2528
6021,113,Liberty Parkway Apartment B09,65584,2528
6022,1550,Harbor Boulevard,07086,2528
6023,3060,New Brunswick Avenue,08854,2528
6024,100,Tree Crossing Parkway,35244,2528
6025,225,Duval Station Road,32218,2528
6026,520,Dale Court,80108,2528
6027,2005,Quail Ridge Drive,08536,2528
6028,250,Uvalde Rd,94102,2528
6029,622,North Wayne St,31061,4326
6030,1350,Irwinton Rd,31061,4326
6031,703,Monona Avenue,50309,4889
6032,5,Bedrooms 1,45202,18731
6033,1031,N Sumner St 220,79065,24505
6034,1031,N Sumner St,79065,24505
6035,146,George St,06604,3211
6036,5555,Hixson Pike,37343,23257
6037,3630,22nd Avenue W,98199,26594
6038,1417,Mayfield,50014,4689
6039,71,Yellow Jacket Ridge,27520,14309
6040,7770,Newbury Drive,48094,11696
6041,1100,Como Avenue SE,55414,12225
6042,236,South Second St,17101,12225
6043,1602,E Bradstock Way,85140,12225
6044,320,Hillcrest,50014,4689
6045,4421,Natoma Avenue,91364,2783
6046,901-903,3rd Avenue NW,58523,14940
6047,56,Stamford St,28803,14209
6048,828,Division St,53018,26864
6049,5326,5336 S Greenwood Ave,60615,6061
6050,5415,S Woodlawn Avenue,60637,6061
6051,125,E 10th,47408,7149
6052,1490,W Kentucky,71270,9520
6053,739,17th St,50314,4889
6054,401,S Woodlawn,47401,7149
6055,1675,E Ensign Cir,84121,25008
6056,1356,S College,72701,928
6057,1181,Golf View Ln,30642,4210
6058,3731,W Oklahoma Avenue,53215,27114
6059,801,Vardaman St,27610,14704
6060,9125,Highway 6 N,77002,24134
6061,708,SE 6th St,50309,4889
6062,425,Glen St,12801,17556
6063,2967,Harrison Road,42001,8917
6064,79,W Jersey St,07202,16167
6065,2560,Walden Boulevard,63701,12672
6066,4254,Manchester Avenue Apartment A,63110,13272
6067,2309,Saluda Dr,28054,14422
6068,1410,Rollins Avenue SE,55414,12225
6069,625,S Pacific Avenue,91204,1996
6070,14600,Magnolia Boulevard,91403,2586
6071,19830,Forest Rd N,55025,11997
6072,86-25,Van Wyck Expressway,11435,17175
6073,8264-8308,Williamstown Dr,48316,12319
6074,550,Halstead Avenue,10528,17617
6075,430,W Nine Mile Road,48220,11153
6076,737,Sun Pillar Loop,59802,14050
6077,5468,70 S Hyde Park Blvd,60615,6061
6078,4850,Drexel Blvd,60615,6061
6079,200,E Capitol Dr,53029,26975
6080,2304,Hillsborough St,27607,14704
6081,1833,Lombard St Unit B,19146,14704
6082,0,8th Ave North,33713,14704
6083,0,Creek's Edge 1124 Rutland Drive,78758,23608
6084,4126,Maple Ave,22032,25460
6085,702,S McKinley Avenue,61821,6046
6086,1545,Cooley St Unit E,59802,14050
6087,913,N Spring St,53916,26744
6088,11450,E Peakview Ave,80111,2857
6089,5423,North Loop 1604 West,78249,24679
6090,2209,E 70th St  2211,60649,6061
6091,2734,Lynn Terrace,53705,27074
6092,4788,Skyline Road,97301,20424
6093,1572,Overton Park,38112,23338
6094,1010,Sugar Lane #801,75801,24502
6095,1011,N Garfield Ave,57501,22922
6096,3127,Hurston Watch Ln,34711,3571
6097,1339,Barry Avenue,90025,2196
6098,455,Needmore Road,37040,23120
6099,27,Westminster Avenue,90291,2717
6100,115-125,W Northwood Avenue,43201,18753
6101,150,Alameda Rd,16001,20700
6102,3825,Garden Grove Blvd,92868,2356
6103,182-30,Wexford Terrace,11432,2356
6104,2435,Aspen #105,50010,4689
6105,508,Waterford Dr,30120,4072
6106,427,Pershing Avenue Market Lofts,52801,4869
6107,9803,Mylea Cir Lot 34 Right,72916,936
6108,1381,Spade Bit Dr,89434,17004
6109,2700,Eastway Dr,28205,14298
6110,1413-15,E 57th St,60637,6061
6111,1520,Washington Ave,63103,13272
6112,4900,Claycut Road #7a,70806,9183
6113,2100,Freeport Rd,61081,6927
6114,14,Aulike St #805  244,96734,4607
6115,1706,16th Avenue,61265,6602
6116,0,N91w16028 Junction Way,53051,27101
6117,118,W Dodridge St A,43202,18753
6118,8870,Silverberry Avenue,95624,1921
6119,14815,SE River Forest Drive,97267,20356
6120,8576,Washington Ave NE,98311,26260
6121,3636,Habersham Road NW #2105,30305,4008
6122,4170,Green Clover Dr,43026,18939
6123,698,Rihely Place,92024,1927
6124,321,N 33rd Court,98642,26573
6125,657,Lewa Downs Drive,48341,11524
6126,5005,W Bradley Road,53223,26781
6127,1714,W Roscoe St,60657,6061
6128,2944,East Frontera,92806,1621
6129,18/20,N Butler St,53703,27074
6130,285,Mill Rd,10306,12225
6131,7894,Jefferson Place Unit B,70809,9183
6132,5109,G St,72205,1061
6133,1011,NW 34th St,97330,20216
6134,1315,Bob Pettit Blvd,70820,9183
6135,2099,Cestius Rd,34787,3969
6136,701,Broadway Boulevard,64105,12967
6137,304,W California Drive,84047,25113
6138,260,Leigh Farm Rd,27707,14364
6139,332,Amir Cir,28105,14587
6140,9231,Aloysia Ln,28269,14298
6141,0,Y.A Tittle Dr And Alvin Dark Ave 4465 4513 4521 Y.A,70820,9183
6142,2315,Houston Avenue,73071,19947
6143,2951,Pheasant Run Drive,49202,11289
6144,3455,Fm 1960 Rd West,77338,24140
6145,1701,SW 13th Court,33312,3637
6146,1222,Locust St,19107,21658
6147,233,Hays Mill Rd,30117,4071
6148,1043,Tamara Cir,97504,20349
6149,3526,N Reta Avenue,60657,6061
6150,4422,N Cypress Lane,47404,7149
6151,1154,56 E 56th St,60615,6061
6152,235,Nathan Dr,27520,14309
6153,700,10th Avenue SE,55414,12225
6154,125,S Hancock St,53703,27074
6155,10839,Haskins,66210,8120
6156,330,Main St,13501,18400
6157,3113,E 12th St,74104,20088
6158,11025,SW 33rd St,73099,20144
6159,245,W Norwich Avenue,43201,18753
6160,5457,5459 S Blackstone Ave,60615,6061
6161,9337,Turning Wheel Dr,28214,14298
6162,90,E 14th Avenue,43201,18753
6163,922,W Montgomery Avenue Unit #J1,19010,20687
6164,1303,Laurel St,95060,2558
6165,1717,12th Avenue,98122,26594
6166,245,Sinclair,50014,4689
6167,4230,Los Feliz Boulevard,90027,2196
6168,510,Dukeway,78148,24858
6169,308,Standard St,90245,1916
6170,3412,Dodge St,68131,15635
6171,0,906.5 S High,67042,7960
6172,864,Teakwood Road,90049,2196
6173,665,S Skinker Boulevard,63105,13272
6174,44,Albany St,92694,2135
6175,2733,Marina Point Lane,95758,1921
6176,104,N Kramer Path,27527,14309
6177,15936,Iron Ridge Rd,73013,19738
6178,4264,Oxford Avenue #2,70808,9183
6179,3654,Avalon Rd,44120,19383
6180,2803,Woodbury Drive,78217,24679
6181,501,Ashland Avenue,55102,12380
6182,502,16th St Unit 1,35401,710
6183,0,Alexander Estates 2209 Sweet Home Road,14228,17052
6184,6614,Leightyn Ln Lot 15 Right,72916,936
6185,5403,William Holland Avenue,78756,23608
6186,393,North 400 West,84770,25170
6187,1329,Mayfield,50014,4689
6188,320,Twig St,24073,25364
6189,1903,E Balboa Drive,85282,1557
6190,11331-101,Clubhaven Place 43-101,27617,14704
6191,55,West 10th Ave,43201,18753
6192,3459,S 110th St,53227,27373
6193,5307,South Hyde Park Blvd,60615,6061
6194,103,E 16th,47408,7149
6195,1570,4th Ave East,35401,710
6196,12708,Schroeder Rd,75243,23861
6197,2504,Longwood Drive,70003,9435
6198,1127,E Latoka,65807,13312
6199,7433,NW 129th St,73142,19959
6200,469,Oakdale Rd,30307,4008
6201,3437,NW 44 St 205,33309,3819
6202,11117,Whisperwood Ln,20852,10327
6203,3553,13th Avenue N,58203,15047
6204,9100,Spring Green Loop,23116,25656
6205,1803,Palmer Avenue,32792,3971
6206,319,Byrnes,78209,24679
6207,2322,Leavenworth St,94133,2528
6208,1410,Springfield Pike,45215,19563
6209,6540,Valley View Road,94611,2341
6210,3302,20th St,79410,24316
6211,225,Deer Creek Drive,28105,14587
6212,690,SW 1st Court Apartment 1915,33130,3782
6213,817,12th Avenue SE,55414,12225
6214,2300,East Franklin Avenue,55406,12225
6215,3929-31,Magnolia Avenue,63124,13272
6216,2730,W Lisbon Avenue,53208,27114
6217,2327 1/2,Grant Ave,27608,14704
6218,5400,Cascade Way,90621,1724
6219,501,And 525 Clara Ave,63112,13272
6220,250,W Norwich Avenue,43201,18753
6221,202,S Henry St,53703,27074
6222,1324,Rutledge St,53703,27074
6223,35w,W Old Shakopee Road,55431,11813
6224,2569,Redding Rd,30319,12225
6225,3930,Southwest Twilight Drive,66614,8364
6226,100,S Shebal Avenue,57032,22800
6227,613,N Lincoln,47408,7149
6228,800,New Hampshire,66044,8112
6229,2480,Bella Vista Dr,84765,25175
6230,751,United Ave SE Fulton County,30312,4008
6231,9800,Hudson Court,95650,2192
6232,510,13th St Unit 201,35401,710
6233,900,Lenora St 506,98121,26594
6234,324,S Brady St Renwick,52801,4869
6235,0,2700-2712-2727 Rhode Island Avenue,55426,12377
6236,609,667 Ridgeway Dr,53029,26975
6237,4215,Maricopa,50014,4689
6238,5100,Highpoint Rd,30291,4524
6239,128,N B St 1-6,84103,25173
6240,1705,Conservation Trail #101,32547,3644
6241,1401,Kipling,77006,24134
6242,1003,14 1/2 St,61201,6821
6243,3555,US Hwy 78 E,36207,240
6244,8302,Westown Parkway Unit 5107,50266,5556
6245,3095,Blossom Ridge Boulevard,48306,11467
6246,17595,Burl Oak CT,55347,11949
6247,230,NW 10th St,73103,19959
6248,0,Blg 9-102 809 Quail Place,74344,19796
6249,10201,Cedar Lake Road,55305,12229
6250,387,Omni Ln,84780,25214
6251,1251-1341,Bear Pass,53149,27133
6252,78,Brownstone Way,07631,16173
6253,620,SW Park Avenue,97205,20400
6254,1316,New Hampshire Avenue NW #301,20036,3439
6255,12096,Scrub Palm Ln,32824,3834
6256,1475,Ashland Ave,60016,6143
6257,2073,SW Park Avenue,97201,20400
6258,3331,Antigua Dr,48326,10927
6259,1695,Brewer Road,27127,14895
6260,238,Old River Rd,07020,16162
6261,1109,Townsend St,13208,18363
6262,9265,Burton Way,90210,1679
6263,6715,Maribette Road Lot 28 Left,72916,936
6264,7130,King St,66203,8331
6265,10,N 3rd St Unit 203,47901,7419
6266,11250,Glenwood St,66211,8245
6267,3041,NW 41st St Leasing Office,73112,19959
6268,457,Petunia Court,95341,2250
6269,3610,Greenmount Avenue,21218,10082
6270,1903,NE Heritage Dr,50111,5010
6271,8605,SW 46th Place,73179,19959
6272,3822,Brown St,75219,23861
6273,547,Fern Glen,92037,2525
6274,2672,Brackley Place NW,28027,14325
6275,401,SE Main St,50111,5010
6276,9472,Olive Boulevard,63132,13272
6277,408,Florida St,53204,27114
6278,2081,Atwood Ave,53704,27074
6279,1171,Main St,07065,16451
6280,436,W Washington Ave,53703,27074
6281,3610,Lancaster Ln,55441,12319
6282,8860,Blackhawk Road,53562,27108
6283,954,E Union St,98122,27108
6284,3503,45th St,79413,24316
6285,308,S 49th St,68132,15635
6286,1996,County Rd D East,55109,12197
6287,5118,5120 S Greenwood Ave,60615,6061
6288,2015,Riverside Ave,55454,12225
6289,337-341,Calle Miramar,90277,2472
6290,520,Limerick Dr,53527,26840
6291,413,West Franklin St,27516,14297
6292,207,N Pinckney St,53703,27074
6293,1680,Summit St,43201,18753
6294,4659,S Drexel Boulevard,60653,6061
6295,5200,South Blackstone,60615,6061
6296,5301,5309 South Ellis St,60615,6061
6297,1509,1517 E 57th St,60615,6061
6298,6025,Spanish Moss Ln,28262,14298
6299,1983,Drew Valley Rd,30319,12377
6300,8108-8160,Williamstown Dr,48316,12377
6301,246,West Avenue,12866,16193
6302,122,W Wood St,53586,16193
6303,7319,N Loop 1604 E,78233,16193
6304,1260,Hopkins St,94702,14638
6305,305,Guy Park Avenue,12010,17054
6306,302,Gaston St 2,36602,559
6307,14850,Naranja Lakes Boulevard B4a,33030,3688
6308,411,N Parker St,46580,7753
6309,005,Square Fort For $1,20120,25347
6310,15910,Warwick Boulevard,23601,25701
6311,014,Sq-Ft For $1,23112,25664
6312,2110,Wells St Apartment #1,98022,26350
6313,1516,Nunneley Place 105,76301,24929
6314,8290,W Orchard St  1482 S 84th St,53202,27373
6315,4929,McPherson Ave,63108,13272
6316,922,E Dayton St,53703,27074
6317,2104,University Avenue,53726,27074
6318,2816,O'Berry St,27607,14704
6319,734,Jupiter Drive,53718,27074
6320,1145,Flowerwood Place,94598,2733
6321,10534,Santa Monica Boulevard,90025,2196
6322,815,4th St,77659,24753
6323,270,Baldwin Rd,07054,16414
6324,2380,West 76th Avenue,80221,2894
6325,26270,463rd Avenue,57033,22803
6326,1611,Monroe St,53711,27074
6327,550,N St Clair Unit 2603,60611,6061
6328,2700,Marfitt Road,48823,11113
6329,5218,28 S Woodlawn Avenue,60615,6061
6330,1139,King Avenue,43212,18753
6331,9201,Golden Valley Rd,55427,12026
6332,12750,Briar Forest Dr,77002,24134
6333,1539,SE 27th St 104,33030,3688
6334,766,N Linden Avenue 206,60085,7040
6335,403,Limestone Trail,78737,23608
6336,900,Peachtree St NE,30309,4008
6337,918-938,4th St,54935,26918
6338,908,SW Gaines St Unit 31,97239,20400
6339,6307,SE 34th Avenue,97202,20400
6340,837,15th Avenue SE,55414,12225
6341,51,Cedar Creek CT,72956,1285
6342,3414,Meadow Cir E,61264,6583
6343,209,E 3rd St,17701,22115
6344,6045,N Main St,45402,18782
6345,2610,Stange,50010,4689
6346,5355,5361 S Cottage Grove,60615,6061
6347,170,Prospect Avenue,07601,16219
6348,224,Avenue F,76201,23883
6349,1444,Falcon Loop,97305,20306
6350,205,E Huisache Avenue,78212,24679
6351,1217,N Francis Avenue,73106,19959
6352,129,E Gorham,53703,27074
6353,60,S Munn Avenue,07018,16158
6354,8848,Goodrich Rd,55437,11813
6355,1772,North Warren Ave 101,53202,27114
6356,829,Marshall St NE,55413,12225
6357,916,S Michigan Avenue 6,48601,11580
6358,789,Dennison,43215,18753
6359,910,Fair Oaks Rd,77002,24134
6360,1201,Melville Square #206,94804,2482
6361,801,Chinquapin Road,29212,22381
6362,1111,E Johnson St,53703,27074
6363,1121,W Oaklawn Road,78064,24545
6364,416,Choctaw Gate Dr,73099,20144
6365,3601,Park Center Boulevard,55416,12377
6366,407,Abbeybille Rd,15228,21669
6367,1805,Wilson Ln Rental Office,22102,21669
6368,0,The Arcadian 8515 Shoal Creek Boulevard,78757,23608
6369,538,Ingleside Drive,70806,9183
6370,17915,SW Cereghino Lane,97140,20438
6371,6303-6309,Bob Galbraeth Road,98236,26297
6372,2885,N Milwaukee Avenue  2r,60618,6061
6373,160,E Norwich Avenue,43201,18753
6374,2955-57,N Farwell Avenue,53211,27114
6375,1345,Dover Place,53005,26779
6376,1701,N Humboldt,53202,27114
6377,214,E Kiber,77515,27114
6378,2204,Sinclair,79705,24387
6379,7,Andalucia Dr,92629,1857
6380,4010,SW Fairhaven Drive,97333,20216
6381,1517,S Theresa Avenue Theresa Park Lofts,63104,13272
6382,907,Grand Ave,90804,2190
6383,0,N72 W 12727 Good Hope Rd,53051,27101
6384,2520,Stowell,53211,27114
6385,309-313,Norris CT,53703,27074
6386,1024,W Burnsville Parkway,55337,11843
6387,8395,Riverland Drive,48314,9609
6388,21309,E 50th Avenue,80202,2894
6389,1101,Pueblo Drive,92311,1661
6390,440,W Oak Ridge Road,32801,3834
6391,6875,Faris Avenue,46201,7390
6392,1521,Aztec Trace,76548,24094
6393,1509,Nunneley Place 129,76301,24929
6394,159,West St,05452,26036
6395,10891,Edgemere Boulevard J8,79901,23939
6396,715,Madison St,23701,25752
6397,6256,S Gold Medal Drive,00601,25197
6398,700,Capri Drive 36c,89005,16933
6399,217,Binford SW Drive,35801,482
6400,4343-53,Manchester Avenue Newstead Tower,63110,13272
6401,602,Brandes,79119,23580
6402,1418,Carroll St,63104,13272
6403,29,E Norwich Avenue,43201,18753
6404,910,E Land Place,53202,27114
6405,1946,Orchid Bloom Ln,46231,7390
6406,705,Century Avenue SW Unit #100,55350,12098
6407,1154,Kaighn Avenue,08102,16109
6408,4338,Arco Avenue Mahogany,63110,13272
6409,22991,E Roxbury Dr,80016,2817
6410,13250,NW Germantown Road,97231,20400
6411,1056,Fairfax Dr,35406,710
6412,441,Lynnhurst Avenue West,55104,12380
6413,5500,Palos Verdes Dr South,90275,2461
6414,12,El Arreo,92688,2463
6415,5454,Devils Glen Rd,52722,4740
6416,112,E 3rd St,47401,7149
6417,1107,Vilas Avenue,53715,27074
6418,419,E 7th St,47408,7149
6419,6229,E Seaside Walk,90803,2190
6420,1545,Magazine St,96822,4600
6421,8532,West Knoll Dr,90069,2748
6422,9005,9015 Burton Way,90048,2196
6423,2585,University Avenue,53705,27074
6424,15,East Blackwell St,07801,16153
6425,1967,Cambridge Village Dr,72032,866
6426,8060,Pennth Avenue Apartment B,70809,9183
6427,108,N Kramer Path,27527,14309
6428,345,Blackburn Ave,40508,8803
6429,12600,Braddock Drive,90066,2196
6430,119,N Hyland,50014,4689
6431,7210,Cleary Terrace,34209,3536
6432,1232,N Kings Rd,90069,2748
6433,8017r,Winston Road,19118,21658
6434,1127,Foothill Blvd,93405,2540
6435,18411,Vincennes St,91325,2330
6436,1625,6th St,94519,1827
6437,4500,Center Ave,15213,21669
6438,110,S 4th St 1r,19601,21721
6439,200,Colonial Dr Building #3,45840,18845
6440,3903,Ocean Dr,93035,2367
6441,908,Douglas Avenue,50010,4689
6442,716,Washington Avenue SE,55414,12225
6443,26,South 28th St,15203,21669
6444,250,Pearl St #109,80203,2894
6445,2437,Fiero St,70808,9183
6446,2605,Kathie Dr,66441,8089
6447,919,Mountain View Dr,84781,25152
6448,828-830,E Johnson St,53703,27074
6449,153,Schwitter Avenue,15229,21669
6450,2041-2043,Wightman St,15217,21669
6451,475,Passaic Avenue,07006,16564
6452,2124,Oxford Ave SE,87106,16594
6453,3870,Tulsa Way,76107,24001
6454,6705,Pontiac Avenue,79424,24316
6455,140,N Hyland,50014,4689
6456,263,N Chorro,93405,2540
6457,4449,Timber Ridge CT,60431,6416
6458,15508,Acacia Rd,73170,19959
6459,13040,SW 17th St,97008,20172
6460,640,Oak Ridge Road,55305,12091
6461,4704,Burton St SE,49546,11204
6462,925,Airport Road,55387,12472
6463,3244-46,N Oakland Avenue,53211,27114
6464,1444,Hunter Ave,43201,18753
6465,1405,5th St SE,55414,12225
6466,0,#4 Pahrump Valley Boulevard,89048,16989
6467,2311,Atlantic Avenue 5,33054,3829
6468,319,S B St 4,33449,3734
6469,650,N Wilcox Drive,37660,23283
6470,3250,E Main St 24,06702,3409
6471,9202,Cedar Bend Drive,48439,11199
6472,11062,Vista Del Sol Drive 3a,79901,23939
6473,73,Highland St 1st Floor,02301,9652
6474,129,Black Rock Avenue 25,06604,3211
6475,5140,S Graystone Avenue,57108,22961
6476,6220,Bristol Parkway,90230,1851
6477,1080,Park Boulevard Unit 1806,92101,2525
6478,2605,Jefferson St,92008,1768
6479,5336,B Pine St,92008,1768
6480,61,Pierce St NE,20001,3439
6481,14001,Bedford Road NE,21502,10164
6482,3417,Wisconsin Avenue NW,20001,3439
6483,901,Hidden Valley Drive,78664,24656
6484,3201,Garth Road,77520,23637
6485,500,Sleepy Hollow Rd,13642,17563
6486,562,Pine Swamp Rd,26726,27750
6487,100,Pebble Brook Court,29640,22405
6488,263,Central St 4,01103,9974
6489,1308,E Atwater Avenue,47401,7149
6490,319,Oak Leaf St,97132,20374
6491,425,1st St Unit 2407,94105,2528
6492,2100,Defoors Ferry Road NW,30318,4008
6493,1610,Chadbourne Avenue,53726,27074
6494,2218,Regent St,53726,27074
6495,3377,N Oakland Avenue,53211,27114
6496,1447,Williamson St,53703,27074
6497,2293,Summit St,43202,18753
6498,2922,Aldrich Avenue S,55408,12225
6499,1586,1588 Indianola Avenue,43201,18753
6500,141,Thomas St,36830,252
6501,15261,Willow Hill Lane,23832,25361
6502,14944,Fm 14,75701,24855
6503,1101,Carey Dr,94520,1827
6504,6726,Clayton Avenue 1n,63139,13272
6505,913,NW Sycamore Avenue,97330,20216
6506,929,High St,53715,27074
6507,2182,Summit St,43201,18753
6508,3218,W Glendale Avenue 27,85051,1494
6509,963-973,East 61st St,60637,6061
6510,4501,Catalina Parkway,53558,27095
6511,35818,Tara Cir,99669,190
6512,9440,Hoffman Way,80229,3152
6513,101,Legacy Terrace,27516,14297
6514,638,Cedar,78210,24679
6515,1482,Russell Dr,44241,19427
6516,335,Hillcrest Ave,30030,4135
6517,245,Broadway,12305,18239
6518,180-188,W Patterson Avenue,43202,18753
6519,12100,Monter Dr,63044,12633
6520,15528,W 133rd St,66061,8230
6521,9212,Boehm Drive,66219,8120
6522,5955,Saturn St,90035,2196
6523,6703,Pontiac Avenue,79424,24316
6524,360,Ocean Drive,33149,3715
6525,2701,Homestead Rd,27516,14297
6526,6100,Summit Drive N,55430,12225
6527,1322,Dolman St,63104,13272
6528,3406,Fernandina Rd,29210,22381
6529,80,S Main St,98104,26594
6530,3369,N Oakland Avenue,53211,27114
6531,358,Ridge Ave,15068,21555
6532,2350,Ridge CT Suite #20,66046,8112
6533,11811,Washington Place,90066,2196
6534,1406,N Park Ave (6775 W.,84720,24992
6535,901,New Hampshire St,66044,8112
6536,5628,Delridge Way SW,98106,26594
6537,9108,SW 227 Terrace,33190,3587
6538,16903,Alturas Avenue,78660,24531
6539,2633,5th Ave,15213,21669
6540,5337,S Hyde Park Boulevard,60615,6061
6541,502,Gerhard St,19128,21658
6542,2202,Main St,46107,7139
6543,1321,NE 37th,73111,19959
6544,1511,Graduate Ln Apartment #4,27606,14704
6545,6135,N Broadway #602,60660,6061
6546,1609,SW 20th St,64015,12612
6547,503,Mill St,89502,16993
6548,325,329 North Euclid St,63108,13272
6549,5500,Pershing Ave,63112,13272
6550,293,E 15th,43201,18753
6551,410,N Butler St,53703,27074
6552,2585-2595,N Cramer Avenue,53211,27114
6553,2856-58,N Maryland Avenue,53211,27114
6554,6614,W 65th St,60601,6061
6555,812,W 29th Place Apartment 9,99503,11
6556,407,N Main St,48067,11576
6557,2301,Collins Avenue  1612,33109,3783
6558,100,Plum Avenue 20,79029,23916
6559,4300,Fredericksburg Road,78201,24679
6560,1607,Lola Avenue 59,79401,24316
6561,11931,Jefferson Boulevard,90001,2196
6562,180,Moonlight Lake Drive,28560,14638
6563,2106,Saint Paul St  2r,21201,10082
6564,402,Church St 133,77550,24024
6565,1250,S Miami Avenue  1706,33101,3782
6566,3441,Bloomfield Drive B4,31201,4300
6567,5801,Larsen Ln,66203,8331
6568,440,CT St 2,02360,9905
6569,2106,Saint Paul St Apartment 1f,21201,10082
6570,3153,Old Missouri Road,72701,928
6571,767,Y Tehama St,94102,2528
6572,2084,20th Avenue,95811,2511
6573,2620,N Springfield Avenue,60647,6061
6574,1143,Center Parkway,40517,8803
6575,14045,Burgundy Way,55068,12357
6576,1141,S Oakhurst Drive,90035,2196
6577,1138-1148,Woodland Avenue NE,30324,4008
6578,1209,N Purdom St,66061,8230
6579,2107,Arnold Way,91901,1612
6580,5520,18th Avenue Upper,53140,27026
6581,8701,West Parmer Ln,78701,23608
6582,31,Woodbury Avenue,06850,3333
6583,1701,State St Calumet City,60409,6008
6584,2648,Starfish Court,89101,16968
6585,1458,East Main St,06604,3211
6586,437,S 10th St 2,07102,16381
6587,17,W 3rd St 1,19464,21699
6588,2935,SE 15th Place,33904,3553
6589,9690,Forest Ln,75201,23861
6590,770,Skokie Boulevard,60062,6677
6591,1003,Christine Avenue #101-#210,36207,240
6592,245,Candler Rd,30317,4008
6593,718,Hillcrest Dr SE,58554,15112
6594,660,Veteran Avenue,90001,2196
6595,1221,Bob Pettit Boulvard,70820,9183
6596,524,S Washington St,47401,7149
6597,16,Mission Bay Dr,92625,1833
6598,1713,Enfield Rd,78703,23608
6599,200,Bower Road,77611,23699
6600,5407,Abbott Place  Abbott,55410,11952
6601,4839,Payson Place SE,30339,4008
6602,716,Hillcrest Dr SE,58554,15112
6603,4216,Serenity CT,58503,14943
6604,3935,Holbrook Dr In Morningside Addition,75460,24510
6605,1000,Valley Ridge Boulevard 7101,75057,24273
6606,1624,Jennifer Road,40502,8803
6607,350,North Ervay St,75201,23861
6608,578,Ford St,97301,20424
6609,1523,Butler Creek Avenue,59714,13853
6610,11753,W Atlantic Boulevard 534,33065,3578
6611,350,West 50th St,00601,17831
6612,5335,Aldine Bender Road 604,77002,24134
6613,8602,Western Ave,90620,1724
6614,110,Central Avenue,02155,9824
6615,1525,2nd Avenue,92101,2525
6616,97,Richards Avenue D13,06850,3333
6617,553,Cross St,02148,9811
6618,11550,Santa Gertrudes,90601,2761
6619,1155,W McNichols Road 104,48203,11251
6620,400,Dover Circle,74855,19912
6621,2571,Lake Worth Road,33449,3734
6622,811,W Superior St 3,60601,6061
6623,704,Main St,00601,21935
6624,5,Bath Baker Place Linden,21701,10208
6625,34807,N 32nd Drive,85003,1494
6626,316,Lewis St,32547,3644
6627,3770,S Yaqui Drive,86001,1401
6628,0,42nd Street,11201,17188
6629,3147,Washington St,02130,9786
6630,14375,Timberline Drive,48180,11652
6631,90,Surrey St,02155,9824
6632,7320,South East Milwaukie Ave 1,97201,20400
6633,7320,South East Milwaukie Ave 6,97201,20400
6634,1304,E Sylvan Circle,57005,22704
6635,928,S Broadway,90001,2196
6636,11729,S Princeton Avenue 1,60601,6061
6637,7098,Fernwood St,23075,25546
6638,855,Buena Vista St 28,93001,2718
6639,905,E 24th St A,94601,2341
6640,2531,Pingree St,48201,11096
6641,1000,E Walnut Drive #14,87401,16691
6642,2730,Lafferty Road 3x2j,77502,24511
6643,617,Union Avenue,93301,1655
6644,2647,Eastgate Road,43604,19455
6645,165,Oddstad Drive 31,94589,2710
6646,177,White Plains Rd,10591,18367
6647,3919,Congress St,60104,5932
6648,9801,E 61st St,00601,13224
6649,10058,Toelle Lane,63101,13272
6650,0,33rd,00601,17831
6651,1834,E Peters Colony Road,75006,23758
6652,2120,Herschel St B,32202,3706
6653,1652,SE 28th St 103,33030,3688
6654,4160,NW 21st St D226,00601,3743
6655,11000,SW 200th St 407,00601,3588
6656,1200,N Veitch St,22201,25242
6657,3160,Homestead Road #1,95050,2556
6658,5115,N 40th St,85003,1494
6659,2475,18th S Avenue,33701,3895
6660,1360,Lick Avenue 1,95110,2534
6661,298,W Chanslor Avenue,94801,2482
6662,1604,Q St NW,20001,3439
6663,111,E Chestnut St 24b,60601,6061
6664,71,Le Grande St Unit 2,06830,3270
6665,759,Burr Oak Lane 2,60484,6994
6666,759,Burr Oak Lane 3,60484,6994
6667,65,E Scott St,60601,6061
6668,2101,Ave Q,79401,24316
6669,6352,S Ada St 3,60601,6061
6670,1335,Donaldson Avenue 205,78201,24679
6671,901,N Fairfield,60601,6061
6672,1000,Blue Stone Circle,75147,24324
6673,2330,Church Lane 15,94806,2546
6674,937,Third St,90401,2562
6675,425,Broadway,90401,2562
6676,1659,Ocean Front Walk,90401,2562
6677,720,Waters Ave,31401,4450
6678,350,N Crescent Drive,90210,1679
6679,1123,Bonnie Brae Apartment 1,60305,6808
6680,320,N Crescent Drive,90210,1679
6681,352,S 1st Avenue #Mod 1bd,99362,26666
6682,2213,N 73rd Court,60707,6206
6683,440,Davis Court,94102,2528
6684,250,W 50th St,00601,17831
6685,7,Passing Road,11937,17416
6686,402,N Palm Drive,90210,1679
6687,30 1/2,Maple St,13676,18120
6688,1481,Lee St SE Salem,97301,20424
6689,1528,6th St,90401,2562
6690,402,N Palm Drive Beverly HI,90210,1679
6691,330,N Crescent Drive,90210,1679
6692,1,Off-On St Parking Spot,02840,22292
6693,901,Valley View Circle 3c,61701,5952
6694,6945,S Dorchester Avenue,60601,6061
6695,33423,6 Th St Union City 94587,94587,2703
6696,701,Sibley St Hammond,46320,7356
6697,060,Square Feet For $1,23075,25546
6698,114,North Touchet St,99362,26666
6699,9777,N Thornydale Rd,85701,1570
6700,1320,Wilson St 205,78644,24293
6701,1320,Wilson St,78644,24293
6702,3208,E Flower St,85003,1494
6703,415,Crescent St,99362,26666
6704,2205,W Seminole Boulevard,32771,3900
6705,3,Dion St,05404,26217
6706,5727,S Kenton Avenue 2,60601,6061
6707,10843,South East Bush St 08,97201,20400
6708,1000,Valley Ridge Boulevard,75057,24273
6709,3931,W Van Buren St 2,60601,6061
6710,0,We'Re Located At 1111 Ute Avenue,81520,2866
6711,120,47th Avenue N,33701,3895
6712,2549,Centegate Dr,00601,3790
6713,9100,Dodson St 8,77002,24134
6714,10850,Walnut Hill Lane,75201,23861
6715,6450,E Golf Links Road,85730,1570
6716,144,Newport Rd,10701,18545
6717,801,Micol Ave NE,28690,14846
6718,418,W Ormsby Avenue 303,40202,8816
6719,4113,Midland St 4,48201,11096
6720,3311,Goldsboro Place,22041,25463
6721,625,Edwards Avenue,44221,18776
6722,1485,Elder Avenue 29,92101,2525
6723,1682,Victor Boulevard,95521,1635
6724,508,N Lawndale Avenue,60601,6061
6725,3001,103 Bee Ridge Rd,34231,3903
6726,8215,S.W 72nd Avenue,33101,3782
6727,901,Valley View Circle,61701,5952
6728,9703,Dale Crest Drive,75201,23861
6729,2815,E 130th St,44101,18738
6730,24618,Hwy 99w,97448,20316
6731,4572,W Pine Drive,48502,11159
6732,2600,Westward Drive,78201,24679
6733,1302,Brookview Drive,43604,19455
6734,147807,640 N <BR><BR Park Avenue,32789,3971
6735,3347,Willow Crescent Dr,22030,25460
6736,2817,E 77th St,60601,6061
6737,1000,Holland Avenue,29033,22363
6738,10919,Fondren Road,77002,24134
6739,220,E Park Avenue,92173,2552
6740,19390,Powell Road,34601,3544
6741,113,W Republican Road,72076,1025
6742,4488,N Cornelia Avenue 230,93650,1979
6743,1753,S CT St,36101,562
6744,140b,S 4th St,97530,20310
6745,730,S Clark St,60601,6061
6746,2275,NE 12th St 19,33060,3870
6747,3400,W Park Boulevard,75023,24543
6748,600,W Hallmark Avenue 503,76541,24207
6749,235,Park Ln,53048,27065
6750,11910,Orsinger Lane 906,78201,24679
6751,2319,College Drive,36867,613
6752,4319,Swift Avenue A,92101,2525
6753,2037,W Hutchinson,60601,6061
6754,1546,Ingleside Avenue,21201,10082
6755,475,Laurel St Apartment 1,60120,6193
6756,1309,W 15th St,88101,16655
6757,1000,E Walnut Drive #19,87401,16691
6758,1920,Karen Cir. Apartment B,31061,4326
6759,2001,Rivertree Circle,32801,3834
6760,11910,Orsinger Lane,78201,24679
6761,227,Deerwood Drive 7,78201,24679
6762,6826,SW 4th Place B,32601,3650
6763,227,Deerwood Drive 80,78201,24679
6764,1962,18th N Place 1906,35203,271
6765,4500,Alhambra Drive,95616,1861
6766,8701,W Parmer Lane,78634,24147
6767,44,Webb St 2,60409,6008
6768,227,Deerwood Drive 26,78201,24679
6769,5640,S Throop St 1,60601,6061
6770,8541,Greenway Blvd,53562,27108
6771,227,Deerwood Drive 55,78201,24679
6772,331,S Dearing Avenue 102,93650,1979
6773,3957,Danny Melamed Avenue,89101,16968
6774,1441,Little Raven St,80202,2894
6775,13323,Southview Lane,75201,23861
6776,816,Rivas St,78201,24679
6777,1000,University Dr Eas,77840,23807
6778,227,Deerwood Drive 53,78201,24679
6779,1698,Ontario Drive 22,94085,2644
6780,417,S 8th St 1,95110,2534
6781,1767,NW 3rd Avenue,33101,3782
6782,1530,Ryar Road,32202,3706
6783,2515-A,East St,28590,14896
6784,19824,N 34th Place,85003,1494
6785,4498,N Cornelia Avenue 136,93650,1979
6786,0,Llc 1365 Commercial St,97301,20424
6787,10969,Wellworth Ave,90001,2196
6788,35,Butler Avenue,06604,3211
6789,3111,E Clarendon,85003,1494
6790,235,Roswell Ave,90802,2190
6791,4394,Delta St 1,92101,2525
6792,3805,S 272nd St,98030,26414
6793,8100,S Essex Avenue,60601,6061
6794,7316,S Dorchester Avenue 1,60601,6061
6795,4820,West Slauson Ave,90001,2196
6796,4540 1/2,W 161st St,90260,2159
6797,1524,Scott Avenue #234,28202,14298
6798,14140,Azalea Park Avenue Apartment B,70801,9183
6799,8426,S Brandon Avenue 1,60601,6061
6800,22405,30th Avenue S,00601,26329
6801,8136,S Marshfield Avenue 3,60601,6061
6802,8557,S Elizabeth St 1,60601,6061
6803,2722,East 26 St,10001,17960
6804,6253,S Michigan Avenue 1302,60601,6061
6805,2228,Polk St 4,33019,3685
6806,32,Liberty St Washington Heights,12550,17964
6807,1284,W 24th St Unit 2,90731,2547
6808,1418,North Poinsettia Place,90001,2196
6809,2428,Garfield Avenue Apartment 4,55401,12225
6810,2601,PA Ave,19102,21658
6811,6359,S Bishop St,60601,6061
6812,2614,Jeffries St 102,75201,23861
6813,2940,Via Toscana #102,92879,1832
6814,4392,Darrow Road,44224,19424
6815,152,Trowbridge CT,98382,26599
6816,3038,Antique Oaks Circle #162,32789,3971
6817,4503,Werner St,77002,24134
6818,7770,S South Shore Drive 1a,60601,6061
6819,1470,NE 123rd St  A611,00601,3812
6820,2485,Shoreline Dr,94501,1603
6821,703,Tremont St,02108,9643
6822,2900,S Memorial Drive,47362,7532
6823,200,Cork Lane,21136,10371
6824,2333a,Dwight Way,94702,1676
6825,2345,Sage Road,77002,24134
6826,12305,Southwest Loop 410,78201,24679
6827,331,Terra Cotta Avenue,60012,6113
6828,14650,Landmark Boulevard,75201,23861
6829,7611,S Essex Avenue 3,60601,6061
6830,1419,E 68th St 3,60601,6061
6831,1544,Mac Arthur Dr,80301,2835
6832,3419,8th St,73801,20138
6833,600,West Pioneer Parkway,75201,23861
6834,532,Coventry Road,21201,10082
6835,2452,Stella St 204,33901,3640
6836,340,Fremont,94105,2528
6837,1122,Francis Avenue Walla Walla,99362,26666
6838,319,Brook St B,60120,6193
6839,55,Edgewood St 1,06103,3278
6840,904,#9 East 14th St,27834,14446
6841,1811,Oliver Avenue N,55401,12225
6842,8903,Valley Ranch E Parkway,75038,24161
6843,4,Cloverwood Court 303,21221,10194
6844,15201,Memorial Highway 214,33101,3782
6845,1190,Kenmore Avenue,14201,17193
6846,1927,Taraval St,94102,2528
6847,15201,Memorial Highway,33101,3782
6848,1860,State St,60409,6008
6849,1147,West Chimes St,70801,9183
6850,4701,Kenmore Avenue,22301,25231
6851,2901,Ridgeview Dr,75023,24543
6852,6111,N Beach St,76102,24001
6853,1221,Redford St,77002,24134
6854,10582,Topanga Drive,94601,2341
6855,10582,Topanga Drive D,94601,2341
6856,371,Route 284 Apartment 2,10998,18504
6857,223,Thurman Avenue,43085,18753
6858,618,W Almond Avenue,92865,2356
6859,8230,S Maryland Avenue 3,60601,6061
6860,321,N Ewing Avenue,75201,23861
6861,715,E 32nd St. Unit B,78701,23608
6862,4104,Cedar Bend Drive 4104,48439,11199
6863,8713,S Normandale St,76102,24001
6864,3960,58th St,92101,2525
6865,103,Virginia Hills Drive 4,94553,2230
6866,2201,23rd N St,35203,271
6867,360,Mayfield Avenue A,46383,7737
6868,39,Hemenway St,02108,9643
6869,303,H St Chula Vista CA USA 103,91910,1803
6870,4111,133rd SE St,00601,26483
6871,12824,Steel St 1,48201,11096
6872,44,Autumn St 2,06604,3211
6873,12824,Steel St 128261,48201,11096
6874,4201,Bryn Mawr NE Drive,87102,16594
6875,507,Finks Hideaway Road,71201,9439
6876,759,Burr Oak Lane,60484,6994
6877,8,Towne Park Court,72201,1061
6878,2505,S 87th East Avenue 23,74103,20088
6879,11055,Laguna Bay Drive,32801,3834
6880,7505,S Ridgeland Avenue 2,60601,6061
6881,8235,S Drexel Avenue 3,60601,6061
6882,9017,S Bishop St 1,60601,6061
6883,3206,Cripple Creek St,78201,24679
6884,2811,Ave M 6,77550,24024
6885,3017,S Trumbull Avenue Unit 2,60601,6061
6886,1106,E Knapp St 210,53202,27114
6887,12485,Airblanc Drive #Pb,32501,3859
6888,202,S Marsalis Avenue,75201,23861
6889,9703,Hammocks Boulevard,33101,3782
6890,2795,Garden Avenue,95110,2534
6891,9819,Linn Ave 2nd Floor,60176,6869
6892,2360,Richton,48201,11096
6893,0,20th St S,35203,271
6894,0,1th Avenue N,35203,271
6895,0,33th St Ensley,35203,271
6896,0,8th Avenue,35401,710
6897,6502,Brownsville Road,30122,4283
6898,126,Turin St,13440,18186
6899,7420,Hindon Circle,21244,10458
6900,255,Fairview Road,76365,24113
6901,121,Oakwood Rd. #F,25301,27527
6902,721,W 76th St 2,60601,6061
6903,2115,Collingwood Boulevard,43604,19455
6904,32,Centennial Avenue,02151,9916
6905,333,Howard Avenue,06510,3315
6906,107,Roosevelt Avenue C,29601,22447
6907,7130,New Laredo Highway,78201,24679
6908,35,Thunderbird Drive,72023,825
6909,3421,Third Avenue SE Salem,97301,20424
6910,12,Mon Nearest Cross St,83642,5741
6911,4941,Market St #3,44502,19568
6912,207,Russell St Middletown Court 06457-Plex,06457,3301
6913,736,N 8th St,70801,9183
6914,100,Garden Gate Dr,15201,21669
6915,408,Woodward Ave,34677,3827
6916,113,West Republican Rd A,72076,1025
6917,8034,Antoine Drive Zero Movin,77002,24134
6918,229,E Marquette Road 2floor,60601,6061
6919,5720-5780,Jackson Drive,91941,2129
6920,2050,NW 81 Avenue #215,33028,3857
6921,6943,Balcom Avenue,91335,2479
6922,4406,Bowleys Lane 3d,21201,10082
6923,5720,Jackson Drive #15,91941,2129
6924,4304,W Adams St 3,60601,6061
6925,4201,W Gladys Avenue 2,60601,6061
6926,7302,Ave P 1/2,77550,24024
6927,10900,Macarthur Boulevard 9,94601,2341
6928,6843,Bowery Crossing,43081,19529
6929,12,Spring St,10001,17960
6930,311,North Greeley Avenue,10514,17259
6931,14,Fleet St,21401,10075
6932,5903,Danny Kaye Drive,78201,24679
6933,6900,NW 13th St 2,73102,19959
6934,2540,Fremont St 4,89101,16968
6935,5836,NW 22nd Avenue,33101,3782
6936,2505,S 87th East Avenue 26,74103,20088
6937,19,Post Office Avenue,20707,10277
6938,7733,W.Sheridan Avenue,53202,27114
6939,6406,Tealcove Drive,76001,23596
6940,435,W Center St Promenade,92801,1621
6941,9703,Dale Crest Drive Manager's Office,75201,23861
6942,320,Humphrey St,06510,3315
6943,540-550,South Arcade Dr,93001,2718
6944,115,Arbor St,77520,23637
6945,100,Milne Avenue,56551,12071
6946,527,D St,95616,1861
6947,2438,W 66th St,60601,6061
6948,0,174th St,33160,3813
6949,12610,Ashford Meadow Drive,77002,24134
6950,33,Manchester Place Buffalo NY 14213-Plex,14201,17193
6951,1220,Knowlton Road,77520,23637
6952,6714,S Prairie Avenue 1,60601,6061
6953,6923,S Sangamon St 1,60601,6061
6954,11103,Ashbury Avenue,44101,18738
6955,2440,W 66th St 2,60601,6061
6956,1065,Arnold Court,60016,6143
6957,2101-82200,Chestnut St,19102,21658
6958,2505,S 87th East Avenue 34,74103,20088
6959,1011,NW 3rd Avenue Unit,00601,3671
6960,2503,S 87th East Avenue 35,74103,20088
6961,5229,Willowcrest Ave,91601,2327
6962,1500,Sparkman Dr NW 30c,35801,482
6963,4917,W Cortez St 1,60601,6061
6964,5308,Eden Drive,47708,7284
6965,3536,West Avenue,78201,24679
6966,2503,S 87th East Avenue 32,74103,20088
6967,2503,S 87th East Avenue 33,74103,20088
6968,416,W Samano St,78539,23932
6969,2503,S 87th East Avenue 30,74103,20088
6970,2503,S 87th East Avenue 34,74103,20088
6971,416,South 17th St,07102,16381
6972,1500,N Garrett Avenue,75201,23861
6973,1330,Naples Circle 211,32955,3885
6974,8159,S Justine St 3,60601,6061
6975,250,Pennsylvania Avenue,76102,24001
6976,2320,Tucumcari Drive #1089,89101,16968
6977,16,Charleston Park Drive,77002,24134
6978,552,Montview Drive,92025,1930
6979,7511,Lane Jolla Boulevard,92037,2128
6980,6131,S Eberhart Avenue 2,60601,6061
6981,8109,S Muskegon Avenue 2,60601,6061
6982,8109,S Muskegon Avenue 1,60601,6061
6983,5324,Chandler St,72114,1137
6984,27181,Euclid Avenue 1,44117,18832
6985,628,Kennedy Boulevard 5,07002,16067
6986,0,62nd St,00601,17831
6987,1529,Boylston Ave,98101,26594
6988,324,W 47th,10001,17960
6989,1433,South Main Chapel Way,21054,10219
6990,9209,S Greenwood Avenue 2,60601,6061
6991,9209,S Greenwood Avenue 1,60601,6061
6992,88-01,179th St,00601,18137
6993,9209,S Greenwood Avenue Ground,60601,6061
6994,590,1st Avenue S,98101,26594
6995,1270,SE 26th St 203,33030,3688
6996,44493,Whitford Square 303,20147,25246
6997,2707,Pickle Road,43616,19246
6998,1280,Wolff St,80202,2894
6999,23,E Midland Avenue,07032,16266
7000,950,Jefferson Commons Cir,55401,12225
7001,615,Jackson Avenue 615,77518,23616
7002,3760,Inverrary Dr,00601,3743
7003,1521,Norwood Avenue,80301,2835
7004,289,Joanna Court 302,60002,5878
7005,4214,SW Canal Boulevard,97756,20409
7006,060,Square,23075,25546
7007,14422,Maddelein St,48201,11096
7008,060,Sq-Ft For $1,23075,25546
7009,2011,Bandera Road,78201,24679
7010,6703,Strawberry Lane,40202,8816
7011,1508,W Allegheny Avenue,19102,21658
7012,5587,Ironwood Court,43085,18753
7013,3027,W Lexington St 3,60601,6061
7014,6440,Second St,33040,3718
7015,97,Ashlar Hill Court,21234,10342
7016,4915,Bryan St,75201,23861
7017,1235,Hartsdale Drive,75201,23861
7018,716,N Plymouth Road,75201,23861
7019,4217,N Garland Avenue,75040,24029
7020,911,N Santa Anita Ave,91006,1634
7021,2800,W Davis St,75201,23861
7022,954,Dill Avenue,30303,4008
7023,1405,Wentworth Avenue A1,21234,10342
7024,1020,W Kings Highway Suite 210,08031,16075
7025,11760,Ferguson Road,75201,23861
7026,414,10th Avenue S,58102,15016
7027,411,South Hill Ave,72701,928
7028,11729,S Princeton Avenue 2,60601,6061
7029,1130-10th,St,94601,2341
7030,7831,S Colfax Avenue Garden,60601,6061
7031,5133,SW 91st Court,32601,3650
7032,7949,S Essex Avenue 1,60601,6061
7033,7927,S Essex Avenue 3,60601,6061
7034,7947,S Essex Avenue 2,60601,6061
7035,7929,S Essex Avenue 3,60601,6061
7036,25,Remoleno St,14201,17193
7037,11437,S Calumet Avenue 2,60601,6061
7038,7229,S Peoria St 2,60601,6061
7039,2620,Beverly Drive,50322,5512
7040,7833,S Colfax Avenue Garden,60601,6061
7041,7949,S Essex Avenue 3,60601,6061
7042,4140,Wadsworth Court 101,22003,25238
7043,1625,W Jefferson St 4,40202,8816
7044,5700,S Wolcott Avenue 2,60601,6061
7045,215,N Webster Avenue,54301,26960
7046,6018,South Eberhart Ave,60601,6061
7047,2505,S 87th East Avenue 21,74103,20088
7048,225,Adam Ave  10,31714,4006
7049,601,Vairo Blvd,16801,21915
7050,7901,Perry Highway,15201,21669
7051,2405,NW 135th St,33101,3782
7052,2505,S 87th East Avenue 22,74103,20088
7053,1212,21st North,35203,271
7054,900,Doolittle Avenue 112,89101,16968
7055,900,Doolittle Avenue 111,89101,16968
7056,900,Doolittle Avenue 109,89101,16968
7057,900,Doolittle Avenue,89101,16968
7058,900,Doolittle Avenue 205,89101,16968
7059,1555,Balzar Avenue 210,89101,16968
7060,900,Doolittle Avenue 150,89101,16968
7061,424,Howle Avenue Unit B,29401,22368
7062,1555,Balzar Avenue 202,89101,16968
7063,3901,Leavell Ave,79901,23939
7064,1418,Fremont Avenue N  1,55401,12225
7065,374,Twilight Dr,60450,6612
7066,3236,Millington Rd,38103,23338
7067,2003,House Avenue,27701,14364
7068,3143,W Pike Peak Avenue,80902,2872
7069,501,Warner St,60140,6334
7070,8628,S Escanaba Avenue 1,60601,6061
7071,6332,Crenshaw Boulevard 6,90001,2196
7072,285,Sunset Boulevard,94541,2040
7073,1800,Patriot St,73096,20122
7074,0,45th St,94601,2341
7075,5625,Ironwood Court,43085,18753
7076,1301,S Maddox Avenue,79029,23916
7077,0,Near Downtown 352 S First Avenue,99362,26666
7078,5015,SW 9th St,50309,4889
7079,112,11th St Apartment 508,50309,4889
7080,5915,Uvalde Road A2,77002,24134
7081,5915,Uvalde Road B2,77002,24134
7082,5915,Uvalde Road B1,77002,24134
7083,23515,Lyons Avenue,91354,2708
7084,3235,N Stone Ave #2,85701,1570
7085,1245,Market St,92101,2525
7086,214,N Lamon Avenue 2,60601,6061
7087,7001,NW 15th Avenue 5,33101,3782
7088,5756,S Bishop St 2,60601,6061
7089,3625,Charles St 3625,32202,3706
7090,7414,E Grand Avenue,75201,23861
7091,5756,S Bishop St 1,60601,6061
7092,6014,S Calumet Avenue 3,60601,6061
7093,441,NW 12th St 6,00601,3636
7094,1485,25th St,92101,2525
7095,8201,S Maryland Avenue 1,60601,6061
7096,8201,S Indiana Avenue,60601,6061
7097,2,W Casino Road,98201,26354
7098,15530,Ella Boulevard,77002,24134
7099,4032,E Southcross Boulevard,78201,24679
7100,8014,S Elizabeth St 1,60601,6061
7101,18203,Westfield Place Drive,77002,24134
7102,7514,Garrison Road 7,40202,8816
7103,2206,E 84th St 1,60601,6061
7104,2534,Key St,43604,19455
7105,12007,Tarragon Road I,21136,10371
7106,2233,West 21st St,60601,6061
7107,8116,S Kingston Avenue 2,60601,6061
7108,8146,S Coles Avenue 1,60601,6061
7109,213,West Sycamore St,46514,7276
7110,23b,Sanchez Ave,32080,3889
7111,1900,Sam Bass Boulevard,76201,23883
7112,101,N Ocean Dr,33019,3685
7113,1043,College St,38103,23338
7114,8635,S Ingleside Avenue 1,60601,6061
7115,321,N Avers Avenue 1,60601,6061
7116,3538,W Grenshaw St 2,60601,6061
7117,4235,Southern Boulevard #2,44502,19568
7118,321,N Avers Avenue 2,60601,6061
7119,8637,S Ingleside Avenue 2,60601,6061
7120,2289,Upton Avenue 20,43604,19455
7121,6129,S Eberhart Avenue 2,60601,6061
7122,1529,S Ridgeway Avenue 3r,60601,6061
7123,1529,S Ridgeway Avenue 3f,60601,6061
7124,7153,S Parnell Avenue 1,60601,6061
7125,15409,S Joliet Road 2,60544,6761
7126,6135,S Seeley Avenue 2,60601,6061
7127,605a,Magnolia Rd,21085,10266
7128,1739,E 75th St 2,60601,6061
7129,359,N Greeley Avenue,10514,17259
7130,12507,SW 2nd St.,73099,20144
7131,135,N Green,67202,8411
7132,323,N Walnut St,48906,11329
7133,2204,Columbia St Apartment 10,92101,2525
7134,3003,W 35th Avenue,99501,11
7135,5117,N Hampshire Boulevard,76102,24001
7136,400,Cape Cod Loop,34606,3920
7137,4300,Bridgewater Club Loop,34606,3920
7138,3117,Fordhaven Road 5,40202,8816
7139,4456,Bircher Boulevard 2f,63101,13272
7140,3104,W Lexington St 2,60601,6061
7141,2815,Dewey Avenue 2824,73026,19947
7142,245,E 87th Place 245,90001,2196
7143,6222,S New Braunfels Avenue,78201,24679
7144,2630,Richton St,48201,11096
7145,158,Frank St 1,06604,3211
7146,3402,S Buckner Boulevard,75201,23861
7147,2579,Herschel St Up,32202,3706
7148,8943,Senate St Offfice,75201,23861
7149,8943,Senate St,75201,23861
7150,76,Sterling St 1,06103,3278
7151,2480,Pinter Unit A,96150,2615
7152,6,Aberdeen Rd,02143,9949
7153,1601,Third Avenue,10001,17960
7154,55,Edgewood St 3,06103,3278
7155,4001,Potter 56,97401,20255
7156,1,Aspen Dr,80537,3029
7157,100,Lakeshore Drive,40502,8803
7158,714,Atlantic Avenue,08108,16133
7159,37,Broad St,08822,16188
7160,855,King Arthur Drive,28301,14402
7161,4610,Pecan Valley Drive Pb29,78201,24679
7162,55,Chumasero Dr Apartment 12c,94102,2528
7163,3250,S Arizona Ave,85224,1369
7164,5746,Burchard Avenue #2,92501,2495
7165,4714,Schley Avenue 2nd Floor,21201,10082
7166,1835,NW 2nd Court 5,33101,3782
7167,5816,Tetherwood Drive,43604,19455
7168,2585,W10th,44101,18738
7169,4114,S Parkhill Court,65801,13312
7170,307,E Edgewood St,65801,13312
7171,14827,Mittlestedt Champions Road,77002,24134
7172,4300,Bridgewater Club Loop 4662,34606,3920
7173,3912,Saint Michael.S CT,77478,24786
7174,1511,Westminster St,55101,12380
7175,107,North Columbus,91201,1996
7176,3233,W Fulton Boulevard 3,60601,6061
7177,3265,S Bryant St,80110,2916
7178,1970,Rosemary Hills Drive,20901,10402
7179,2405,Monterey Drive,53703,27074
7180,1363,13th St,91932,2078
7181,7400,S Phillips Avenue 3n,60601,6061
7182,5222,W Hirsch St Apartment 1,60601,6061
7183,1884,Shepard Ln,00601,25088
7184,4953,W Augusta Boulevard 1f,60601,6061
7185,123,Parkside Ave,11201,17188
7186,148,Hancock St,11201,17188
7187,1701,NE 148th St 6,33101,3782
7188,16505,Butterfield Boulevard,95037,2285
7189,16505,Butterfield Boulevard Tbd,95037,2285
7190,4001,Treviso Drive,62701,6921
7191,5320,Millenia Boulevard,32801,3834
7192,2021,Willow,40475,8971
7193,174,Mill St,03813,15836
7194,1124,Steelton Ave,21201,10082
7195,523,W Saint Germain St  Studio,56301,12372
7196,919,Vermont St Apartment 2,95110,2534
7197,1250,Yeomans Rd,79601,23557
7198,1250,Yeomans Road,79601,23557
7199,15,Grand St,11963,18212
7200,837,South Wells St,60601,6061
7201,1400,Clamp Avenue 304,78201,24679
7202,1380,Hemlock Avenue 1,91932,2078
7203,2815,E 81st St,60601,6061
7204,267,Goldsmith Avenue 3,07102,16381
7205,2099,Pacific Boulevard,94401,2544
7206,306,Oak Grove St,55401,12225
7207,316,Oak Grove St,55401,12225
7208,1360,Irwinton Rd Apartment 3,31061,4326
7209,6301,Riverside Dr,34498,3975
7210,6617,Wakefield Apartment 413-B,22301,25231
7211,5492,Imperial Avenue 33,92101,2525
7212,101,Steuben Dr,12084,17589
7213,66,Disnmore Avenue,01701,9735
7214,7824,Marigold,86314,1506
7215,6601,Burns St,11374,18153
7216,13000,NW Cornell Road,97201,20400
7217,1328,Idaho Avene South,00601,12377
7218,421,Christopher Avenue #23,20877,10216
7219,433,E Philip St,50309,4889
7220,819,Forrest Dr  15,23601,25701
7221,3625,Parsons Boulevard,11354,17494
7222,8245,S Maryland Avenue 1,60601,6061
7223,3969,5th St NE,00601,11893
7224,0,82nd And Colfax Avenue,60601,6061
7225,30,Clipper CT,32080,3889
7226,315,S Dearing Avenue 204,93650,1979
7227,6610-18,South Kenwood Blvd,60601,6061
7228,15534,El Estado Drive,75201,23861
7229,30,Pine Bark Cove,39401,13581
7230,12920,Dalewood St,91706,1656
7231,1324,Locust St 1417,19102,21658
7232,1148,N Harding Avenue Garden,60601,6061
7233,200,E 60th St N,57103,22961
7234,8034,Antoine Drive 731,77002,24134
7235,6050,S Harvey Avenue,73102,19959
7236,1153,34th Avenue N,33701,3895
7237,2124,90th Avenue 15,94601,2341
7238,6649,S Maplewood Avenue 2,60601,6061
7239,1016,Glade Lane #7,87401,16691
7240,2329,W 54th St 10,90001,2196
7241,3700,W Mungall Drive,92801,1621
7242,8500,SW 109 Ave,33101,3782
7243,10960,Balfour Road 15,48201,11096
7244,126,W Rose St,99362,26666
7245,2333,20 1/2 Avenue S,58102,15016
7246,4834,Penn St 1,19102,21658
7247,3106,W 64th St 2,60601,6061
7248,500,Collinwood Place,23601,25701
7249,2450,Island Dr Apartment 210,55384,12415
7250,1400,Old Trail Roaad,43537,19090
7251,500,Collinwood Place B,23601,25701
7252,100,Tricia Lane,23601,25701
7253,3750,Inverrary Dr,00601,3743
7254,11349,Newkirk St,75201,23861
7255,4850,SW 11th St,97030,20284
7256,26221,Pinehurst St,48066,11574
7257,3132,Westbourne Ave,11691,17472
7258,7301,Ederville Road,76102,24001
7259,489,Columbus Avenue,10001,17960
7260,155,2nd Avenue,00601,17831
7261,44,Clifford St,07017,16158
7262,1212,Grace Circle,75119,23955
7263,13300,Alexandria Drive,33054,3829
7264,0,126th St,90250,2038
7265,1834,East Peters Colony,75006,23758
7266,2601,N Grand St 103,79101,23580
7267,2165,Rugby Avenue,00601,4101
7268,1385,Mainsail Dr,34101,3801
7269,8036,S Escanaba Avenue Bf,60601,6061
7270,1300,NW 2nd Avenue 14,33060,3870
7271,5802,W 38th St,46201,7390
7272,7926,S Union Avenue 2m,60601,6061
7273,2074,Midyette Road,32301,3929
7274,6704,A Winton St,77002,24134
7275,2113,2nd Ave N Lower Unit,98101,26594
7276,119,Cadiz St,32301,3929
7277,405,S Walnut St,47401,7149
7278,2101,Chestnut St,19102,21658
7279,2121,Ala Wai Honolulu HI,96730,4604
7280,11300,Mesa Dr,72201,1061
7281,0,3rd Avenue,92101,2525
7282,200,West Wilson Ave,91201,1996
7283,13,Baytree CT,27701,14364
7284,5505,Ackerfield Avenue,90802,2190
7285,13250,Westheimer Road,77002,24134
7286,700,Watkins Ave,24592,25838
7287,1303,Rigsby Avenue,78201,24679
7288,645,Old Hickory Boulevard Apartment 112,37201,23367
7289,7843,Everett Avenue,66101,8092
7290,3620,Southmore Boulevard,77002,24134
7291,2419,Long St,77701,23639
7292,144,Hamilton Ave,07644,16300
7293,12345,S Lowe Avenue,60601,6061
7294,170,Blvd Southeast,30303,4008
7295,5500,Riverwood Drive,48502,11159
7296,615,Palmer Avenue,89101,16968
7297,320,Ashland Dr,83276,5813
7298,5625,N Bay Road,33109,3783
7299,1002,43 1/2 St S,58102,15016
7300,1005,E 8th St #3018,85281,1557
7301,0,55th Drive,85301,1415
7302,950,South George Mason Dr,22201,25242
7303,1407,Keagle Way,95240,2182
7304,5515,W Loop 281,75601,24303
7305,103-13,Queens Boulevard,11415,17735
7306,26,Cox Ave,10701,18545
7307,107,Sartain Dr,30601,4007
7308,2500,E James St,77520,23637
7309,2130,North Old Manor Rd,67202,8411
7310,350,S Reno,90001,2196
7311,11,Friendly Way,04009,10509
7312,36,Pratt St,06010,3213
7313,351,South 1st East,83276,5813
7314,156,Grant St,07302,16260
7315,143,Newark Ave,07302,16260
7316,6633,West Airport Blvd,77002,24134
7317,722,Mountain Rd,24558,25527
7318,1847,East 87th St,44101,18738
7319,101,South Main St,57301,22882
7320,96,Bellingham St,02150,9670
7321,109,East South 4th St,29672,22610
7322,922,Kentucky St,66044,8112
7323,3516,-3522 Dorham Place,45402,18782
7324,12607,Ashford Meadow Dr,77002,24134
7325,17321,Cedar Rock CT,77840,23807
7326,6102,Julie Kay's Way,40202,8816
7327,5519,Live Oak St,77002,24134
7328,14132,Bonham St,77002,24134
7329,315,S Main St,24531,25355
7330,5341,Market St,19102,21658
7331,620,West Markham Ave,27701,14364
7332,126,East Broad St,42330,8546
7333,16218,Maple Heights Boulevard,44137,19074
7334,326,Lost River Avenue,83213,5597
7335,982,Marble Ave,38103,23338
7336,208,South Market St,46923,7251
7337,1926,W 5th,19801,3491
7338,4201,51st St,92101,2525
7339,6624,206th Place Northeast #B,98223,26237
7340,5,Joyce St,01901,9809
7341,123,W Delano St,85701,1570
7342,122,North Clifton Ave,40202,8816
7343,1311,Mount Vernon Rd,30755,4517
7344,6100,Julie Kay's Way,40202,8816
7345,179,Montauk Ave,06320,3316
7346,6905,Rue Vendome,33109,3783
7347,9428,South Burnside Ave,60601,6061
7348,709,Central Plains CT,58201,15047
7349,22,Mission St,07042,16351
7350,2015,Broad Ave,16601,20538
7351,421,North Hooper Ave,83276,5813
7352,1820,Cherry St,32202,3706
7353,3648,N 70th St,85250,1533
7354,1114,Douglas Rd,00601,3577
7355,3927,Notters Ave,32202,3706
7356,160,South Main St,83276,5813
7357,1607,Main St,45202,18731
7358,7705,7th Ave South,35203,271
7359,3545,Cypress St,32202,3706
7360,700,Murphy Avenue,30240,4268
7361,12614,Ashford Meadow Dr,77002,24134
7362,4919,Pecan Grove Boulevard,78201,24679
7363,4170-76,34th St,92101,2525
7364,1207,Central Ave,47201,7223
7365,14705,Southeast 117th Ave,97015,20206
7366,1809,St Paul St #3,21201,10082
7367,105,Forest Ave,25301,27527
7368,525,Lambuth Blvd,38301,23273
7369,509,N 26th St 4,40202,8816
7370,2125,Garrison Rd,88001,16749
7371,16202,Maple Heights Boulevard,44137,19074
7372,10810,Newmont Rd,78701,23608
7373,30-02,39th Ave,00601,18137
7374,2901,Governeour St,67202,8411
7375,550,West 106th St,90001,2196
7376,3620,Verde Drive 207,80902,2872
7377,648,N Serrano Avenue,90001,2196
7378,604,W Kinnear Place,98101,26594
7379,9875,Willowbrook Cir,40202,8816
7380,112,Robinwood Dr,42345,8700
7381,3680,Inverrary Dr,00601,3743
7382,94-354,Hanawai Cir #3,96797,4664
7383,1530,Ala Iolani Place,96813,4600
7384,2475,Woodale Avenue,54301,26960
7385,1017,Elm Avenue,73099,20144
7386,4688,39th St,92101,2525
7387,10101,Montery Road,46201,7390
7388,1366,N Arlington Avenue,46201,7390
7389,1629,S Myers St,92054,2346
7390,2170,Carol View Road,92024,1927
7391,8852,SW 95 Avenue,33101,3782
7392,30,Hillside St,06108,3250
7393,515,Barrett Avenue,95037,2285
7394,742,Lefferts Avenue,11201,17188
7395,0,204th St,11360,17110
7396,509,E 24th,99201,26616
7397,1131e,West Aaron Dr,16801,21915
7398,1050,Stratford Avenue 1,06604,3211
7399,6356,Ross St,19102,21658
7400,201,Pheasant Avenue,40118,8635
7401,365,North Jefferson St,60601,6061
7402,2144,California St NW,20001,3439
7403,3045,Golfcrest,77002,24134
7404,48,Plantation St,01602,10060
7405,1517,12th Place,90001,2196
7406,1889,Denver West Drive Apartment 1,80401,2949
7407,110,Morefield Way,17050,21420
7408,7400,Highline Drive,34601,3544
7409,2120,North Old Manor Rd,67202,8411
7410,839,Halsey,11201,17188
7411,3071,NW 27 St,33101,3782
7412,8821,Pacific Avenue,98402,26632
7413,1443,Euclid Avenue,43701,19571
7414,725,S Bixel St,90001,2196
7415,304,E Columbia,80902,2872
7416,2825,E 130th St,44101,18738
7417,3800,Hillsdale Drive,94565,2420
7418,4545,Center Boulevard,94565,2420
7419,207,Loma Linda,85323,1347
7420,124,South Main,74059,19977
7421,531,N Virginia CT,90802,2190
7422,309,W 9th St,90802,2190
7423,4109,156th SW St B3,98036,26451
7424,95,South Main,06457,3301
7425,405,N Wabash Avenue #712,60601,6061
7426,7746,South Yates Blvd,60601,6061
7427,440,N Wabash Avenue #2602,60601,6061
7428,1100,Garden View Road,92024,1927
7429,20602,Lorain Rd,00601,18837
7430,706,South Hunter,67202,8411
7431,817,N Carancahua,78401,23829
7432,527,Bloomfield Avenue B5,07006,16107
7433,2535,W Marquette Road,60601,6061
7434,18151,NE 31st Court #1801,00601,3513
7435,1553,A St,99501,11
7436,108,Thompson Ln,37201,23367
7437,4147,W Washington Boulevard 2e,60601,6061
7438,0,210st 94ave Queen Village,00601,18137
7439,0,202st 42ave Bayside,11360,17110
7440,0,224st Jamaica Avenue Queen Village,00601,18137
7441,2206,Arthur NE St,55401,12225
7442,531,W 8th St,07060,16433
7443,4805,Post Road,79901,23939
7444,4304,Royal View,15101,20536
7445,0,27th St N,33701,3895
7446,171,Madison Avenue,10001,17960
7447,5141,Lee Road,44137,19074
7448,6147,Lansdowne Ave,19102,21658
7449,221,North Myrtle Ave,91016,2271
7450,430,N Washington Ave. Apartment D,48067,11576
7451,7408,NW 10th St 1,73102,19959
7452,11184,Thorncroft Drive,23059,25503
7453,130,Sudderth Dr,76802,23921
7454,1035,Jaycee St Northwest New,76802,23921
7455,7408,NW 10th St 2,73102,19959
7456,7408,NW 10th St 3,73102,19959
7457,3213,Harbor Avenue SW,98101,26594
7458,2230,W Lincoln Avenue Ana,98101,26594
7459,124 1/2,S 2nd St,98101,26594
7460,2090-92,Frederick Douglas Boulevard,10001,17960
7461,1007,East Hancock St $720 2bd,10001,17960
7462,8400,Brass Mill Ln,27601,14704
7463,1300,Coral Place,92660,2315
7464,0,16th St NW,20001,3439
7465,854,West 180th St,10001,17960
7466,218,West Montgomery Avenue,20850,10379
7467,7520,Garrison Road 2,40202,8816
7468,8034,Antoine Drive M,77002,24134
7469,1001,SW 17th Ln,32601,3650
7470,0,50th St,60601,6061
7471,4109,West 82 ND St,57103,22961
7472,5704,NW 19th St 206,73102,19959
7473,6043,Wister St,19102,21658
7474,1882,Forest Hills Boulevard,44101,18738
7475,11545,Moorpark St,91601,2327
7476,720,Winthorne Dr,37201,23367
7477,437,E Liberty St,17201,20738
7478,45,4th St 1,06604,3211
7479,1600,Lane Salle Drive,75090,24731
7480,2350,Reagan Ave,82901,28262
7481,157,Fleet Avenue,20745,10339
7482,542,Central Avenue,11201,17188
7483,6618,Columbus Ave,91401,2716
7484,1737,N Sycamore Avenue,90001,2196
7485,1302,Redwood Dr,82501,28259
7486,305,Euclid Ave,94601,2341
7487,2173,Idaho Avenue SE,57350,22825
7488,8,S Lincolnway,60542,6674
7489,16,Osterhout Dr,00601,28231
7490,1024,East Main St,82520,28217
7491,2800,S Dairy Ashford Drive,77002,24134
7492,321,79th St,07047,16388
7493,111,Boardwalk Drive,83128,28127
7494,3041,Jackson North Ave,67202,8411
7495,94,Aniani Place,96797,4664
7496,2339,Webster St 1,89030,16985
7497,5729,NW 19th St 3,73102,19959
7498,601,Seville Boulevard,48340,11524
7499,1016,Glade Lane #1,87401,16691
7500,213,North Hayes St,93561,2660
7501,319,Brook St 2,60120,6193
7502,6114,43rd St W E105,34201,3536
7503,0,118st 84ave,11415,17735
7504,1700,Stonehaven Cir,30120,4072
7505,0,132st Maple Avenue Flushing,11354,17494
7506,0,203st 42ave,11360,17110
7507,5040,W Congress Parkway 1,60601,6061
7508,1830,North Cherokee Ave,90001,2196
7509,3730,W Bay Ave,33602,3930
7510,545,Martin Luther King Dr,36441,398
7511,315,S 20th St,62966,6638
7512,32,East Broad St,10550,17928
7513,813,Euclid Court,60040,6367
7514,1632,S Bayshore Court,33101,3782
7515,1300,Gemini St,77002,24134
7516,1266,Leforge Rd Office,48197,11735
7517,236,W Thompson St Apartment B102,19102,21658
7518,5625,E Balch Avenue,93650,1979
7519,6830,Miller Wilson,77532,23844
7520,1200,Grand Cypress Square,23451,25909
7521,19 1/2,South CT St,45701,18587
7522,0,35ave Parsons Boulevard,11354,17494
7523,0,33ave Parsons Boulevard,11354,17494
7524,0,86st Whitney Avenue,11373,17456
7525,45,Church St,07042,16351
7526,106,Nanticoke Ave,13760,17460
7527,0,147st 34ave Flushing,11354,17494
7528,2405,Capri Lane,67202,8411
7529,1,Astor Place,10001,17960
7530,934,Stewart Avenue #23,14850,17699
7531,100,W Buffalo St,14850,17699
7532,546,South Woodlawn Blvd,67202,8411
7533,316,E State St,14850,17699
7534,311,E Green St,14850,17699
7535,417,E 60th St,10001,17960
7536,0,80st 37ave,11372,17700
7537,6725,Buncombe Rd,71101,9536
7538,145,Fourth Avenue,10001,17960
7539,1,South New Hampshire,08401,16056
7540,14801,Joy Road,48201,11096
7541,1709,Avenue C Apartment B,76801,23713
7542,1317-1319,North Ave Home  204,07208,16167
7543,1204,Peachtree Boulevard,23219,25787
7544,2601,E Valley Boulevard,91790,2746
7545,211,Wexford Dr,29687,22634
7546,0,46st Skilmen Avenue,11104,18357
7547,0,37ave 80st,11372,17700
7548,0,147st 36ave Flushing,11354,17494
7549,1350,N Lakeshore Drive,60601,6061
7550,6222,Kester Avenue,91401,2716
7551,1914,SW 17 Avenue Apartment W23,33101,3782
7552,5325,North Oak St Office,72762,1246
7553,2008,Kennedy Road,37902,23286
7554,3544,11th Avenue N,58201,15047
7555,56,East 50th St,60601,6061
7556,58,East 50th St,60601,6061
7557,49-1,Garden View Terrace,00601,16160
7558,615,S Broad St Apartment 2,27215,14270
7559,1806,Don Station CT,92054,2346
7560,102,Emerald Ash,78201,24679
7561,2231,Landis St,92101,2525
7562,11055,Laguna Bay Drive 3,32801,3834
7563,646,N Lane Fayette Park Place,90001,2196
7564,1000,E Walnut Drive #15,87401,16691
7565,4727,Rohns St,48201,11096
7566,321,W Laurel,78201,24679
7567,7301,Ederville Rd,76102,24001
7568,4909,W Superior St 1,60601,6061
7569,225,N Gilbert Road,85201,1464
7570,4091,Abourne Road,90001,2196
7571,143,Northtowne St,62254,6476
7572,64,Virginia Ave,11755,17751
7573,44-11,30 Avenue,11102,17078
7574,4313,Temecula St,92101,2525
7575,8324,Millwheel Dr,00601,18713
7576,379,Elm St,30303,4008
7577,9,Candlelight Drive,62701,6921
7578,543,E 5th St,10001,17960
7579,7508,South Union Ave,60601,6061
7580,6836,Coleman's Crossing Avenue,23072,25539
7581,5451,Hermtiage Avenue,91607,2714
7582,12,Woodmont St,01085,10038
7583,905w,11th,67202,8411
7584,71,Park Ave,10001,17960
7585,11245,39th Ave,11354,17494
7586,405,N 5th St,56001,12191
7587,757,Kinalau Place,96813,4600
7588,610,Berkeley Place Cir,29631,22375
7589,7504,Bennett Avenue #A,78701,23608
7590,7720,Crescent Avenue,90620,1724
7591,9643,Lamborne Boulevard,40202,8816
7592,4444,W West End Avenue 3,60601,6061
7593,6250,Hargrove Avenue,89101,16968
7594,940,Village Trail,32127,3875
7595,830,N Van Buren St,19801,3491
7596,1484,N Cedar Avenue,93650,1979
7597,127,Kensington Avenue S,98030,26414
7598,7241,Balkis,91945,2166
7599,2107,Troy Rd,45501,19414
7600,750,S 43rd St,58201,15047
7601,1301,Medical Center Drive,91910,1803
7602,0,58th,00601,17831
7603,0,59th St,00601,17831
7604,2062,Grant Ave,19102,21658
7605,5249,US 277 S,79601,23557
7606,6400,NW 2nd Ave 3230,33428,3530
7607,530,Daytona Parkway,45402,18782
7608,1426,SW 7th Court,33904,3553
7609,5400,W Parmer Ln,78701,23608
7610,5150,E Club Cir 206,33428,3530
7611,669,Pawling Avenue,12180,18385
7612,1706,Dartmore Drive 1 1,27893,14889
7613,2501,S Ocean Blvd 2080,33428,3530
7614,669,Pawling Avenue #2,12180,18385
7615,1437,12th St #D,90266,2220
7616,1111,S Ocean Boulevard 4150,33428,3530
7617,1740,NW 1st Place 4,33101,3782
7618,1869,Thompson Place,78201,24679
7619,434,Shady Ave,15201,21669
7620,263,Weatherstone Lane NE,98310,26260
7621,43768,"Central Station Dr, 206",20147,25246
7622,2903,Pioneer Drive,93301,1655
7623,44-128,Keaalau Place,96744,4612
7624,225,W Catalina Dr,85364,1595
7625,290,Corey Rd,02108,9643
7626,2812,Woodmark Drive 204,22191,25946
7627,2200,Sycamore Drive 1,94509,1628
7628,14614,Vance Jackson Road,78249,24679
7629,2806,Woodmark Drive 302,22191,25946
7630,1017,N Monticello Avenue 1,60601,6061
7631,535,East 87th St,10001,17960
7632,4688,S Huntinton Drive,90001,2196
7633,12403,Mellow Meadow Dr,78701,23608
7634,3923,Woodley Road,36101,562
7635,42,Channing St NW,20001,3439
7636,12515,SW 2nd St.,73099,20144
7637,1455,2nd Avenue,92101,2525
7638,460,Main St,21226,10165
7639,1105,W Thelma Way,86001,1401
7640,1670,York Ave,10001,17960
7641,18600,South Parkview Dr,77002,24134
7642,72-34,Austin St,11375,17497
7643,4421,Gilbert St,94601,2341
7644,321,East 48th St,10001,17960
7645,4020,Buckingham Rd,90001,2196
7646,5026,San Jose Drive,34231,3903
7647,3904,Mullan Rd,59801,14050
7648,295,West 150th St,10001,17960
7649,1201,Ash Ridge Drive,37040,23120
7650,605,Hunsberger Dr,00601,21323
7651,2321,E 1st St,79022,23860
7652,1270,Volunteer Parkway,37620,23085
7653,401,E 18th St #11,87401,16691
7654,216,East 90th St,10001,17960
7655,3929,Magnolia Avenue,63101,13272
7656,2603,Southern Ave,20748,10424
7657,63,Marshall St,02903,22301
7658,2385,East 6895 South,00601,25008
7659,10,Claudia CT,25506,27489
7660,1350,Gage St,43085,18753
7661,8820,S Escanaba Avenue,60601,6061
7662,13875,Ella Boulevard,77002,24134
7663,9703,Dale Crest Drive 9703,75201,23861
7664,5840,Old Logan Road S.E,43130,19016
7665,232,E Santa Anita Ave,91501,1725
7666,1215,Colubus Ave Apartment 2,48706,10944
7667,112,Emerson Place 2,11201,17188
7668,56114,Stoney Place Dr,48315,11679
7669,201,East 73rd St,10001,17960
7670,7900,Ney Avenue 4,94601,2341
7671,7701,Windrose Avenue,75023,24543
7672,111,East Genesee St,13066,17479
7673,203,Fairview Cove Road,29672,22610
7674,1010,Mollbore Terace,19102,21658
7675,1907,Lova Dr,77901,24876
7676,2564,Montana St,94601,2341
7677,1025,W Addison St,60601,6061
7678,13-B,Colonial Village CT,63101,13272
7679,11212,Westpark Dr,77002,24134
7680,2600,Welsh Rd,19102,21658
7681,2537,El Paulo CT,63101,13272
7682,6726,Clayton Avenue Suite 1n,63101,13272
7683,9472,Olive Boulevard Apartment B,00601,13152
7684,6340,Southwood Avenue Apartment 1-S,63101,13272
7685,3935,W Division St 1,60601,6061
7686,344,Grant St,46402,7323
7687,750,Bergen Road,29841,22550
7688,8326,Delcrest Drive,63101,13272
7689,10825,E Keswick Rd,19102,21658
7690,1141,S Francisco Avenue 1f,60601,6061
7691,639,N Homan Avenue 3,60601,6061
7692,1616,W 6th St,78701,23608
7693,321,Washington St,07030,16250
7694,541,Randolph Road 1a,23601,25701
7695,321,Washiongton St,07030,16250
7696,10850,Jamacha Boulevard,91977,2619
7697,337a-B,North Blakemore Avenue,37066,23215
7698,745,Parlange Dr,70801,9183
7699,12919,Neola Rd,20901,10402
7700,1602,Clover St,40118,8635
7701,1002,Parkvale Court Park Hills,00601,8922
7702,3200,Arville St,89101,16968
7703,30,White St,02780,9986
7704,1050,Kendrea St,00601,2235
7705,27717,Tennessee St,34134,3533
7706,100,Cove Way,02169,9911
7707,30,Woodland Street,06103,3278
7708,1153,Livingston Ave,08902,16389
7709,12801,Moorpark St,91604,2636
7710,401,Clearwater Paseo,78028,24204
7711,412,North Central Ave,95008,1751
7712,3817,N Geraldine Avenue,73102,19959
7713,150,South Bridge St,08876,16503
7714,8901,Meisenheimer Avenue,89101,16968
7715,32-56,41 St,11102,17078
7716,3818,N Long Avenue Apartment,60601,6061
7717,720,N 50 W,84761,25149
7718,3735,E Commerce St,78201,24679
7719,4990,Topaz St,89101,16968
7720,5915,Uvalde Road C1,77002,24134
7721,4917,Vincennes St,33904,3553
7722,5433,Bentley Road,00601,10972
7723,2133,Whispering Sands Ln,23451,25909
7724,19,S Young Street,60425,6297
7725,1112,Lincoln Way Suite 2,00601,22106
7726,3431,Congo Drive,80902,2872
7727,0,13th And M St,20001,3439
7728,15426,Addicks Stone Dr,77002,24134
7729,907,Capital Avenue,49014,10943
7730,7201,York Avenue S,55401,12225
7731,2400,Briarwest Blvd,77002,24134
7732,70,East Briar Hollow Ln,77002,24134
7733,340,S Alcott,80202,2894
7734,850,Broken Sound Parkway,33428,3530
7735,3400,Tishoff Court,40502,8803
7736,231,68th St,11201,17188
7737,0,69st And 52 Dr,11378,17850
7738,1500,West 11th Ave,92025,1930
7739,60,Round Hill Road,06489,3382
7740,217,East 84th St,10001,17960
7741,311,East 25th St,10001,17960
7742,400,Pinewood Dr,29483,22627
7743,601,N Mott St,90001,2196
7744,425,New York Ave,11743,17682
7745,4117,West Carter,63101,13272
7746,201,West 95th St,10001,17960
7747,603,N Mott St,90001,2196
7748,1207,N 25th Avenue,39401,13581
7749,425,New York Avenue,11743,17682
7750,2315,28th St,11102,17078
7751,711,3rd St,98388,26623
7752,42,Van Wagenen Avenue #16,07302,16260
7753,1704,Ave M,11201,17188
7754,357,W Pierson St #14,85003,1494
7755,11,Mumford Road,01590,9983
7756,1403,Custer Ave Southeast,30303,4008
7757,1300,Lyons St,22066,25514
7758,34,Newark Place,07109,16074
7759,467,Jersey St,94102,2528
7760,0,2nd St NW,20001,3439
7761,4119,West Carter 2nd Floor,63101,13272
7762,7001,South Aberdeen St,60601,6061
7763,3514,Edmondson Ave,21201,10082
7764,2401,Calvert St NW,20001,3439
7765,3330,Webb Chapel Extension,75201,23861
7766,8603,Chestnut Oak Road 2fl,21234,10342
7767,765,Westwood Drive Apartment 107,00601,12706
7768,1251,College Avenue Palo Alto CA 94306,94301,2378
7769,8801,N Fm 620,78701,23608
7770,3615,W Palmer St,60601,6061
7771,728,Ellen St,15063,21475
7772,5402,Ave I 1st Floor,11201,17188
7773,1111,Arlington Boulevard #540,22201,25242
7774,525,Montgomery St,22301,25231
7775,5433,Avenue I,11201,17188
7776,3901,Edgar Park Avenue 29,79901,23939
7777,2940,Wood Circle San Antonio TX 78251,78201,24679
7778,1848,Truman St,46368,7610
7779,4507,South Indiana,60601,6061
