CityStateID,City,State
1,Adak,AK
2,Akiachak,AK
3,Akiak,AK
4,Akutan,AK
5,Alakanuk,AK
6,Aleknagik,AK
7,Allakaket,AK
8,Ambler,AK
9,Anaktuvuk Pass,AK
10,Anchor Point,AK
11,Anchorage,AK
12,Anderson,AK
13,Angoon,AK
14,Aniak,AK
15,Anvik,AK
16,Arctic Village,AK
17,Atka,AK
18,Atqasuk,AK
19,Barrow,AK
20,Beaver,AK
21,Bethel,AK
22,Bettles Field,AK
23,Big Lake,AK
24,Brevig Mission,AK
25,Buckland,AK
26,Cantwell,AK
27,Central,AK
28,Chalkyitsik,AK
29,Chefornak,AK
30,Chevak,AK
31,Chicken,AK
32,Chignik,AK
33,Chignik Lagoon,AK
34,Chignik Lake,AK
35,Chitina,AK
36,Chugiak,AK
37,Circle,AK
38,Clam Gulch,AK
39,Clarks Point,AK
40,Clear,AK
41,Coffman Cove,AK
42,Cold Bay,AK
43,Cooper Landing,AK
44,Copper Center,AK
45,Cordova,AK
46,Craig,AK
47,Crooked Creek,AK
48,Deering,AK
49,Delta Junction,AK
50,Denali National Park,AK
51,Dillingham,AK
52,Douglas,AK
53,Dutch Harbor,AK
54,Eagle,AK
55,Eagle River,AK
56,Eek,AK
57,Egegik,AK
58,Eielson Afb,AK
59,Ekwok,AK
60,Elfin Cove,AK
61,Elim,AK
62,Emmonak,AK
63,Ester,AK
64,Fairbanks,AK
65,False Pass,AK
66,Fort Wainwright,AK
67,Fort Yukon,AK
68,Gakona,AK
69,Galena,AK
70,Gambell,AK
71,Girdwood,AK
72,Glennallen,AK
73,Goodnews Bay,AK
74,Grayling,AK
75,Gustavus,AK
76,Haines,AK
77,Healy,AK
78,Holy Cross,AK
79,Homer,AK
80,Hoonah,AK
81,Hooper Bay,AK
82,Hope,AK
83,Houston,AK
84,Hughes,AK
85,Huslia,AK
86,Hydaburg,AK
87,Hyder,AK
88,Iliamna,AK
89,Indian,AK
90,Jber,AK
91,Juneau,AK
92,Kake,AK
93,Kaktovik,AK
94,Kalskag,AK
95,Kaltag,AK
96,Karluk,AK
97,Kasigluk,AK
98,Kasilof,AK
99,Kenai,AK
100,Ketchikan,AK
101,Kiana,AK
102,King Cove,AK
103,King Salmon,AK
104,Kipnuk,AK
105,Kivalina,AK
106,Klawock,AK
107,Kobuk,AK
108,Kodiak,AK
109,Kotlik,AK
110,Kotzebue,AK
111,Koyuk,AK
112,Koyukuk,AK
113,Kwethluk,AK
114,Kwigillingok,AK
115,Lake Minchumina,AK
116,Larsen Bay,AK
117,Levelock,AK
118,Lower Kalskag,AK
119,Manley Hot Springs,AK
120,Manokotak,AK
121,Marshall,AK
122,McGrath,AK
123,Mekoryuk,AK
124,Metlakatla,AK
125,Meyers Chuck,AK
126,Minto,AK
127,Moose Pass,AK
128,Mountain Village,AK
129,Naknek,AK
130,Napakiak,AK
131,Nenana,AK
132,New Stuyahok,AK
133,Nightmute,AK
134,Nikiski,AK
135,Nikolai,AK
136,Nikolski,AK
137,Ninilchik,AK
138,Noatak,AK
139,Nome,AK
140,Nondalton,AK
141,Noorvik,AK
142,North Pole,AK
143,Northway,AK
144,Nuiqsut,AK
145,Nulato,AK
146,Nunam Iqua,AK
147,Nunapitchuk,AK
148,Old Harbor,AK
149,Ouzinkie,AK
150,Palmer,AK
151,Pedro Bay,AK
152,Pelican,AK
153,Perryville,AK
154,Petersburg,AK
155,Pilot Point,AK
156,Pilot Station,AK
157,Platinum,AK
158,Point Baker,AK
159,Point Hope,AK
160,Point Lay,AK
161,Port Alexander,AK
162,Port Alsworth,AK
163,Port Heiden,AK
164,Port Lions,AK
165,Prudhoe Bay,AK
166,Quinhagak,AK
167,Rampart,AK
168,Red Devil,AK
169,Ruby,AK
170,Russian Mission,AK
171,Saint George Island,AK
172,Saint Marys,AK
173,Saint Michael,AK
174,Saint Paul Island,AK
175,Salcha,AK
176,Sand Point,AK
177,Savoonga,AK
178,Scammon Bay,AK
179,Selawik,AK
180,Seldovia,AK
181,Seward,AK
182,Shageluk,AK
183,Shaktoolik,AK
184,Shishmaref,AK
185,Shungnak,AK
186,Sitka,AK
187,Skagway,AK
188,Skwentna,AK
189,Sleetmute,AK
190,Soldotna,AK
191,South Naknek,AK
192,Stebbins,AK
193,Sterling,AK
194,Stevens Village,AK
195,Sutton,AK
196,Takotna,AK
197,Talkeetna,AK
198,Tanacross,AK
199,Tanana,AK
200,Tatitlek,AK
201,Teller,AK
202,Tenakee Springs,AK
203,Thorne Bay,AK
204,Togiak,AK
205,Tok,AK
206,Toksook Bay,AK
207,Trapper Creek,AK
208,Tuluksak,AK
209,Tuntutuliak,AK
210,Tununak,AK
211,Tyonek,AK
212,Unalakleet,AK
213,Unalaska,AK
214,Valdez,AK
215,Venetie,AK
216,Wainwright,AK
217,Wales,AK
218,Wasilla,AK
219,White Mountain,AK
220,Whittier,AK
221,Willow,AK
222,Wrangell,AK
223,Yakutat,AK
224,Abbeville,AL
225,Adamsville,AL
226,Addison,AL
227,Adger,AL
228,Akron,AL
229,Alabaster,AL
230,Alberta,AL
231,Albertville,AL
232,Alexander City,AL
233,Alexandria,AL
234,Aliceville,AL
235,Allgood,AL
236,Alpine,AL
237,Altoona,AL
238,Andalusia,AL
239,Anderson,AL
240,Anniston,AL
241,Arab,AL
242,Ardmore,AL
243,Ariton,AL
244,Arley,AL
245,Arlington,AL
246,Ashford,AL
247,Ashland,AL
248,Ashville,AL
249,Athens,AL
250,Atmore,AL
251,Attalla,AL
252,Auburn,AL
253,Auburn University,AL
254,Autaugaville,AL
255,Axis,AL
256,Baileyton,AL
257,Banks,AL
258,Bankston,AL
259,Bay Minette,AL
260,Bayou La Batre,AL
261,Bear Creek,AL
262,Beatrice,AL
263,Beaverton,AL
264,Belk,AL
265,Bellamy,AL
266,Belle Mina,AL
267,Bellwood,AL
268,Berry,AL
269,Bessemer,AL
270,Billingsley,AL
271,Birmingham,AL
272,Black,AL
273,Blountsville,AL
274,Boaz,AL
275,Boligee,AL
276,Bon Air,AL
277,Bon Secour,AL
278,Booth,AL
279,Boykin,AL
280,Brantley,AL
281,Bremen,AL
282,Brent,AL
283,Brewton,AL
284,Bridgeport,AL
285,Brierfield,AL
286,Brilliant,AL
287,Brookside,AL
288,Brookwood,AL
289,Brownsboro,AL
290,Brundidge,AL
291,Bryant,AL
292,Bucks,AL
293,Buhl,AL
294,Butler,AL
295,Calera,AL
296,Calvert,AL
297,Camden,AL
298,Camp Hill,AL
299,Campbell,AL
300,Carbon Hill,AL
301,Carrollton,AL
302,Castleberry,AL
303,Catherine,AL
304,Cecil,AL
305,Cedar Bluff,AL
306,Centre,AL
307,Centreville,AL
308,Chancellor,AL
309,Chatom,AL
310,Chelsea,AL
311,Cherokee,AL
312,Childersburg,AL
313,Chunchula,AL
314,Citronelle,AL
315,Clanton,AL
316,Clayton,AL
317,Cleveland,AL
318,Clio,AL
319,Clopton,AL
320,Coden,AL
321,Coffee Springs,AL
322,Coffeeville,AL
323,Coker,AL
324,Collinsville,AL
325,Columbia,AL
326,Columbiana,AL
327,Cook Springs,AL
328,Coosada,AL
329,Cordova,AL
330,Cottondale,AL
331,Cottonton,AL
332,Cottonwood,AL
333,Courtland,AL
334,Cowarts,AL
335,Coy,AL
336,Cragford,AL
337,Crane Hill,AL
338,Creola,AL
339,Cropwell,AL
340,Crossville,AL
341,Cuba,AL
342,Cullman,AL
343,Cusseta,AL
344,Dadeville,AL
345,Daleville,AL
346,Danville,AL
347,Daphne,AL
348,Dauphin Island,AL
349,Daviston,AL
350,Dawson,AL
351,Deatsville,AL
352,Decatur,AL
353,Deer Park,AL
354,Delta,AL
355,Demopolis,AL
356,Detroit,AL
357,Dickinson,AL
358,Dixons Mills,AL
359,Docena,AL
360,Dolomite,AL
361,Dora,AL
362,Dothan,AL
363,Double Springs,AL
364,Dozier,AL
365,Duncanville,AL
366,Dutton,AL
367,Eastaboga,AL
368,Echola,AL
369,Eclectic,AL
370,Eight Mile,AL
371,Elba,AL
372,Elberta,AL
373,Eldridge,AL
374,Elkmont,AL
375,Elmore,AL
376,Elrod,AL
377,Emelle,AL
378,Empire,AL
379,Enterprise,AL
380,Epes,AL
381,Equality,AL
382,Estillfork,AL
383,Ethelsville,AL
384,Eufaula,AL
385,Eutaw,AL
386,Eva,AL
387,Evergreen,AL
388,Excel,AL
389,Fackler,AL
390,Fairfield,AL
391,Fairhope,AL
392,Falkville,AL
393,Faunsdale,AL
394,Fayette,AL
395,Fitzpatrick,AL
396,Five Points,AL
397,Flat Rock,AL
398,Flomaton,AL
399,Florala,AL
400,Florence,AL
401,Foley,AL
402,Forest Home,AL
403,Forkland,AL
404,Fort Davis,AL
405,Fort Deposit,AL
406,Fort Mitchell,AL
407,Fort Novosel,AL
408,Fort Payne,AL
409,Fosters,AL
410,Franklin,AL
411,Frankville,AL
412,Frisco City,AL
413,Fruitdale,AL
414,Fruithurst,AL
415,Fulton,AL
416,Fultondale,AL
417,Furman,AL
418,Fyffe,AL
419,Gadsden,AL
420,Gainestown,AL
421,Gainesville,AL
422,Gallant,AL
423,Gallion,AL
424,Gantt,AL
425,Garden City,AL
426,Gardendale,AL
427,Gaylesville,AL
428,Geneva,AL
429,Georgiana,AL
430,Geraldine,AL
431,Gilbertown,AL
432,Glen Allen,AL
433,Glenwood,AL
434,Goodwater,AL
435,Gordo,AL
436,Gordon,AL
437,Goshen,AL
438,Grady,AL
439,Graham,AL
440,Grand Bay,AL
441,Grant,AL
442,Graysville,AL
443,Green Pond,AL
444,Greensboro,AL
445,Greenville,AL
446,Grove Hill,AL
447,Groveoak,AL
448,Guin,AL
449,Gulf Shores,AL
450,Guntersville,AL
451,Gurley,AL
452,Hackleburg,AL
453,Haleyville,AL
454,Hamilton,AL
455,Hanceville,AL
456,Hardaway,AL
457,Harpersville,AL
458,Hartford,AL
459,Hartselle,AL
460,Harvest,AL
461,Hatchechubbee,AL
462,Hayden,AL
463,Hayneville,AL
464,Hazel Green,AL
465,Headland,AL
466,Heflin,AL
467,Helena,AL
468,Henagar,AL
469,Higdon,AL
470,Highland Home,AL
471,Hillsboro,AL
472,Hodges,AL
473,Hollins,AL
474,Holly Pond,AL
475,Hollytree,AL
476,Hollywood,AL
477,Honoraville,AL
478,Hoover,AL
479,Hope Hull,AL
480,Horton,AL
481,Houston,AL
482,Huntsville,AL
483,Hurtsboro,AL
484,Huxford,AL
485,Ider,AL
486,Irondale,AL
487,Irvington,AL
488,Jachin,AL
489,Jack,AL
490,Jackson,AL
491,Jacksons Gap,AL
492,Jacksonville,AL
493,Jasper,AL
494,Jemison,AL
495,Jones,AL
496,Joppa,AL
497,Kansas,AL
498,Kellyton,AL
499,Kennedy,AL
500,Killen,AL
501,Kimberly,AL
502,Kinston,AL
503,Knoxville,AL
504,Laceys Spring,AL
505,Lafayette,AL
506,Lanett,AL
507,Langston,AL
508,Lapine,AL
509,Lawley,AL
510,Leeds,AL
511,Leesburg,AL
512,Leighton,AL
513,Lenox,AL
514,Leroy,AL
515,Lester,AL
516,Letohatchee,AL
517,Lexington,AL
518,Lillian,AL
519,Lincoln,AL
520,Linden,AL
521,Lineville,AL
522,Lisman,AL
523,Little River,AL
524,Livingston,AL
525,Loachapoka,AL
526,Lockhart,AL
527,Locust Fork,AL
528,Logan,AL
529,Louisville,AL
530,Lower Peach Tree,AL
531,Lowndesboro,AL
532,Loxley,AL
533,Luverne,AL
534,Lynn,AL
535,Madison,AL
536,Magnolia,AL
537,Magnolia Springs,AL
538,Malcolm,AL
539,Maplesville,AL
540,Marbury,AL
541,Margaret,AL
542,Marion,AL
543,Marion Junction,AL
544,Mathews,AL
545,McCalla,AL
546,McIntosh,AL
547,McKenzie,AL
548,McWilliams,AL
549,Melvin,AL
550,Mentone,AL
551,Meridianville,AL
552,Midland City,AL
553,Midway,AL
554,Millbrook,AL
555,Millerville,AL
556,Millport,AL
557,Millry,AL
558,Minter,AL
559,Mobile,AL
560,Monroeville,AL
561,Montevallo,AL
562,Montgomery,AL
563,Montrose,AL
564,Moody,AL
565,Mooresville,AL
566,Morris,AL
567,Moulton,AL
568,Moundville,AL
569,Mount Hope,AL
570,Mount Meigs,AL
571,Mount Olive,AL
572,Mount Vernon,AL
573,Mulga,AL
574,Munford,AL
575,Muscadine,AL
576,Muscle Shoals,AL
577,Myrtlewood,AL
578,Nanafalia,AL
579,Natural Bridge,AL
580,Nauvoo,AL
581,Needham,AL
582,New Brockton,AL
583,New Castle,AL
584,New Hope,AL
585,New Market,AL
586,Newbern,AL
587,Newton,AL
588,Newville,AL
589,Northport,AL
590,Notasulga,AL
591,Oak Hill,AL
592,Oakman,AL
593,Odenville,AL
594,Ohatchee,AL
595,Oneonta,AL
596,Opelika,AL
597,Opp,AL
598,Orange Beach,AL
599,Orrville,AL
600,Owens Cross Roads,AL
601,Oxford,AL
602,Ozark,AL
603,Paint Rock,AL
604,Panola,AL
605,Pansey,AL
606,Parrish,AL
607,Pelham,AL
608,Pell City,AL
609,Pennington,AL
610,Perdido,AL
611,Perdue Hill,AL
612,Peterman,AL
613,Phenix City,AL
614,Phil Campbell,AL
615,Piedmont,AL
616,Pike Road,AL
617,Pinckard,AL
618,Pine Apple,AL
619,Pine Hill,AL
620,Pinson,AL
621,Pisgah,AL
622,Pittsview,AL
623,Plantersville,AL
624,Pleasant Grove,AL
625,Point Clear,AL
626,Prattville,AL
627,Princeton,AL
628,Quinton,AL
629,Ragland,AL
630,Rainbow City,AL
631,Rainsville,AL
632,Ralph,AL
633,Ramer,AL
634,Ranburne,AL
635,Randolph,AL
636,Range,AL
637,Red Bay,AL
638,Red Level,AL
639,Reform,AL
640,Remlap,AL
641,Repton,AL
642,River Falls,AL
643,Riverside,AL
644,Roanoke,AL
645,Robertsdale,AL
646,Rockford,AL
647,Rogersville,AL
648,Russellville,AL
649,Rutledge,AL
650,Safford,AL
651,Saint Elmo,AL
652,Saint Stephens,AL
653,Salem,AL
654,Samson,AL
655,Saraland,AL
656,Sardis,AL
657,Satsuma,AL
658,Sawyerville,AL
659,Scottsboro,AL
660,Seale,AL
661,Section,AL
662,Selma,AL
663,Seminole,AL
664,Semmes,AL
665,Sheffield,AL
666,Shelby,AL
667,Shorter,AL
668,Shorterville,AL
669,Silas,AL
670,Silverhill,AL
671,Sipsey,AL
672,Skipperville,AL
673,Slocomb,AL
674,Smiths Station,AL
675,Somerville,AL
676,Springville,AL
677,Spruce Pine,AL
678,Stanton,AL
679,Stapleton,AL
680,Steele,AL
681,Sterrett,AL
682,Stevenson,AL
683,Stockton,AL
684,Sulligent,AL
685,Sumiton,AL
686,Summerdale,AL
687,Sunflower,AL
688,Sweet Water,AL
689,Sycamore,AL
690,Sylacauga,AL
691,Sylvania,AL
692,Talladega,AL
693,Tallassee,AL
694,Tanner,AL
695,Theodore,AL
696,Thomaston,AL
697,Thomasville,AL
698,Thorsby,AL
699,Tibbie,AL
700,Titus,AL
701,Toney,AL
702,Town Creek,AL
703,Townley,AL
704,Toxey,AL
705,Trafford,AL
706,Trenton,AL
707,Trinity,AL
708,Troy,AL
709,Trussville,AL
710,Tuscaloosa,AL
711,Tuscumbia,AL
712,Tuskegee,AL
713,Tuskegee Institute,AL
714,Tyler,AL
715,Union Grove,AL
716,Union Springs,AL
717,Uniontown,AL
718,Uriah,AL
719,Valhermoso Springs,AL
720,Valley,AL
721,Valley Head,AL
722,Vance,AL
723,Vandiver,AL
724,Verbena,AL
725,Vernon,AL
726,Vina,AL
727,Vincent,AL
728,Vinegar Bend,AL
729,Vinemont,AL
730,Vredenburgh,AL
731,Wadley,AL
732,Wagarville,AL
733,Walnut Grove,AL
734,Ward,AL
735,Warrior,AL
736,Waterloo,AL
737,Watson,AL
738,Waverly,AL
739,Weaver,AL
740,Webb,AL
741,Wedowee,AL
742,Wellington,AL
743,Weogufka,AL
744,West Blocton,AL
745,West Greene,AL
746,Westover,AL
747,Wetumpka,AL
748,Whatley,AL
749,Wilmer,AL
750,Wilsonville,AL
751,Winfield,AL
752,Wing,AL
753,Woodland,AL
754,Woodstock,AL
755,Woodville,AL
756,York,AL
757,Adona,AR
758,Alexander,AR
759,Alicia,AR
760,Alleene,AR
761,Alma,AR
762,Almyra,AR
763,Alpena,AR
764,Altheimer,AR
765,Altus,AR
766,Amagon,AR
767,Amity,AR
768,Antoine,AR
769,Arkadelphia,AR
770,Arkansas City,AR
771,Ash Flat,AR
772,Ashdown,AR
773,Atkins,AR
774,Aubrey,AR
775,Augusta,AR
776,Austin,AR
777,Bald Knob,AR
778,Banks,AR
779,Barling,AR
780,Bassett,AR
781,Batesville,AR
782,Bauxite,AR
783,Bay,AR
784,Bearden,AR
785,Bee Branch,AR
786,Beebe,AR
787,Beech Grove,AR
788,Beedeville,AR
789,Beirne,AR
790,Bella Vista,AR
791,Belleville,AR
792,Ben Lomond,AR
793,Benton,AR
794,Bentonville,AR
795,Bergman,AR
796,Berryville,AR
797,Bexar,AR
798,Big Flat,AR
799,Bigelow,AR
800,Biggers,AR
801,Biscoe,AR
802,Bismarck,AR
803,Black Oak,AR
804,Black Rock,AR
805,Blevins,AR
806,Blue Mountain,AR
807,Bluff City,AR
808,Bluffton,AR
809,Blytheville,AR
810,Boles,AR
811,Bonnerdale,AR
812,Bono,AR
813,Booneville,AR
814,Bradford,AR
815,Bradley,AR
816,Branch,AR
817,Brickeys,AR
818,Briggsville,AR
819,Brinkley,AR
820,Brockwell,AR
821,Brookland,AR
822,Bryant,AR
823,Buckner,AR
824,Bull Shoals,AR
825,Cabot,AR
826,Caddo Gap,AR
827,Caldwell,AR
828,Calico Rock,AR
829,Calion,AR
830,Camden,AR
831,Camp,AR
832,Canehill,AR
833,Caraway,AR
834,Carlisle,AR
835,Carthage,AR
836,Casa,AR
837,Cash,AR
838,Casscoe,AR
839,Cave City,AR
840,Cave Springs,AR
841,Cecil,AR
842,Cedarville,AR
843,Center Ridge,AR
844,Centerton,AR
845,Centerville,AR
846,Charleston,AR
847,Charlotte,AR
848,Cherokee Village,AR
849,Cherry Valley,AR
850,Chester,AR
851,Chidester,AR
852,Choctaw,AR
853,Clarendon,AR
854,Clarkedale,AR
855,Clarkridge,AR
856,Clarksville,AR
857,Cleveland,AR
858,Clinton,AR
859,Coal Hill,AR
860,College Station,AR
861,Colt,AR
862,Columbus,AR
863,Combs,AR
864,Compton,AR
865,Concord,AR
866,Conway,AR
867,Cord,AR
868,Corning,AR
869,Cotter,AR
870,Cotton Plant,AR
871,Cove,AR
872,Crawfordsville,AR
873,Crocketts Bluff,AR
874,Crossett,AR
875,Crumrod,AR
876,Curtis,AR
877,Cushman,AR
878,Damascus,AR
879,Danville,AR
880,Dardanelle,AR
881,Datto,AR
882,De Queen,AR
883,De Valls Bluff,AR
884,De Witt,AR
885,Decatur,AR
886,Deer,AR
887,Delaplaine,AR
888,Delaware,AR
889,Delight,AR
890,Dell,AR
891,Dennard,AR
892,Dermott,AR
893,Des Arc,AR
894,Desha,AR
895,Diamond City,AR
896,Dierks,AR
897,Doddridge,AR
898,Dolph,AR
899,Donaldson,AR
900,Dover,AR
901,Drasco,AR
902,Driver,AR
903,Dumas,AR
904,Dyer,AR
905,Dyess,AR
906,Earle,AR
907,Edgemont,AR
908,Edmondson,AR
909,Egypt,AR
910,El Dorado,AR
911,El Paso,AR
912,Elaine,AR
913,Elizabeth,AR
914,Elkins,AR
915,Emerson,AR
916,Emmet,AR
917,England,AR
918,Enola,AR
919,Ethel,AR
920,Etowah,AR
921,Eudora,AR
922,Eureka Springs,AR
923,Evansville,AR
924,Evening Shade,AR
925,Everton,AR
926,Fairfield Bay,AR
927,Farmington,AR
928,Fayetteville,AR
929,Fifty Six,AR
930,Fisher,AR
931,Flippin,AR
932,Floral,AR
933,Fordyce,AR
934,Foreman,AR
935,Forrest City,AR
936,Fort Smith,AR
937,Fouke,AR
938,Fountain Hill,AR
939,Fox,AR
940,Franklin,AR
941,Frenchmans Bayou,AR
942,Friendship,AR
943,Fulton,AR
944,Gamaliel,AR
945,Garfield,AR
946,Garland City,AR
947,Garner,AR
948,Gassville,AR
949,Gentry,AR
950,Gepp,AR
951,Gilbert,AR
952,Gillett,AR
953,Gillham,AR
954,Gilmore,AR
955,Glencoe,AR
956,Glenwood,AR
957,Goodwin,AR
958,Gould,AR
959,Grady,AR
960,Grannis,AR
961,Grapevine,AR
962,Gravelly,AR
963,Gravette,AR
964,Green Forest,AR
965,Greenbrier,AR
966,Greenway,AR
967,Greenwood,AR
968,Gregory,AR
969,Griffithville,AR
970,Grubbs,AR
971,Guion,AR
972,Gurdon,AR
973,Guy,AR
974,Hackett,AR
975,Hagarville,AR
976,Hamburg,AR
977,Hampton,AR
978,Hardy,AR
979,Harrell,AR
980,Harriet,AR
981,Harrisburg,AR
982,Harrison,AR
983,Hartford,AR
984,Hartman,AR
985,Harvey,AR
986,Hasty,AR
987,Hatfield,AR
988,Hattieville,AR
989,Havana,AR
990,Haynes,AR
991,Hazen,AR
992,Heber Springs,AR
993,Hector,AR
994,Helena,AR
995,Henderson,AR
996,Hensley,AR
997,Hermitage,AR
998,Heth,AR
999,Hickory Plains,AR
1000,Hickory Ridge,AR
1001,Higden,AR
1002,Higginson,AR
1003,Hindsville,AR
1004,Hiwasse,AR
1005,Holly Grove,AR
1006,Hope,AR
1007,Horatio,AR
1008,Horseshoe Bend,AR
1009,Hot Springs,AR
1010,Hot Springs National Park,AR
1011,Hot Springs Village,AR
1012,Houston,AR
1013,Hoxie,AR
1014,Hughes,AR
1015,Humnoke,AR
1016,Humphrey,AR
1017,Hunter,AR
1018,Huntington,AR
1019,Huntsville,AR
1020,Huttig,AR
1021,Ida,AR
1022,Imboden,AR
1023,Ivan,AR
1024,Jacksonport,AR
1025,Jacksonville,AR
1026,Jasper,AR
1027,Jefferson,AR
1028,Jersey,AR
1029,Jerusalem,AR
1030,Jessieville,AR
1031,Joiner,AR
1032,Jonesboro,AR
1033,Judsonia,AR
1034,Junction City,AR
1035,Keiser,AR
1036,Kensett,AR
1037,Keo,AR
1038,Kingsland,AR
1039,Kingston,AR
1040,Kirby,AR
1041,Knobel,AR
1042,Knoxville,AR
1043,La Grange,AR
1044,Lafe,AR
1045,Lake City,AR
1046,Lake Village,AR
1047,Lakeview,AR
1048,Lamar,AR
1049,Lambrook,AR
1050,Langley,AR
1051,Lavaca,AR
1052,Leachville,AR
1053,Lead Hill,AR
1054,Leola,AR
1055,Lepanto,AR
1056,Leslie,AR
1057,Letona,AR
1058,Lewisville,AR
1059,Lexa,AR
1060,Lincoln,AR
1061,Little Rock,AR
1062,Little Rock Air Force Base,AR
1063,Lockesburg,AR
1064,Locust Grove,AR
1065,London,AR
1066,Lonoke,AR
1067,Lonsdale,AR
1068,Louann,AR
1069,Lowell,AR
1070,Luxora,AR
1071,Lynn,AR
1072,Mabelvale,AR
1073,Madison,AR
1074,Magazine,AR
1075,Magness,AR
1076,Magnolia,AR
1077,Malvern,AR
1078,Mammoth Spring,AR
1079,Manila,AR
1080,Mansfield,AR
1081,Marble Falls,AR
1082,Marcella,AR
1083,Marianna,AR
1084,Marion,AR
1085,Marked Tree,AR
1086,Marmaduke,AR
1087,Marshall,AR
1088,Marvell,AR
1089,Maumelle,AR
1090,Mayflower,AR
1091,Maynard,AR
1092,Maysville,AR
1093,Mc Crory,AR
1094,McCaskill,AR
1095,McCrory,AR
1096,McDougal,AR
1097,McGehee,AR
1098,McNeil,AR
1099,McRae,AR
1100,Melbourne,AR
1101,Mellwood,AR
1102,Mena,AR
1103,Menifee,AR
1104,Midland,AR
1105,Midway,AR
1106,Mineral Springs,AR
1107,Minturn,AR
1108,Monette,AR
1109,Monroe,AR
1110,Monticello,AR
1111,Montrose,AR
1112,Moro,AR
1113,Morrilton,AR
1114,Morrow,AR
1115,Moscow,AR
1116,Mount Holly,AR
1117,Mount Ida,AR
1118,Mount Judea,AR
1119,Mount Pleasant,AR
1120,Mount Vernon,AR
1121,Mountain Home,AR
1122,Mountain Pine,AR
1123,Mountain View,AR
1124,Mountainburg,AR
1125,Mulberry,AR
1126,Murfreesboro,AR
1127,Nashville,AR
1128,Natural Dam,AR
1129,New Blaine,AR
1130,New Edinburg,AR
1131,Newark,AR
1132,Newhope,AR
1133,Newport,AR
1134,Norfork,AR
1135,Norman,AR
1136,Norphlet,AR
1137,North Little Rock,AR
1138,O'Kean,AR
1139,Oak Grove,AR
1140,Oakland,AR
1141,Oark,AR
1142,Oden,AR
1143,Ogden,AR
1144,Oil Trough,AR
1145,Okolona,AR
1146,Ola,AR
1147,Omaha,AR
1148,Oneida,AR
1149,Onia,AR
1150,Osceola,AR
1151,Oxford,AR
1152,Ozan,AR
1153,Ozark,AR
1154,Ozone,AR
1155,Palestine,AR
1156,Pangburn,AR
1157,Paragould,AR
1158,Paris,AR
1159,Parkdale,AR
1160,Parkin,AR
1161,Parks,AR
1162,Paron,AR
1163,Parthenon,AR
1164,Patterson,AR
1165,Pea Ridge,AR
1166,Peach Orchard,AR
1167,Pearcy,AR
1168,Peel,AR
1169,Pelsor,AR
1170,Pencil Bluff,AR
1171,Perry,AR
1172,Perryville,AR
1173,Pettigrew,AR
1174,Pickens,AR
1175,Piggott,AR
1176,Pindall,AR
1177,Pine Bluff,AR
1178,Pineville,AR
1179,Plainview,AR
1180,Pleasant Grove,AR
1181,Pleasant Plains,AR
1182,Plumerville,AR
1183,Pocahontas,AR
1184,Pollard,AR
1185,Ponca,AR
1186,Poplar Grove,AR
1187,Portia,AR
1188,Portland,AR
1189,Pottsville,AR
1190,Poughkeepsie,AR
1191,Powhatan,AR
1192,Poyen,AR
1193,Prairie Grove,AR
1194,Prattsville,AR
1195,Prescott,AR
1196,Prim,AR
1197,Proctor,AR
1198,Pyatt,AR
1199,Quitman,AR
1200,Ratcliff,AR
1201,Ravenden,AR
1202,Ravenden Springs,AR
1203,Rector,AR
1204,Redfield,AR
1205,Reydell,AR
1206,Reyno,AR
1207,Rison,AR
1208,Rivervale,AR
1209,Roe,AR
1210,Rogers,AR
1211,Rohwer,AR
1212,Roland,AR
1213,Romance,AR
1214,Rose Bud,AR
1215,Rosie,AR
1216,Rosston,AR
1217,Rover,AR
1218,Royal,AR
1219,Rudy,AR
1220,Russell,AR
1221,Russellville,AR
1222,Saffell,AR
1223,Sage,AR
1224,Saint Charles,AR
1225,Saint Francis,AR
1226,Saint Joe,AR
1227,Saint Paul,AR
1228,Salem,AR
1229,Saratoga,AR
1230,Scotland,AR
1231,Scott,AR
1232,Scranton,AR
1233,Searcy,AR
1234,Sheridan,AR
1235,Sherrill,AR
1236,Sherwood,AR
1237,Shirley,AR
1238,Sidney,AR
1239,Siloam Springs,AR
1240,Sims,AR
1241,Smackover,AR
1242,Smithville,AR
1243,Snow Lake,AR
1244,Solgohachia,AR
1245,Sparkman,AR
1246,Springdale,AR
1247,Springfield,AR
1248,Stamps,AR
1249,Star City,AR
1250,State University,AR
1251,Stephens,AR
1252,Story,AR
1253,Strawberry,AR
1254,Strong,AR
1255,Sturkie,AR
1256,Stuttgart,AR
1257,Subiaco,AR
1258,Success,AR
1259,Sulphur Rock,AR
1260,Sulphur Springs,AR
1261,Summers,AR
1262,Summit,AR
1263,Swifton,AR
1264,Taylor,AR
1265,Texarkana,AR
1266,Thida,AR
1267,Thornton,AR
1268,Tichnor,AR
1269,Tillar,AR
1270,Tilly,AR
1271,Timbo,AR
1272,Traskwood,AR
1273,Trumann,AR
1274,Tucker,AR
1275,Tuckerman,AR
1276,Tumbling Shoals,AR
1277,Tupelo,AR
1278,Turner,AR
1279,Turrell,AR
1280,Tyronza,AR
1281,Ulm,AR
1282,Umpire,AR
1283,Uniontown,AR
1284,Valley Springs,AR
1285,Van Buren,AR
1286,Vandervoort,AR
1287,Vanndale,AR
1288,Vendor,AR
1289,Vilonia,AR
1290,Viola,AR
1291,Violet Hill,AR
1292,Wabash,AR
1293,Wabbaseka,AR
1294,Waldo,AR
1295,Waldron,AR
1296,Walnut Ridge,AR
1297,Ward,AR
1298,Warm Springs,AR
1299,Warren,AR
1300,Washington,AR
1301,Watson,AR
1302,Weiner,AR
1303,Wesley,AR
1304,West Fork,AR
1305,West Helena,AR
1306,West Memphis,AR
1307,West Point,AR
1308,West Ridge,AR
1309,Western Grove,AR
1310,Wheatley,AR
1311,Whelen Springs,AR
1312,White Hall,AR
1313,Wickes,AR
1314,Wideman,AR
1315,Widener,AR
1316,Wilburn,AR
1317,Williford,AR
1318,Willisville,AR
1319,Wilmar,AR
1320,Wilmot,AR
1321,Wilson,AR
1322,Wilton,AR
1323,Winchester,AR
1324,Winslow,AR
1325,Winthrop,AR
1326,Wiseman,AR
1327,Witter,AR
1328,Witts Springs,AR
1329,Woodson,AR
1330,Wooster,AR
1331,Wright,AR
1332,Wrightsville,AR
1333,Wynne,AR
1334,Yellville,AR
1335,Yorktown,AR
1336,Pago Pago,AS
1337,Aguila,AZ
1338,Ajo,AZ
1339,Alpine,AZ
1340,Amado,AZ
1341,Anthem,AZ
1342,Apache Junction,AZ
1343,Arivaca,AZ
1344,Arizona City,AZ
1345,Arlington,AZ
1346,Ash Fork,AZ
1347,Avondale,AZ
1348,Bagdad,AZ
1349,Bapchule,AZ
1350,Bellemont,AZ
1351,Benson,AZ
1352,Bisbee,AZ
1353,Black Canyon City,AZ
1354,Blue,AZ
1355,Blue Gap,AZ
1356,Bouse,AZ
1357,Bowie,AZ
1358,Buckeye,AZ
1359,Bullhead City,AZ
1360,Bylas,AZ
1361,Cameron,AZ
1362,Camp Verde,AZ
1363,Carefree,AZ
1364,Casa Grande,AZ
1365,Cashion,AZ
1366,Cave Creek,AZ
1367,Central,AZ
1368,Chambers,AZ
1369,Chandler,AZ
1370,Chinle,AZ
1371,Chino Valley,AZ
1372,Chloride,AZ
1373,Cibecue,AZ
1374,Cibola,AZ
1375,Clarkdale,AZ
1376,Clay Springs,AZ
1377,Claypool,AZ
1378,Clifton,AZ
1379,Cochise,AZ
1380,Colorado City,AZ
1381,Concho,AZ
1382,Congress,AZ
1383,Coolidge,AZ
1384,Cornville,AZ
1385,Cottonwood,AZ
1386,Crown King,AZ
1387,Dateland,AZ
1388,Dennehotso,AZ
1389,Dewey,AZ
1390,Dolan Springs,AZ
1391,Douglas,AZ
1392,Dragoon,AZ
1393,Duncan,AZ
1394,Eagar,AZ
1395,Eden,AZ
1396,Ehrenberg,AZ
1397,El Mirage,AZ
1398,Elfrida,AZ
1399,Elgin,AZ
1400,Eloy,AZ
1401,Flagstaff,AZ
1402,Florence,AZ
1403,Forest Lakes,AZ
1404,Fort Apache,AZ
1405,Fort Defiance,AZ
1406,Fort Huachuca,AZ
1407,Fort Mcdowell,AZ
1408,Fort Mohave,AZ
1409,Fort Thomas,AZ
1410,Fountain Hills,AZ
1411,Fredonia,AZ
1412,Ganado,AZ
1413,Gila Bend,AZ
1414,Gilbert,AZ
1415,Glendale,AZ
1416,Globe,AZ
1417,Gold Canyon,AZ
1418,Golden Valley,AZ
1419,Goodyear,AZ
1420,Grand Canyon,AZ
1421,Gray Mountain,AZ
1422,Green Valley,AZ
1423,Greer,AZ
1424,Hackberry,AZ
1425,Happy Jack,AZ
1426,Hayden,AZ
1427,Heber,AZ
1428,Hereford,AZ
1429,Higley,AZ
1430,Holbrook,AZ
1431,Hotevilla,AZ
1432,Houck,AZ
1433,Huachuca City,AZ
1434,Humboldt,AZ
1435,Indian Wells,AZ
1436,Jerome,AZ
1437,Joseph City,AZ
1438,Kaibeto,AZ
1439,Kayenta,AZ
1440,Keams Canyon,AZ
1441,Kearny,AZ
1442,Kingman,AZ
1443,Kirkland,AZ
1444,Kykotsmovi Village,AZ
1445,Lake Havasu City,AZ
1446,Lakeside,AZ
1447,Laveen,AZ
1448,Leuppx,AZ
1449,Litchfield Park,AZ
1450,Littlefield,AZ
1451,Lukachukai,AZ
1452,Luke Air Force Base,AZ
1453,Lukeville,AZ
1454,Lupton,AZ
1455,Mammoth,AZ
1456,Many Farms,AZ
1457,Marana,AZ
1458,Marble Canyon,AZ
1459,Maricopa,AZ
1460,Mayer,AZ
1461,Mcnary,AZ
1462,McNeal,AZ
1463,Meadview,AZ
1464,Mesa,AZ
1465,Miami,AZ
1466,Mohave Valley,AZ
1467,Morenci,AZ
1468,Mormon Lake,AZ
1469,Morristown,AZ
1470,Mount Lemmon,AZ
1471,Munds Park,AZ
1472,Naco,AZ
1473,Nazlini,AZ
1474,New River,AZ
1475,Nogales,AZ
1476,North Rim,AZ
1477,Nutrioso,AZ
1478,Oatman,AZ
1479,Oracle,AZ
1480,Overgaard,AZ
1481,Page,AZ
1482,Palo Verde,AZ
1483,Paradise Valley,AZ
1484,Parker,AZ
1485,Parks,AZ
1486,Patagonia,AZ
1487,Paulden,AZ
1488,Payson,AZ
1489,Peach Springs,AZ
1490,Pearce,AZ
1491,Peoria,AZ
1492,Peridot,AZ
1493,Petrified Forest Natl Pk,AZ
1494,Phoenix,AZ
1495,Picacho,AZ
1496,Pima,AZ
1497,Pine,AZ
1498,Pinedale,AZ
1499,Pinetop,AZ
1500,Pinon,AZ
1501,Pirtleville,AZ
1502,Polacca,AZ
1503,Pomerene,AZ
1504,Poston,AZ
1505,Prescott,AZ
1506,Prescott Valley,AZ
1507,Quartzsite,AZ
1508,Queen Creek,AZ
1509,Red Rock,AZ
1510,Red Valley,AZ
1511,Rillito,AZ
1512,Rimrock,AZ
1513,Rio Rico,AZ
1514,Rio Verde,AZ
1515,Rock Point,AZ
1516,Roll,AZ
1517,Roosevelt,AZ
1518,Round Rock,AZ
1519,Sacaton,AZ
1520,Safford,AZ
1521,Sahuarita,AZ
1522,Saint David,AZ
1523,Saint Johns,AZ
1524,Saint Michaels,AZ
1525,Salome,AZ
1526,San Carlos,AZ
1527,San Luis,AZ
1528,San Manuel,AZ
1529,San Simon,AZ
1530,San Tan Valley,AZ
1531,Sanders,AZ
1532,Sasabe,AZ
1533,Scottsdale,AZ
1534,Second Mesa,AZ
1535,Sedona,AZ
1536,Seligman,AZ
1537,Sells,AZ
1538,Shonto,AZ
1539,Show Low,AZ
1540,Sierra Vista,AZ
1541,Skull Valley,AZ
1542,Snowflake,AZ
1543,Solomon,AZ
1544,Somerton,AZ
1545,Sonoita,AZ
1546,Springerville,AZ
1547,Stanfield,AZ
1548,Sun City,AZ
1549,Sun City West,AZ
1550,Sun Valley,AZ
1551,Supai,AZ
1552,Superior,AZ
1553,Surprise,AZ
1554,Tacna,AZ
1555,Taylor,AZ
1556,Teec Nos Pos,AZ
1557,Tempe,AZ
1558,Temple Bar Marina,AZ
1559,Thatcher,AZ
1560,Tolleson,AZ
1561,Tombstone,AZ
1562,Tonalea,AZ
1563,Tonopah,AZ
1564,Tonto Basin,AZ
1565,Topawa,AZ
1566,Topock,AZ
1567,Tsaile,AZ
1568,Tuba City,AZ
1569,Tubac,AZ
1570,Tucson,AZ
1571,Tumacacori,AZ
1572,Vail,AZ
1573,Valentine,AZ
1574,Valley Farms,AZ
1575,Vernon,AZ
1576,Waddell,AZ
1577,Wellton,AZ
1578,Wenden,AZ
1579,White Mountain Lake,AZ
1580,Whiteriver,AZ
1581,Wickenburg,AZ
1582,Wikieup,AZ
1583,Willcox,AZ
1584,Williams,AZ
1585,Willow Beach,AZ
1586,Window Rock,AZ
1587,Winkelman,AZ
1588,Winslow,AZ
1589,Wittmann,AZ
1590,Woodruff,AZ
1591,Yarnell,AZ
1592,Young,AZ
1593,Youngtown,AZ
1594,Yucca,AZ
1595,Yuma,AZ
1596,Acampo,CA
1597,Acton,CA
1598,Adelanto,CA
1599,Adin,CA
1600,Agoura Hills,CA
1601,Aguanga,CA
1602,Ahwahnee,CA
1603,Alameda,CA
1604,Alamo,CA
1605,Albany,CA
1606,Albion,CA
1607,Alderpoint,CA
1608,Alhambra,CA
1609,Aliso Viejo,CA
1610,Alleghany,CA
1611,Alpaugh,CA
1612,Alpine,CA
1613,Alta,CA
1614,Altadena,CA
1615,Altaville,CA
1616,Alturas,CA
1617,Alviso,CA
1618,Amador City,CA
1619,Amboy,CA
1620,American Canyon,CA
1621,Anaheim,CA
1622,Anderson,CA
1623,Angels Camp,CA
1624,Angelus Oaks,CA
1625,Angwin,CA
1626,Annapolis,CA
1627,Antelope,CA
1628,Antioch,CA
1629,Anza,CA
1630,Apple Valley,CA
1631,Applegate,CA
1632,Aptos,CA
1633,Arbuckle,CA
1634,Arcadia,CA
1635,Arcata,CA
1636,Armona,CA
1637,Arnold,CA
1638,Aromas,CA
1639,Arroyo Grande,CA
1640,Artesia,CA
1641,Artois,CA
1642,Arvin,CA
1643,Atascadero,CA
1644,Atherton,CA
1645,Atwater,CA
1646,Auberry,CA
1647,Auburn,CA
1648,Avalon,CA
1649,Avenal,CA
1650,Avery,CA
1651,Avila Beach,CA
1652,Azusa,CA
1653,Badger,CA
1654,Baker,CA
1655,Bakersfield,CA
1656,Baldwin Park,CA
1657,Ballico,CA
1658,Bangor,CA
1659,Banning,CA
1660,Bard,CA
1661,Barstow,CA
1662,Bass Lake,CA
1663,Bayside,CA
1664,Beale Afb,CA
1665,Beaumont,CA
1666,Beckwourth,CA
1667,Belden,CA
1668,Bell Gardens,CA
1669,Bella Vista,CA
1670,Bellflower,CA
1671,Belmont,CA
1672,Belvedere Tiburon,CA
1673,Ben Lomond,CA
1674,Benicia,CA
1675,Benton,CA
1676,Berkeley,CA
1677,Berry Creek,CA
1678,Bethel Island,CA
1679,Beverly Hills,CA
1680,Bieber,CA
1681,Big Bar,CA
1682,Big Bear City,CA
1683,Big Bear Lake,CA
1684,Big Bend,CA
1685,Big Creek,CA
1686,Big Oak Flat,CA
1687,Big Pine,CA
1688,Big Sur,CA
1689,Biggs,CA
1690,Biola,CA
1691,Birds Landing,CA
1692,Bishop,CA
1693,Blairsden Graeagle,CA
1694,Blocksburg,CA
1695,Bloomington,CA
1696,Blue Jay,CA
1697,Blue Lake,CA
1698,Blythe,CA
1699,Bodega,CA
1700,Bodega Bay,CA
1701,Bodfish,CA
1702,Bolinas,CA
1703,Bonita,CA
1704,Bonsall,CA
1705,Boonville,CA
1706,Boron,CA
1707,Borrego Springs,CA
1708,Boulder Creek,CA
1709,Boulevard,CA
1710,Bradley,CA
1711,Brandeis,CA
1712,Branscomb,CA
1713,Brawley,CA
1714,Brea,CA
1715,Brentwood,CA
1716,Bridgeport,CA
1717,Bridgeville,CA
1718,Brisbane,CA
1719,Brookdale,CA
1720,Brooks,CA
1721,Browns Valley,CA
1722,Brownsville,CA
1723,Buellton,CA
1724,Buena Park,CA
1725,Burbank,CA
1726,Burlingame,CA
1727,Burney,CA
1728,Burnt Ranch,CA
1729,Burson,CA
1730,Butte City,CA
1731,Buttonwillow,CA
1732,Byron,CA
1733,Cabazon,CA
1734,Calabasas,CA
1735,Calexico,CA
1736,Caliente,CA
1737,California City,CA
1738,California Hot Springs,CA
1739,Calimesa,CA
1740,Calipatria,CA
1741,Calistoga,CA
1742,Callahan,CA
1743,Calpine,CA
1744,Camarillo,CA
1745,Cambria,CA
1746,Cameron Park,CA
1747,Camino,CA
1748,Camp Meeker,CA
1749,Camp Nelson,CA
1750,Camp Pendleton,CA
1751,Campbell,CA
1752,Campo,CA
1753,Campo Seco,CA
1754,Camptonville,CA
1755,Canby,CA
1756,Canoga Park,CA
1757,Cantil,CA
1758,Cantua Creek,CA
1759,Canyon,CA
1760,Canyon Country,CA
1761,Canyon Dam,CA
1762,Canyon Lake,CA
1763,Capay,CA
1764,Capistrano Beach,CA
1765,Capitola,CA
1766,Cardiff By The Sea,CA
1767,Carlotta,CA
1768,Carlsbad,CA
1769,Carmel,CA
1770,Carmel By The Sea,CA
1771,Carmel Valley,CA
1772,Carmichael,CA
1773,Carnelian Bay,CA
1774,Carpinteria,CA
1775,Carson,CA
1776,Caruthers,CA
1777,Casmalia,CA
1778,Caspar,CA
1779,Cassel,CA
1780,Castaic,CA
1781,Castella,CA
1782,Castro Valley,CA
1783,Castroville,CA
1784,Cathedral City,CA
1785,Catheys Valley,CA
1786,Cayucos,CA
1787,Cazadero,CA
1788,Cedar Glen,CA
1789,Cedarpines Park,CA
1790,Cedarville,CA
1791,Ceres,CA
1792,Cerritos,CA
1793,Challenge,CA
1794,Chatsworth,CA
1795,Chester,CA
1796,Chico,CA
1797,Chilcoot,CA
1798,Chinese Camp,CA
1799,Chino,CA
1800,Chino Hills,CA
1801,Chowchilla,CA
1802,Chualar,CA
1803,Chula Vista,CA
1804,Citrus Heights,CA
1805,Claremont,CA
1806,Clarksburg,CA
1807,Clayton,CA
1808,Clearlake,CA
1809,Clearlake Oaks,CA
1810,Clements,CA
1811,Clio,CA
1812,Clipper Mills,CA
1813,Cloverdale,CA
1814,Clovis,CA
1815,Coachella,CA
1816,Coalinga,CA
1817,Coarsegold,CA
1818,Cobb,CA
1819,Coleville,CA
1820,Colfax,CA
1821,Coloma,CA
1822,Colton,CA
1823,Columbia,CA
1824,Colusa,CA
1825,Comptche,CA
1826,Compton,CA
1827,Concord,CA
1828,Cool,CA
1829,Copperopolis,CA
1830,Corcoran,CA
1831,Corning,CA
1832,Corona,CA
1833,Corona Del Mar,CA
1834,Coronado,CA
1835,Corte Madera,CA
1836,Costa Mesa,CA
1837,Cotati,CA
1838,Cottonwood,CA
1839,Coulterville,CA
1840,Courtland,CA
1841,Covelo,CA
1842,Covina,CA
1843,Coyote,CA
1844,Crescent City,CA
1845,Crescent Mills,CA
1846,Cressey,CA
1847,Crestline,CA
1848,Creston,CA
1849,Crockett,CA
1850,Crows Landing,CA
1851,Culver City,CA
1852,Cupertino,CA
1853,Cutler,CA
1854,Cypress,CA
1855,Daggett,CA
1856,Daly City,CA
1857,Dana Point,CA
1858,Danville,CA
1859,Darwin,CA
1860,Davenport,CA
1861,Davis,CA
1862,Davis Creek,CA
1863,Death Valley,CA
1864,Deer Park,CA
1865,Del Mar,CA
1866,Del Rey,CA
1867,Delano,CA
1868,Delhi,CA
1869,Denair,CA
1870,Descanso,CA
1871,Desert Center,CA
1872,Desert Hot Springs,CA
1873,Diablo,CA
1874,Diamond Bar,CA
1875,Diamond Springs,CA
1876,Dillon Beach,CA
1877,Dinuba,CA
1878,Discovery Bay,CA
1879,Dixon,CA
1880,Dobbins,CA
1881,Dorris,CA
1882,Dos Palos,CA
1883,Dos Rios,CA
1884,Douglas City,CA
1885,Downey,CA
1886,Downieville,CA
1887,Doyle,CA
1888,Drytown,CA
1889,Duarte,CA
1890,Dublin,CA
1891,Ducor,CA
1892,Dulzura,CA
1893,Duncans Mills,CA
1894,Dunlap,CA
1895,Dunnigan,CA
1896,Dunsmuir,CA
1897,Durham,CA
1898,Dutch Flat,CA
1899,Eagleville,CA
1900,Earlimart,CA
1901,Earp,CA
1902,Eastvale,CA
1903,Echo Lake,CA
1904,Edison,CA
1905,Edwards,CA
1906,El Cajon,CA
1907,El Centro,CA
1908,El Cerrito,CA
1909,El Dorado,CA
1910,El Dorado Hills,CA
1911,El Granada,CA
1912,El Macero,CA
1913,El Monte,CA
1914,El Nido,CA
1915,El Portal,CA
1916,El Segundo,CA
1917,El Sobrante,CA
1918,Eldridge,CA
1919,Elk,CA
1920,Elk Creek,CA
1921,Elk Grove,CA
1922,Elmira,CA
1923,Elverta,CA
1924,Emeryville,CA
1925,Emigrant Gap,CA
1926,Empire,CA
1927,Encinitas,CA
1928,Encino,CA
1929,Escalon,CA
1930,Escondido,CA
1931,Esparto,CA
1932,Essex,CA
1933,Etna,CA
1934,Eureka,CA
1935,Exeter,CA
1936,Fair Oaks,CA
1937,Fairfax,CA
1938,Fairfield,CA
1939,Fall River Mills,CA
1940,Fallbrook,CA
1941,Farmersville,CA
1942,Farmington,CA
1943,Fawnskin,CA
1944,Fellows,CA
1945,Felton,CA
1946,Ferndale,CA
1947,Fiddletown,CA
1948,Fields Landing,CA
1949,Fillmore,CA
1950,Finley,CA
1951,Firebaugh,CA
1952,Fish Camp,CA
1953,Five Points,CA
1954,Floriston,CA
1955,Flournoy,CA
1956,Folsom,CA
1957,Fontana,CA
1958,Foothill Ranch,CA
1959,Forbestown,CA
1960,Forest Falls,CA
1961,Forest Knolls,CA
1962,Forest Ranch,CA
1963,Foresthill,CA
1964,Forestville,CA
1965,Forks Of Salmon,CA
1966,Fort Bidwell,CA
1967,Fort Bragg,CA
1968,Fort Dick,CA
1969,Fort Irwin,CA
1970,Fort Jones,CA
1971,Fortuna,CA
1972,Fountain Valley,CA
1973,Fowler,CA
1974,Frazier Park,CA
1975,Freedom,CA
1976,Fremont,CA
1977,French Camp,CA
1978,French Gulch,CA
1979,Fresno,CA
1980,Friant,CA
1981,Fullerton,CA
1982,Fulton,CA
1983,Galt,CA
1984,Garberville,CA
1985,Garden Grove,CA
1986,Garden Valley,CA
1987,Gardena,CA
1988,Gasquet,CA
1989,Gazelle,CA
1990,Georgetown,CA
1991,Gerber,CA
1992,Geyserville,CA
1993,Gilroy,CA
1994,Glen Ellen,CA
1995,Glencoe,CA
1996,Glendale,CA
1997,Glendora,CA
1998,Glenhaven,CA
1999,Glenn,CA
2000,Glennville,CA
2001,Gold Run,CA
2002,Goleta,CA
2003,Gonzales,CA
2004,Goodyears Bar,CA
2005,Goshen,CA
2006,Granada Hills,CA
2007,Grand Terrace,CA
2008,Granite Bay,CA
2009,Grass Valley,CA
2010,Graton,CA
2011,Green Valley Lake,CA
2012,Greenbrae,CA
2013,Greenfield,CA
2014,Greenview,CA
2015,Greenville,CA
2016,Greenwood,CA
2017,Grenada,CA
2018,Gridley,CA
2019,Grimes,CA
2020,Grizzly Flats,CA
2021,Groveland,CA
2022,Grover Beach,CA
2023,Guadalupe,CA
2024,Gualala,CA
2025,Guatay,CA
2026,Guerneville,CA
2027,Guinda,CA
2028,Gustine,CA
2029,Hacienda Heights,CA
2030,Half Moon Bay,CA
2031,Hamilton City,CA
2032,Hanford,CA
2033,Happy Camp,CA
2034,Harbor City,CA
2035,Hat Creek,CA
2036,Hathaway Pines,CA
2037,Hawaiian Gardens,CA
2038,Hawthorne,CA
2039,Hayfork,CA
2040,Hayward,CA
2041,Healdsburg,CA
2042,Heber,CA
2043,Helendale,CA
2044,Helm,CA
2045,Hemet,CA
2046,Herald,CA
2047,Hercules,CA
2048,Herlong,CA
2049,Hermosa Beach,CA
2050,Hesperia,CA
2051,Hickman,CA
2052,Hidden Valley Lake,CA
2053,Highland,CA
2054,Hillsborough,CA
2055,Hilmar,CA
2056,Hinkley,CA
2057,Hollister,CA
2058,Hollywood,CA
2059,Holtville,CA
2060,Homeland,CA
2061,Homewood,CA
2062,Honeydew,CA
2063,Hood,CA
2064,Hoopa,CA
2065,Hopland,CA
2066,Hornbrook,CA
2067,Hornitos,CA
2068,Hughson,CA
2069,Hume,CA
2070,Huntington Beach,CA
2071,Huntington Park,CA
2072,Huron,CA
2073,Hyampom,CA
2074,Hydesville,CA
2075,Idyllwild,CA
2076,Igo,CA
2077,Imperial,CA
2078,Imperial Beach,CA
2079,Independence,CA
2080,Indian Wells,CA
2081,Indio,CA
2082,Inglewood,CA
2083,Inverness,CA
2084,Inyokern,CA
2085,Ione,CA
2086,Irvine,CA
2087,Isleton,CA
2088,Ivanhoe,CA
2089,Jackson,CA
2090,Jacumba,CA
2091,Jamestown,CA
2092,Jamul,CA
2093,Janesville,CA
2094,Jenner,CA
2095,Johannesburg,CA
2096,Jolon,CA
2097,Joshua Tree,CA
2098,Julian,CA
2099,Junction City,CA
2100,June Lake,CA
2101,Jurupa Valley,CA
2102,Kaweah,CA
2103,Keeler,CA
2104,Keene,CA
2105,Kelseyville,CA
2106,Kenwood,CA
2107,Kerman,CA
2108,Kernville,CA
2109,Kettleman City,CA
2110,Keyes,CA
2111,King City,CA
2112,Kings Beach,CA
2113,Kings Canyon National Pk,CA
2114,Kingsburg,CA
2115,Kirkwood,CA
2116,Klamath,CA
2117,Klamath River,CA
2118,Kneeland,CA
2119,Knights Landing,CA
2120,Knightsen,CA
2121,Korbel,CA
2122,Kyburz,CA
2123,La Canada Flintridge,CA
2124,La Crescenta,CA
2125,La Grange,CA
2126,La Habra,CA
2127,La Honda,CA
2128,La Jolla,CA
2129,La Mesa,CA
2130,La Mirada,CA
2131,La Palma,CA
2132,La Puente,CA
2133,La Quinta,CA
2134,La Verne,CA
2135,Ladera Ranch,CA
2136,Lafayette,CA
2137,Laguna Beach,CA
2138,Laguna Hills,CA
2139,Laguna Niguel,CA
2140,Laguna Woods,CA
2141,Lagunitas,CA
2142,Lake Arrowhead,CA
2143,Lake Balboa,CA
2144,Lake City,CA
2145,Lake Elsinore,CA
2146,Lake Forest,CA
2147,Lake Hughes,CA
2148,Lakehead,CA
2149,Lakeport,CA
2150,Lakeshore,CA
2151,Lakeside,CA
2152,Lakewood,CA
2153,Lamont,CA
2154,Lancaster,CA
2155,Landers,CA
2156,Larkspur,CA
2157,Lathrop,CA
2158,Laton,CA
2159,Lawndale,CA
2160,Laytonville,CA
2161,Le Grand,CA
2162,Lebec,CA
2163,Lee Vining,CA
2164,Leggett,CA
2165,Lemon Cove,CA
2166,Lemon Grove,CA
2167,Lemoore,CA
2168,Lewiston,CA
2169,Likely,CA
2170,Lincoln,CA
2171,Linden,CA
2172,Lindsay,CA
2173,Litchfield,CA
2174,Little River,CA
2175,Littlerock,CA
2176,Live Oak,CA
2177,Livermore,CA
2178,Livingston,CA
2179,Llano,CA
2180,Lockeford,CA
2181,Lockwood,CA
2182,Lodi,CA
2183,Loleta,CA
2184,Loma Linda,CA
2185,Loma Mar,CA
2186,Lomita,CA
2187,Lompoc,CA
2188,Lone Pine,CA
2189,Long Barn,CA
2190,Long Beach,CA
2191,Lookout,CA
2192,Loomis,CA
2193,Los Alamitos,CA
2194,Los Alamos,CA
2195,Los Altos,CA
2196,Los Angeles,CA
2197,Los Banos,CA
2198,Los Gatos,CA
2199,Los Molinos,CA
2200,Los Olivos,CA
2201,Los Osos,CA
2202,Lost Hills,CA
2203,Lotus,CA
2204,Lower Lake,CA
2205,Loyalton,CA
2206,Lucerne,CA
2207,Lucerne Valley,CA
2208,Ludlow,CA
2209,Lynwood,CA
2210,Lytle Creek,CA
2211,Macdoel,CA
2212,Mad River,CA
2213,Madeline,CA
2214,Madera,CA
2215,Madison,CA
2216,Magalia,CA
2217,Malibu,CA
2218,Mammoth Lakes,CA
2219,Manchester,CA
2220,Manhattan Beach,CA
2221,Manteca,CA
2222,Manton,CA
2223,March Air Reserve Base,CA
2224,Maricopa,CA
2225,Marina,CA
2226,Marina Del Rey,CA
2227,Mariposa,CA
2228,Markleeville,CA
2229,Marshall,CA
2230,Martinez,CA
2231,Marysville,CA
2232,Mather,CA
2233,Maxwell,CA
2234,Maywood,CA
2235,Mc Farland,CA
2236,Mcarthur,CA
2237,Mcclellan,CA
2238,Mccloud,CA
2239,McFarland,CA
2240,Mckinleyville,CA
2241,McKittrick,CA
2242,Meadow Valley,CA
2243,Meadow Vista,CA
2244,Mecca,CA
2245,Mendocino,CA
2246,Mendota,CA
2247,Menifee,CA
2248,Menlo Park,CA
2249,Mentone,CA
2250,Merced,CA
2251,Meridian,CA
2252,Mi Wuk Village,CA
2253,Middletown,CA
2254,Midpines,CA
2255,Midway City,CA
2256,Milford,CA
2257,Mill Creek,CA
2258,Mill Valley,CA
2259,Millbrae,CA
2260,Millville,CA
2261,Milpitas,CA
2262,Mineral,CA
2263,Mira Loma,CA
2264,Miramonte,CA
2265,Miranda,CA
2266,Mission Hills,CA
2267,Mission Viejo,CA
2268,Modesto,CA
2269,Mojave,CA
2270,Mokelumne Hill,CA
2271,Monrovia,CA
2272,Montague,CA
2273,Montara,CA
2274,Montclair,CA
2275,Monte Rio,CA
2276,Montebello,CA
2277,Montecito,CA
2278,Monterey,CA
2279,Monterey Park,CA
2280,Montgomery Creek,CA
2281,Montrose,CA
2282,Moorpark,CA
2283,Moraga,CA
2284,Moreno Valley,CA
2285,Morgan Hill,CA
2286,Morongo Valley,CA
2287,Morro Bay,CA
2288,Moss Beach,CA
2289,Moss Landing,CA
2290,Mount Hamilton,CA
2291,Mount Hermon,CA
2292,Mount Laguna,CA
2293,Mount Shasta,CA
2294,Mountain Center,CA
2295,Mountain Mesa,CA
2296,Mountain Ranch,CA
2297,Mountain View,CA
2298,Mt Baldy,CA
2299,Murphys,CA
2300,Murrieta,CA
2301,Myers Flat,CA
2302,Napa,CA
2303,National City,CA
2304,Navarro,CA
2305,Needles,CA
2306,Nelson,CA
2307,Nevada City,CA
2308,New Cuyama,CA
2309,Newark,CA
2310,Newberry Springs,CA
2311,Newbury Park,CA
2312,Newcastle,CA
2313,Newhall,CA
2314,Newman,CA
2315,Newport Beach,CA
2316,Newport Coast,CA
2317,Nicasio,CA
2318,Nice,CA
2319,Nicolaus,CA
2320,Niland,CA
2321,Nipomo,CA
2322,Nipton,CA
2323,Norco,CA
2324,North Fork,CA
2325,North Highlands,CA
2326,North Hills,CA
2327,North Hollywood,CA
2328,North Palm Springs,CA
2329,North San Juan,CA
2330,Northridge,CA
2331,Norwalk,CA
2332,Novato,CA
2333,Nubieber,CA
2334,Nuevo,CA
2335,O'Neals,CA
2336,Oak Park,CA
2337,Oak Run,CA
2338,Oak View,CA
2339,Oakdale,CA
2340,Oakhurst,CA
2341,Oakland,CA
2342,Oakley,CA
2343,Oakville,CA
2344,Occidental,CA
2345,Oceano,CA
2346,Oceanside,CA
2347,Ocotillo,CA
2348,Ojai,CA
2349,Olancha,CA
2350,Old Station,CA
2351,Olema,CA
2352,Olivehurst,CA
2353,Olympic Valley,CA
2354,Ontario,CA
2355,Onyx,CA
2356,Orange,CA
2357,Orange Cove,CA
2358,Orangevale,CA
2359,Oregon House,CA
2360,Orick,CA
2361,Orinda,CA
2362,Orland,CA
2363,Orleans,CA
2364,Oro Grande,CA
2365,Orosi,CA
2366,Oroville,CA
2367,Oxnard,CA
2368,Pacific Grove,CA
2369,Pacific Palisades,CA
2370,Pacifica,CA
2371,Pacoima,CA
2372,Paicines,CA
2373,Pala,CA
2374,Palermo,CA
2375,Palm Desert,CA
2376,Palm Springs,CA
2377,Palmdale,CA
2378,Palo Alto,CA
2379,Palo Cedro,CA
2380,Palo Verde,CA
2381,Palomar Mountain,CA
2382,Palos Verdes Peninsula,CA
2383,Panorama City,CA
2384,Paradise,CA
2385,Paramount,CA
2386,Parker Dam,CA
2387,Parlier,CA
2388,Pasadena,CA
2389,Paskenta,CA
2390,Paso Robles,CA
2391,Patterson,CA
2392,Patton,CA
2393,Pauma Valley,CA
2394,Paynes Creek,CA
2395,Pearblossom,CA
2396,Pebble Beach,CA
2397,Penn Valley,CA
2398,Penngrove,CA
2399,Penryn,CA
2400,Perris,CA
2401,Pescadero,CA
2402,Petaluma,CA
2403,Petrolia,CA
2404,Phelan,CA
2405,Phillipsville,CA
2406,Philo,CA
2407,Pico Rivera,CA
2408,Piercy,CA
2409,Pilot Hill,CA
2410,Pine Grove,CA
2411,Pine Mountain Club,CA
2412,Pine Valley,CA
2413,Pinecrest,CA
2414,Pinole,CA
2415,Pinon Hills,CA
2416,Pioneer,CA
2417,Pioneertown,CA
2418,Piru,CA
2419,Pismo Beach,CA
2420,Pittsburg,CA
2421,Pixley,CA
2422,Placentia,CA
2423,Placerville,CA
2424,Planada,CA
2425,Platina,CA
2426,Playa Del Rey,CA
2427,Playa Vista,CA
2428,Pleasant Grove,CA
2429,Pleasant Hill,CA
2430,Pleasanton,CA
2431,Plymouth,CA
2432,Point Arena,CA
2433,Point Mugu Nawc,CA
2434,Point Reyes Station,CA
2435,Pollock Pines,CA
2436,Pomona,CA
2437,Pope Valley,CA
2438,Port Costa,CA
2439,Port Hueneme,CA
2440,Port Hueneme Cbc Base,CA
2441,Porter Ranch,CA
2442,Porterville,CA
2443,Portola,CA
2444,Portola Valley,CA
2445,Posey,CA
2446,Potrero,CA
2447,Potter Valley,CA
2448,Poway,CA
2449,Prather,CA
2450,Princeton,CA
2451,Proberta,CA
2452,Quincy,CA
2453,Rackerby,CA
2454,Rail Road Flat,CA
2455,Raisin City,CA
2456,Ramona,CA
2457,Ranchita,CA
2458,Rancho Cordova,CA
2459,Rancho Cucamonga,CA
2460,Rancho Mirage,CA
2461,Rancho Palos Verdes,CA
2462,Rancho Santa Fe,CA
2463,Rancho Santa Margarita,CA
2464,Randsburg,CA
2465,Ravendale,CA
2466,Raymond,CA
2467,Red Bluff,CA
2468,Red Mountain,CA
2469,Redcrest,CA
2470,Redding,CA
2471,Redlands,CA
2472,Redondo Beach,CA
2473,Redway,CA
2474,Redwood City,CA
2475,Redwood Valley,CA
2476,Reedley,CA
2477,Represa,CA
2478,Rescue,CA
2479,Reseda,CA
2480,Rialto,CA
2481,Richgrove,CA
2482,Richmond,CA
2483,Richvale,CA
2484,Ridgecrest,CA
2485,Rimforest,CA
2486,Rio Dell,CA
2487,Rio Linda,CA
2488,Rio Nido,CA
2489,Rio Oso,CA
2490,Rio Vista,CA
2491,Ripon,CA
2492,River Pines,CA
2493,Riverbank,CA
2494,Riverdale,CA
2495,Riverside,CA
2496,Robbins,CA
2497,Rocklin,CA
2498,Rodeo,CA
2499,Rohnert Park,CA
2500,Rosamond,CA
2501,Rosemead,CA
2502,Roseville,CA
2503,Ross,CA
2504,Rough And Ready,CA
2505,Round Mountain,CA
2506,Rowland Heights,CA
2507,Rumsey,CA
2508,Running Springs,CA
2509,Rutherford,CA
2510,Ryde,CA
2511,Sacramento,CA
2512,Saint Helena,CA
2513,Salida,CA
2514,Salinas,CA
2515,Salton City,CA
2516,Salyer,CA
2517,Samoa,CA
2518,San Andreas,CA
2519,San Anselmo,CA
2520,San Ardo,CA
2521,San Bernardino,CA
2522,San Bruno,CA
2523,San Carlos,CA
2524,San Clemente,CA
2525,San Diego,CA
2526,San Dimas,CA
2527,San Fernando,CA
2528,San Francisco,CA
2529,San Gabriel,CA
2530,San Geronimo,CA
2531,San Gregorio,CA
2532,San Jacinto,CA
2533,San Joaquin,CA
2534,San Jose,CA
2535,San Juan Bautista,CA
2536,San Juan Capistrano,CA
2537,San Leandro,CA
2538,San Lorenzo,CA
2539,San Lucas,CA
2540,San Luis Obispo,CA
2541,San Marcos,CA
2542,San Marino,CA
2543,San Martin,CA
2544,San Mateo,CA
2545,San Miguel,CA
2546,San Pablo,CA
2547,San Pedro,CA
2548,San Quentin,CA
2549,San Rafael,CA
2550,San Ramon,CA
2551,San Simeon,CA
2552,San Ysidro,CA
2553,Sanger,CA
2554,Santa Ana,CA
2555,Santa Barbara,CA
2556,Santa Clara,CA
2557,Santa Clarita,CA
2558,Santa Cruz,CA
2559,Santa Fe Springs,CA
2560,Santa Margarita,CA
2561,Santa Maria,CA
2562,Santa Monica,CA
2563,Santa Paula,CA
2564,Santa Rosa,CA
2565,Santa Ynez,CA
2566,Santa Ysabel,CA
2567,Santee,CA
2568,Saratoga,CA
2569,Sausalito,CA
2570,Scotia,CA
2571,Scott Bar,CA
2572,Scotts Valley,CA
2573,Seal Beach,CA
2574,Seaside,CA
2575,Sebastopol,CA
2576,Seeley,CA
2577,Seiad Valley,CA
2578,Selma,CA
2579,Sequoia National Park,CA
2580,Shafter,CA
2581,Shandon,CA
2582,Shasta,CA
2583,Shasta Lake,CA
2584,Shaver Lake,CA
2585,Sheridan,CA
2586,Sherman Oaks,CA
2587,Shingle Springs,CA
2588,Shingletown,CA
2589,Shoshone,CA
2590,Sierra City,CA
2591,Sierra Madre,CA
2592,Sierraville,CA
2593,Signal Hill,CA
2594,Silverado,CA
2595,Simi Valley,CA
2596,Skyforest,CA
2597,Sloughhouse,CA
2598,Smartsville,CA
2599,Smith River,CA
2600,Snelling,CA
2601,Soda Springs,CA
2602,Solana Beach,CA
2603,Soledad,CA
2604,Solvang,CA
2605,Somerset,CA
2606,Somes Bar,CA
2607,Somis,CA
2608,Sonoma,CA
2609,Sonora,CA
2610,Soquel,CA
2611,Soulsbyville,CA
2612,South Dos Palos,CA
2613,South El Monte,CA
2614,South Gate,CA
2615,South Lake Tahoe,CA
2616,South Pasadena,CA
2617,South San Francisco,CA
2618,Spreckels,CA
2619,Spring Valley,CA
2620,Springville,CA
2621,Squaw Valley,CA
2622,Standish,CA
2623,Stanford,CA
2624,Stanton,CA
2625,Stevenson Ranch,CA
2626,Stevinson,CA
2627,Stewarts Point,CA
2628,Stinson Beach,CA
2629,Stirling City,CA
2630,Stockton,CA
2631,Stonyford,CA
2632,Stratford,CA
2633,Strathmore,CA
2634,Strawberry,CA
2635,Strawberry Valley,CA
2636,Studio City,CA
2637,Sugarloaf,CA
2638,Suisun City,CA
2639,Sultana,CA
2640,Summerland,CA
2641,Sun City,CA
2642,Sun Valley,CA
2643,Sunland,CA
2644,Sunnyvale,CA
2645,Sunol,CA
2646,Sunset Beach,CA
2647,Surfside,CA
2648,Susanville,CA
2649,Sutter,CA
2650,Sutter Creek,CA
2651,Sylmar,CA
2652,Taft,CA
2653,Tahoe City,CA
2654,Tahoe Vista,CA
2655,Tahoma,CA
2656,Tarzana,CA
2657,Taylorsville,CA
2658,Tecate,CA
2659,Tecopa,CA
2660,Tehachapi,CA
2661,Tehama,CA
2662,Temecula,CA
2663,Temple City,CA
2664,Templeton,CA
2665,Termo,CA
2666,Terra Bella,CA
2667,The Sea Ranch,CA
2668,Thermal,CA
2669,Thornton,CA
2670,Thousand Oaks,CA
2671,Thousand Palms,CA
2672,Three Rivers,CA
2673,Tipton,CA
2674,Tollhouse,CA
2675,Toluca Lake,CA
2676,Tomales,CA
2677,Topanga,CA
2678,Topaz,CA
2679,Torrance,CA
2680,Trabuco Canyon,CA
2681,Tracy,CA
2682,Tranquillity,CA
2683,Traver,CA
2684,Travis Afb,CA
2685,Tres Pinos,CA
2686,Trinidad,CA
2687,Trinity Center,CA
2688,Trona,CA
2689,Truckee,CA
2690,Tujunga,CA
2691,Tulare,CA
2692,Tulelake,CA
2693,Tuolumne,CA
2694,Tupman,CA
2695,Turlock,CA
2696,Tustin,CA
2697,Twain,CA
2698,Twain Harte,CA
2699,Twentynine Palms,CA
2700,Twin Bridges,CA
2701,Twin Peaks,CA
2702,Ukiah,CA
2703,Union City,CA
2704,Universal City,CA
2705,Upland,CA
2706,Upper Lake,CA
2707,Vacaville,CA
2708,Valencia,CA
2709,Vallecito,CA
2710,Vallejo,CA
2711,Valley Center,CA
2712,Valley Ford,CA
2713,Valley Springs,CA
2714,Valley Village,CA
2715,Valyermo,CA
2716,Van Nuys,CA
2717,Venice,CA
2718,Ventura,CA
2719,Verdugo City,CA
2720,Vernalis,CA
2721,Victor,CA
2722,Victorville,CA
2723,Vidal,CA
2724,Villa Grande,CA
2725,Villa Park,CA
2726,Vina,CA
2727,Vinton,CA
2728,Visalia,CA
2729,Vista,CA
2730,Volcano,CA
2731,Wallace,CA
2732,Walnut,CA
2733,Walnut Creek,CA
2734,Walnut Grove,CA
2735,Warner Springs,CA
2736,Wasco,CA
2737,Washington,CA
2738,Waterford,CA
2739,Watsonville,CA
2740,Weaverville,CA
2741,Weed,CA
2742,Weimar,CA
2743,Weldon,CA
2744,Wendel,CA
2745,Weott,CA
2746,West Covina,CA
2747,West Hills,CA
2748,West Hollywood,CA
2749,West Point,CA
2750,West Sacramento,CA
2751,Westlake Village,CA
2752,Westley,CA
2753,Westminster,CA
2754,Westmorland,CA
2755,Westport,CA
2756,Westwood,CA
2757,Wheatland,CA
2758,Whitethorn,CA
2759,Whitewater,CA
2760,Whitmore,CA
2761,Whittier,CA
2762,Wildomar,CA
2763,Williams,CA
2764,Willits,CA
2765,Willow Creek,CA
2766,Willows,CA
2767,Wilmington,CA
2768,Wilseyville,CA
2769,Wilton,CA
2770,Winchester,CA
2771,Windsor,CA
2772,Winnetka,CA
2773,Winterhaven,CA
2774,Winters,CA
2775,Winton,CA
2776,Wishon,CA
2777,Witter Springs,CA
2778,Wofford Heights,CA
2779,Woodacre,CA
2780,Woodbridge,CA
2781,Woodlake,CA
2782,Woodland,CA
2783,Woodland Hills,CA
2784,Woody,CA
2785,Wrightwood,CA
2786,Yermo,CA
2787,Yettem,CA
2788,Yolo,CA
2789,Yorba Linda,CA
2790,Yorkville,CA
2791,Yosemite National Park,CA
2792,Yountville,CA
2793,Yreka,CA
2794,Yuba City,CA
2795,Yucaipa,CA
2796,Yucca Valley,CA
2797,Zamora,CA
2798,Zenia,CA
2799,Agate,CO
2800,Aguilar,CO
2801,Akron,CO
2802,Alamosa,CO
2803,Allenspark,CO
2804,Alma,CO
2805,Almont,CO
2806,Amherst,CO
2807,Anton,CO
2808,Antonito,CO
2809,Arapahoe,CO
2810,Arboles,CO
2811,Arlington,CO
2812,Arriba,CO
2813,Arvada,CO
2814,Aspen,CO
2815,Atwood,CO
2816,Ault,CO
2817,Aurora,CO
2818,Austin,CO
2819,Avon,CO
2820,Avondale,CO
2821,Bailey,CO
2822,Basalt,CO
2823,Bayfield,CO
2824,Bedrock,CO
2825,Bellvue,CO
2826,Bennett,CO
2827,Berthoud,CO
2828,Bethune,CO
2829,Beulah,CO
2830,Black Hawk,CO
2831,Blanca,CO
2832,Boncarbo,CO
2833,Bond,CO
2834,Boone,CO
2835,Boulder,CO
2836,Branson,CO
2837,Breckenridge,CO
2838,Briggsdale,CO
2839,Brighton,CO
2840,Broomfield,CO
2841,Brush,CO
2842,Buena Vista,CO
2843,Buffalo Creek,CO
2844,Burlington,CO
2845,Burns,CO
2846,Byers,CO
2847,Cahone,CO
2848,Calhan,CO
2849,Campo,CO
2850,Canon City,CO
2851,Capulin,CO
2852,Carbondale,CO
2853,Carr,CO
2854,Cascade,CO
2855,Castle Rock,CO
2856,Cedaredge,CO
2857,Centennial,CO
2858,Center,CO
2859,Central City,CO
2860,Chama,CO
2861,Cheraw,CO
2862,Cheyenne Wells,CO
2863,Chromo,CO
2864,Cimarron,CO
2865,Clark,CO
2866,Clifton,CO
2867,Coal Creek,CO
2868,Coaldale,CO
2869,Coalmont,CO
2870,Collbran,CO
2871,Colorado City,CO
2872,Colorado Springs,CO
2873,Commerce City,CO
2874,Como,CO
2875,Conejos,CO
2876,Conifer,CO
2877,Cope,CO
2878,Cortez,CO
2879,Cotopaxi,CO
2880,Cowdrey,CO
2881,Craig,CO
2882,Crawford,CO
2883,Creede,CO
2884,Crested Butte,CO
2885,Crestone,CO
2886,Cripple Creek,CO
2887,Crook,CO
2888,Crowley,CO
2889,Dacono,CO
2890,De Beque,CO
2891,Deer Trail,CO
2892,Del Norte,CO
2893,Delta,CO
2894,Denver,CO
2895,Dillon,CO
2896,Dinosaur,CO
2897,Divide,CO
2898,Dolores,CO
2899,Dove Creek,CO
2900,Drake,CO
2901,Dumont,CO
2902,Dupont,CO
2903,Durango,CO
2904,Eads,CO
2905,Eagle,CO
2906,Eaton,CO
2907,Eckert,CO
2908,Eckley,CO
2909,Edgewater,CO
2910,Edwards,CO
2911,Egnar,CO
2912,Elbert,CO
2913,Eldorado Springs,CO
2914,Elizabeth,CO
2915,Empire,CO
2916,Englewood,CO
2917,Erie,CO
2918,Estes Park,CO
2919,Evans,CO
2920,Evergreen,CO
2921,Fairplay,CO
2922,Firestone,CO
2923,Flagler,CO
2924,Fleming,CO
2925,Florence,CO
2926,Florissant,CO
2927,Fort Collins,CO
2928,Fort Garland,CO
2929,Fort Lupton,CO
2930,Fort Morgan,CO
2931,Fountain,CO
2932,Fowler,CO
2933,Franktown,CO
2934,Fraser,CO
2935,Frederick,CO
2936,Frisco,CO
2937,Fruita,CO
2938,Galeton,CO
2939,Gardner,CO
2940,Gateway,CO
2941,Genoa,CO
2942,Georgetown,CO
2943,Gilcrest,CO
2944,Gill,CO
2945,Glade Park,CO
2946,Glen Haven,CO
2947,Glendale,CO
2948,Glenwood Springs,CO
2949,Golden,CO
2950,Granada,CO
2951,Granby,CO
2952,Grand Junction,CO
2953,Grand Lake,CO
2954,Granite,CO
2955,Grant,CO
2956,Greeley,CO
2957,Green Mountain Falls,CO
2958,Grover,CO
2959,Guffey,CO
2960,Gunnison,CO
2961,Gypsum,CO
2962,Hamilton,CO
2963,Hartman,CO
2964,Hartsel,CO
2965,Hasty,CO
2966,Haswell,CO
2967,Haxtun,CO
2968,Hayden,CO
2969,Henderson,CO
2970,Hereford,CO
2971,Hesperus,CO
2972,Highlands Ranch,CO
2973,Hillrose,CO
2974,Hillside,CO
2975,Hoehne,CO
2976,Holly,CO
2977,Holyoke,CO
2978,Hooper,CO
2979,Hot Sulphur Springs,CO
2980,Hotchkiss,CO
2981,Howard,CO
2982,Hudson,CO
2983,Hugo,CO
2984,Idaho Springs,CO
2985,Idalia,CO
2986,Idledale,CO
2987,Ignacio,CO
2988,Iliff,CO
2989,Indian Hills,CO
2990,Jamestown,CO
2991,Jaroso,CO
2992,Jefferson,CO
2993,Joes,CO
2994,Johnstown,CO
2995,Julesburg,CO
2996,Karval,CO
2997,Keenesburg,CO
2998,Kersey,CO
2999,Kim,CO
3000,Kiowa,CO
3001,Kirk,CO
3002,Kit Carson,CO
3003,Kittredge,CO
3004,Kremmling,CO
3005,La Jara,CO
3006,La Junta,CO
3007,La Salle,CO
3008,La Veta,CO
3009,Lafayette,CO
3010,Lake City,CO
3011,Lake George,CO
3012,Lakewood,CO
3013,Lamar,CO
3014,Laporte,CO
3015,Larkspur,CO
3016,Las Animas,CO
3017,Leadville,CO
3018,Lewis,CO
3019,Limon,CO
3020,Lindon,CO
3021,Littleton,CO
3022,Livermore,CO
3023,Log Lane Village,CO
3024,Loma,CO
3025,Lone Tree,CO
3026,Longmont,CO
3027,Louisville,CO
3028,Louviers,CO
3029,Loveland,CO
3030,Lucerne,CO
3031,Lyons,CO
3032,Mack,CO
3033,Manassa,CO
3034,Mancos,CO
3035,Manitou Springs,CO
3036,Manzanola,CO
3037,Matheson,CO
3038,Maybell,CO
3039,McClave,CO
3040,McCoy,CO
3041,Mead,CO
3042,Meeker,CO
3043,Meredith,CO
3044,Merino,CO
3045,Mesa,CO
3046,Mesa Verde National Park,CO
3047,Milliken,CO
3048,Minturn,CO
3049,Model,CO
3050,Moffat,CO
3051,Molina,CO
3052,Monarch,CO
3053,Monte Vista,CO
3054,Montrose,CO
3055,Monument,CO
3056,Morrison,CO
3057,Mosca,CO
3058,Nathrop,CO
3059,Naturita,CO
3060,Nederland,CO
3061,New Castle,CO
3062,New Raymer,CO
3063,Niwot,CO
3064,Northglenn,CO
3065,Norwood,CO
3066,Nucla,CO
3067,Nunn,CO
3068,Oak Creek,CO
3069,Ohio City,CO
3070,Olathe,CO
3071,Olney Springs,CO
3072,Ophir,CO
3073,Orchard,CO
3074,Ordway,CO
3075,Otis,CO
3076,Ouray,CO
3077,Ovid,CO
3078,Padroni,CO
3079,Pagosa Springs,CO
3080,Palisade,CO
3081,Palmer Lake,CO
3082,Paoli,CO
3083,Paonia,CO
3084,Parachute,CO
3085,Paradox,CO
3086,Parker,CO
3087,Parlin,CO
3088,Parshall,CO
3089,Peetz,CO
3090,Penrose,CO
3091,Peyton,CO
3092,Phippsburg,CO
3093,Pierce,CO
3094,Pine,CO
3095,Pinecliffe,CO
3096,Pitkin,CO
3097,Placerville,CO
3098,Platteville,CO
3099,Pleasant View,CO
3100,Poncha Springs,CO
3101,Powderhorn,CO
3102,Pritchett,CO
3103,Pueblo,CO
3104,Ramah,CO
3105,Rand,CO
3106,Rangely,CO
3107,Red Cliff,CO
3108,Red Feather Lakes,CO
3109,Redvale,CO
3110,Rico,CO
3111,Ridgway,CO
3112,Rifle,CO
3113,Rockvale,CO
3114,Rocky Ford,CO
3115,Roggen,CO
3116,Rollinsville,CO
3117,Romeo,CO
3118,Rush,CO
3119,Rye,CO
3120,Saguache,CO
3121,Salida,CO
3122,San Luis,CO
3123,Sanford,CO
3124,Sargents,CO
3125,Sedalia,CO
3126,Sedgwick,CO
3127,Seibert,CO
3128,Severance,CO
3129,Shawnee,CO
3130,Sheridan Lake,CO
3131,Silt,CO
3132,Silver Plume,CO
3133,Silverthorne,CO
3134,Silverton,CO
3135,Simla,CO
3136,Slater,CO
3137,Snowmass,CO
3138,Snowmass Village,CO
3139,Snyder,CO
3140,Somerset,CO
3141,South Fork,CO
3142,Springfield,CO
3143,Steamboat Springs,CO
3144,Sterling,CO
3145,Stoneham,CO
3146,Strasburg,CO
3147,Stratton,CO
3148,Sugar City,CO
3149,Swink,CO
3150,Tabernash,CO
3151,Telluride,CO
3152,Thornton,CO
3153,Timnath,CO
3154,Toponas,CO
3155,Towaoc,CO
3156,Trinchera,CO
3157,Trinidad,CO
3158,Twin Lakes,CO
3159,Two Buttes,CO
3160,Usaf Academy,CO
3161,Vail,CO
3162,Vernon,CO
3163,Victor,CO
3164,Vilas,CO
3165,Villa Grove,CO
3166,Vona,CO
3167,Walden,CO
3168,Walsenburg,CO
3169,Walsh,CO
3170,Ward,CO
3171,Watkins,CO
3172,Weldona,CO
3173,Wellington,CO
3174,Westcliffe,CO
3175,Westminster,CO
3176,Weston,CO
3177,Wetmore,CO
3178,Wheat Ridge,CO
3179,Whitewater,CO
3180,Wiggins,CO
3181,Wild Horse,CO
3182,Wiley,CO
3183,Windsor,CO
3184,Winter Park,CO
3185,Wolcott,CO
3186,Woodland Park,CO
3187,Woodrow,CO
3188,Woody Creek,CO
3189,Wray,CO
3190,Yampa,CO
3191,Yellow Jacket,CO
3192,Yoder,CO
3193,Yuma,CO
3194,Amston,CT
3195,Andover,CT
3196,Ansonia,CT
3197,Ashford,CT
3198,Avon,CT
3199,Baltic,CT
3200,Bantam,CT
3201,Barkhamsted,CT
3202,Beacon Falls,CT
3203,Berlin,CT
3204,Bethany,CT
3205,Bethel,CT
3206,Bethlehem,CT
3207,Bloomfield,CT
3208,Bolton,CT
3209,Bozrah,CT
3210,Branford,CT
3211,Bridgeport,CT
3212,Bridgewater,CT
3213,Bristol,CT
3214,Broad Brook,CT
3215,Brookfield,CT
3216,Brooklyn,CT
3217,Burlington,CT
3218,Canaan,CT
3219,Canterbury,CT
3220,Canton,CT
3221,Canton Center,CT
3222,Centerbrook,CT
3223,Central Village,CT
3224,Chaplin,CT
3225,Cheshire,CT
3226,Chester,CT
3227,Clinton,CT
3228,Cobalt,CT
3229,Colchester,CT
3230,Colebrook,CT
3231,Collinsville,CT
3232,Columbia,CT
3233,Cornwall,CT
3234,Cornwall Bridge,CT
3235,Cos Cob,CT
3236,Coventry,CT
3237,Cromwell,CT
3238,Danbury,CT
3239,Danielson,CT
3240,Darien,CT
3241,Dayville,CT
3242,Deep River,CT
3243,Derby,CT
3244,Durham,CT
3245,East Berlin,CT
3246,East Canaan,CT
3247,East Granby,CT
3248,East Haddam,CT
3249,East Hampton,CT
3250,East Hartford,CT
3251,East Hartland,CT
3252,East Haven,CT
3253,East Killingly,CT
3254,East Lyme,CT
3255,East Windsor,CT
3256,Eastford,CT
3257,Easton,CT
3258,Ellington,CT
3259,Enfield,CT
3260,Essex,CT
3261,Fairfield,CT
3262,Falls Village,CT
3263,Farmington,CT
3264,Gales Ferry,CT
3265,Gaylordsville,CT
3266,Gilman,CT
3267,Glastonbury,CT
3268,Goshen,CT
3269,Granby,CT
3270,Greenwich,CT
3271,Groton,CT
3272,Guilford,CT
3273,Haddam,CT
3274,Hadlyme,CT
3275,Hamden,CT
3276,Hampton,CT
3277,Hanover,CT
3278,Hartford,CT
3279,Harwinton,CT
3280,Hebron,CT
3281,Higganum,CT
3282,Ivoryton,CT
3283,Jewett City,CT
3284,Kent,CT
3285,Killingworth,CT
3286,Lakeside,CT
3287,Lakeville,CT
3288,Lebanon,CT
3289,Ledyard,CT
3290,Litchfield,CT
3291,Madison,CT
3292,Manchester,CT
3293,Mansfield Center,CT
3294,Marion,CT
3295,Marlborough,CT
3296,Mashantucket,CT
3297,Meriden,CT
3298,Middle Haddam,CT
3299,Middlebury,CT
3300,Middlefield,CT
3301,Middletown,CT
3302,Milford,CT
3303,Milldale,CT
3304,Monroe,CT
3305,Montville,CT
3306,Moodus,CT
3307,Moosup,CT
3308,Morris,CT
3309,Mystic,CT
3310,Naugatuck,CT
3311,New Britain,CT
3312,New Canaan,CT
3313,New Fairfield,CT
3314,New Hartford,CT
3315,New Haven,CT
3316,New London,CT
3317,New Milford,CT
3318,New Preston Marble Dale,CT
3319,Newington,CT
3320,Newtown,CT
3321,Niantic,CT
3322,Norfolk,CT
3323,North Branford,CT
3324,North Canton,CT
3325,North Franklin,CT
3326,North Granby,CT
3327,North Grosvenordale,CT
3328,North Haven,CT
3329,North Stonington,CT
3330,North Windham,CT
3331,Northfield,CT
3332,Northford,CT
3333,Norwalk,CT
3334,Norwich,CT
3335,Oakdale,CT
3336,Oakville,CT
3337,Old Greenwich,CT
3338,Old Lyme,CT
3339,Old Saybrook,CT
3340,Oneco,CT
3341,Orange,CT
3342,Oxford,CT
3343,Pawcatuck,CT
3344,Pine Meadow,CT
3345,Plainfield,CT
3346,Plainville,CT
3347,Plantsville,CT
3348,Plymouth,CT
3349,Pomfret,CT
3350,Pomfret Center,CT
3351,Portland,CT
3352,Preston,CT
3353,Prospect,CT
3354,Putnam,CT
3355,Quaker Hill,CT
3356,Quinebaug,CT
3357,Redding,CT
3358,Ridgefield,CT
3359,Riverside,CT
3360,Riverton,CT
3361,Rockfall,CT
3362,Rocky Hill,CT
3363,Rogers,CT
3364,Roxbury,CT
3365,Salem,CT
3366,Salisbury,CT
3367,Sandy Hook,CT
3368,Scotland,CT
3369,Seymour,CT
3370,Sharon,CT
3371,Shelton,CT
3372,Sherman,CT
3373,Simsbury,CT
3374,Somers,CT
3375,Somersville,CT
3376,South Glastonbury,CT
3377,South Kent,CT
3378,South Lyme,CT
3379,South Windham,CT
3380,South Windsor,CT
3381,Southbury,CT
3382,Southington,CT
3383,Southport,CT
3384,Stafford Springs,CT
3385,Stamford,CT
3386,Sterling,CT
3387,Stonington,CT
3388,Storrs,CT
3389,Storrs Mansfield,CT
3390,Stratford,CT
3391,Suffield,CT
3392,Taconic,CT
3393,Taftville,CT
3394,Tariffville,CT
3395,Terryville,CT
3396,Thomaston,CT
3397,Thompson,CT
3398,Tolland,CT
3399,Torrington,CT
3400,Trumbull,CT
3401,Uncasville,CT
3402,Unionville,CT
3403,Vernon,CT
3404,Vernon Rockville,CT
3405,Voluntown,CT
3406,Wallingford,CT
3407,Washington,CT
3408,Washington Depot,CT
3409,Waterbury,CT
3410,Waterford,CT
3411,Watertown,CT
3412,Wauregan,CT
3413,Weatogue,CT
3414,West Cornwall,CT
3415,West Granby,CT
3416,West Hartford,CT
3417,West Hartland,CT
3418,West Haven,CT
3419,West Simsbury,CT
3420,West Suffield,CT
3421,Westbrook,CT
3422,Weston,CT
3423,Westport,CT
3424,Wethersfield,CT
3425,Willimantic,CT
3426,Willington,CT
3427,Wilton,CT
3428,Windham,CT
3429,Windsor,CT
3430,Windsor Locks,CT
3431,Winsted,CT
3432,Wolcott,CT
3433,Woodbridge,CT
3434,Woodbury,CT
3435,Woodstock,CT
3436,Woodstock Valley,CT
3437,Yantic,CT
3438,Naval Anacost Annex,DC
3439,Washington,DC
3440,Washington Navy Yard,DC
3441,Bear,DE
3442,Bethany Beach,DE
3443,Bethel,DE
3444,Bridgeville,DE
3445,Camden Wyoming,DE
3446,Cheswold,DE
3447,Claymont,DE
3448,Clayton,DE
3449,Dagsboro,DE
3450,Delaware City,DE
3451,Delmar,DE
3452,Dover,DE
3453,Dover Afb,DE
3454,Ellendale,DE
3455,Felton,DE
3456,Fenwick Island,DE
3457,Frankford,DE
3458,Frederica,DE
3459,Georgetown,DE
3460,Greenwood,DE
3461,Harbeson,DE
3462,Harrington,DE
3463,Hartly,DE
3464,Hockessin,DE
3465,Houston,DE
3466,Kenton,DE
3467,Laurel,DE
3468,Lewes,DE
3469,Lincoln,DE
3470,Magnolia,DE
3471,Marydel,DE
3472,Middletown,DE
3473,Milford,DE
3474,Millsboro,DE
3475,Millville,DE
3476,Milton,DE
3477,Montchanin,DE
3478,New Castle,DE
3479,Newark,DE
3480,Ocean View,DE
3481,Odessa,DE
3482,Port Penn,DE
3483,Rehoboth Beach,DE
3484,Rockland,DE
3485,Saint Georges,DE
3486,Seaford,DE
3487,Selbyville,DE
3488,Smyrna,DE
3489,Townsend,DE
3490,Viola,DE
3491,Wilmington,DE
3492,Winterthur,DE
3493,Woodside,DE
3494,Yorklyn,DE
3495,Alachua,FL
3496,Alford,FL
3497,Altamonte Springs,FL
3498,Altha,FL
3499,Altoona,FL
3500,Alva,FL
3501,Anna Maria,FL
3502,Anthony,FL
3503,Apalachicola,FL
3504,Apollo Beach,FL
3505,Apopka,FL
3506,Arcadia,FL
3507,Archer,FL
3508,Aripeka,FL
3509,Astatula,FL
3510,Astor,FL
3511,Atlantic Beach,FL
3512,Auburndale,FL
3513,Aventura,FL
3514,Avon Park,FL
3515,Babson Park,FL
3516,Bagdad,FL
3517,Baker,FL
3518,Balm,FL
3519,Bartow,FL
3520,Bascom,FL
3521,Bay Pines,FL
3522,Bell,FL
3523,Belle Glade,FL
3524,Belleair Beach,FL
3525,Belleview,FL
3526,Beverly Hills,FL
3527,Big Pine Key,FL
3528,Blountstown,FL
3529,Boca Grande,FL
3530,Boca Raton,FL
3531,Bokeelia,FL
3532,Bonifay,FL
3533,Bonita Springs,FL
3534,Bowling Green,FL
3535,Boynton Beach,FL
3536,Bradenton,FL
3537,Bradenton Beach,FL
3538,Bradley,FL
3539,Brandon,FL
3540,Branford,FL
3541,Bristol,FL
3542,Bronson,FL
3543,Brooker,FL
3544,Brooksville,FL
3545,Bryceville,FL
3546,Bunnell,FL
3547,Bushnell,FL
3548,Callahan,FL
3549,Campbellton,FL
3550,Canal Point,FL
3551,Cantonment,FL
3552,Cape Canaveral,FL
3553,Cape Coral,FL
3554,Captiva,FL
3555,Carrabelle,FL
3556,Caryville,FL
3557,Casselberry,FL
3558,Cedar Key,FL
3559,Celebration,FL
3560,Center Hill,FL
3561,Century,FL
3562,Chattahoochee,FL
3563,Chiefland,FL
3564,Chipley,FL
3565,Chokoloskee,FL
3566,Christmas,FL
3567,Citra,FL
3568,Clarksville,FL
3569,Clearwater,FL
3570,Clearwater Beach,FL
3571,Clermont,FL
3572,Clewiston,FL
3573,Cocoa,FL
3574,Cocoa Beach,FL
3575,Coleman,FL
3576,Copeland,FL
3577,Coral Gables,FL
3578,Coral Springs,FL
3579,Cortez,FL
3580,Cottondale,FL
3581,Crawfordville,FL
3582,Crescent City,FL
3583,Crestview,FL
3584,Cross City,FL
3585,Crystal Beach,FL
3586,Crystal River,FL
3587,Cutler Bay,FL
3588,Cutler Ridge,FL
3589,Cypress,FL
3590,Dade City,FL
3591,Dania,FL
3592,Dania Beach,FL
3593,Davenport,FL
3594,Davie,FL
3595,Day,FL
3596,Daytona Beach,FL
3597,De Leon Springs,FL
3598,Debary,FL
3599,Deerfield Beach,FL
3600,Defuniak Springs,FL
3601,Deland,FL
3602,Delray Beach,FL
3603,Deltona,FL
3604,Destin,FL
3605,Doral,FL
3606,Dover,FL
3607,Dundee,FL
3608,Dunedin,FL
3609,Dunnellon,FL
3610,Durant,FL
3611,Eagle Lake,FL
3612,Earleton,FL
3613,East Palatka,FL
3614,Eastlake Weir,FL
3615,Eastpoint,FL
3616,Eaton Park,FL
3617,Ebro,FL
3618,Edgewater,FL
3619,Eglin Afb,FL
3620,Elkton,FL
3621,Ellenton,FL
3622,Englewood,FL
3623,Estero,FL
3624,Eustis,FL
3625,Everglades City,FL
3626,Fairfield,FL
3627,Felda,FL
3628,Fellsmere,FL
3629,Fern Park,FL
3630,Fernandina Beach,FL
3631,Ferndale,FL
3632,Flagler Beach,FL
3633,Fleming Island,FL
3634,Florahome,FL
3635,Floral City,FL
3636,Florida City,FL
3637,Fort Lauderdale,FL
3638,Fort McCoy,FL
3639,Fort Meade,FL
3640,Fort Myers,FL
3641,Fort Myers Beach,FL
3642,Fort Ogden,FL
3643,Fort Pierce,FL
3644,Fort Walton Beach,FL
3645,Fort White,FL
3646,Fountain,FL
3647,Freeport,FL
3648,Frostproof,FL
3649,Fruitland Park,FL
3650,Gainesville,FL
3651,Geneva,FL
3652,Georgetown,FL
3653,Gibsonton,FL
3654,Glen Saint Mary,FL
3655,Goodland,FL
3656,Gotha,FL
3657,Graceville,FL
3658,Grand Island,FL
3659,Grand Ridge,FL
3660,Grant,FL
3661,Green Cove Springs,FL
3662,Greensboro,FL
3663,Greenville,FL
3664,Greenwood,FL
3665,Gretna,FL
3666,Groveland,FL
3667,Gulf Breeze,FL
3668,Gulf Hammock,FL
3669,Haines City,FL
3670,Hallandale,FL
3671,Hallandale Beach,FL
3672,Hampton,FL
3673,Hastings,FL
3674,Havana,FL
3675,Hawthorne,FL
3676,Hernando,FL
3677,Hialeah,FL
3678,High Springs,FL
3679,Hilliard,FL
3680,Hobe Sound,FL
3681,Holder,FL
3682,Holiday,FL
3683,Hollister,FL
3684,Holly Hill,FL
3685,Hollywood,FL
3686,Holt,FL
3687,Homeland,FL
3688,Homestead,FL
3689,Homosassa,FL
3690,Horseshoe Beach,FL
3691,Hosford,FL
3692,Howey In The Hills,FL
3693,Hudson,FL
3694,Hurlburt Field,FL
3695,Immokalee,FL
3696,Indialantic,FL
3697,Indian Lake Estates,FL
3698,Indian Rocks Beach,FL
3699,Indiantown,FL
3700,Inglis,FL
3701,Inlet Beach,FL
3702,Intercession City,FL
3703,Interlachen,FL
3704,Inverness,FL
3705,Islamorada,FL
3706,Jacksonville,FL
3707,Jacksonville Beach,FL
3708,Jasper,FL
3709,Jay,FL
3710,Jennings,FL
3711,Jensen Beach,FL
3712,Jupiter,FL
3713,Kathleen,FL
3714,Kenansville,FL
3715,Key Biscayne,FL
3716,Key Colony Beach,FL
3717,Key Largo,FL
3718,Key West,FL
3719,Keystone Heights,FL
3720,Kissimmee,FL
3721,La Crosse,FL
3722,Labelle,FL
3723,Lady Lake,FL
3724,Lake Alfred,FL
3725,Lake Butler,FL
3726,Lake City,FL
3727,Lake Como,FL
3728,Lake Hamilton,FL
3729,Lake Helen,FL
3730,Lake Mary,FL
3731,Lake Panasoffkee,FL
3732,Lake Placid,FL
3733,Lake Wales,FL
3734,Lake Worth,FL
3735,Lake Worth Beach,FL
3736,Lakeland,FL
3737,Lakeshore,FL
3738,Lamont,FL
3739,Lanark Village,FL
3740,Land O Lakes,FL
3741,Land O'Lakes,FL
3742,Largo,FL
3743,Lauderhill,FL
3744,Laurel Hill,FL
3745,Lawtey,FL
3746,Lecanto,FL
3747,Lee,FL
3748,Leesburg,FL
3749,Lehigh Acres,FL
3750,Lithia,FL
3751,Live Oak,FL
3752,Lloyd,FL
3753,Long Key,FL
3754,Longboat Key,FL
3755,Longwood,FL
3756,Lorida,FL
3757,Loughman,FL
3758,Loxahatchee,FL
3759,Lulu,FL
3760,Lutz,FL
3761,Lynn Haven,FL
3762,Macclenny,FL
3763,Madison,FL
3764,Maitland,FL
3765,Malabar,FL
3766,Malone,FL
3767,Mango,FL
3768,Marathon,FL
3769,Marco Island,FL
3770,Marianna,FL
3771,Mary Esther,FL
3772,Mascotte,FL
3773,Mayo,FL
3774,McAlpin,FL
3775,McDavid,FL
3776,McIntosh,FL
3777,Melbourne,FL
3778,Melbourne Beach,FL
3779,Melrose,FL
3780,Merritt Island,FL
3781,Mexico Beach,FL
3782,Miami,FL
3783,Miami Beach,FL
3784,Miami Gardens,FL
3785,Micanopy,FL
3786,Middleburg,FL
3787,Midway,FL
3788,Milton,FL
3789,Mims,FL
3790,Miramar,FL
3791,Miramar Beach,FL
3792,Molino,FL
3793,Monticello,FL
3794,Montverde,FL
3795,Moore Haven,FL
3796,Morriston,FL
3797,Mount Dora,FL
3798,Mulberry,FL
3799,Myakka City,FL
3800,Nalcrest,FL
3801,Naples,FL
3802,Navarre,FL
3803,Neptune Beach,FL
3804,New Port Richey,FL
3805,New Smyrna Beach,FL
3806,Newberry,FL
3807,Niceville,FL
3808,Nobleton,FL
3809,Nocatee,FL
3810,Nokomis,FL
3811,North Fort Myers,FL
3812,North Miami,FL
3813,North Miami Beach,FL
3814,North Palm Beach,FL
3815,North Port,FL
3816,O'Brien,FL
3817,Oak Hill,FL
3818,Oakland,FL
3819,Oakland Park,FL
3820,Ocala,FL
3821,Ochopee,FL
3822,Ocklawaha,FL
3823,Ocoee,FL
3824,Odessa,FL
3825,Okeechobee,FL
3826,Old Town,FL
3827,Oldsmar,FL
3828,Ona,FL
3829,Opa Locka,FL
3830,Orange City,FL
3831,Orange Lake,FL
3832,Orange Park,FL
3833,Orange Springs,FL
3834,Orlando,FL
3835,Ormond Beach,FL
3836,Osprey,FL
3837,Osteen,FL
3838,Otter Creek,FL
3839,Oviedo,FL
3840,Oxford,FL
3841,Pahokee,FL
3842,Paisley,FL
3843,Palatka,FL
3844,Palm Bay,FL
3845,Palm Beach,FL
3846,Palm Beach Gardens,FL
3847,Palm City,FL
3848,Palm Coast,FL
3849,Palm Harbor,FL
3850,Palmdale,FL
3851,Palmetto,FL
3852,Panacea,FL
3853,Panama City,FL
3854,Panama City Beach,FL
3855,Parrish,FL
3856,Patrick Air Force Base,FL
3857,Pembroke Pines,FL
3858,Penney Farms,FL
3859,Pensacola,FL
3860,Perry,FL
3861,Pierson,FL
3862,Pinellas Park,FL
3863,Pinetta,FL
3864,Placida,FL
3865,Plant City,FL
3866,Plantation,FL
3867,Plymouth,FL
3868,Polk City,FL
3869,Pomona Park,FL
3870,Pompano Beach,FL
3871,Ponce De Leon,FL
3872,Ponte Vedra,FL
3873,Ponte Vedra Beach,FL
3874,Port Charlotte,FL
3875,Port Orange,FL
3876,Port Richey,FL
3877,Port Saint Joe,FL
3878,Port Saint Lucie,FL
3879,Punta Gorda,FL
3880,Quincy,FL
3881,Raiford,FL
3882,Reddick,FL
3883,River Ranch,FL
3884,Riverview,FL
3885,Rockledge,FL
3886,Rotonda West,FL
3887,Ruskin,FL
3888,Safety Harbor,FL
3889,Saint Augustine,FL
3890,Saint Cloud,FL
3891,Saint James City,FL
3892,Saint Johns,FL
3893,Saint Leo,FL
3894,Saint Marks,FL
3895,Saint Petersburg,FL
3896,Salem,FL
3897,San Antonio,FL
3898,San Mateo,FL
3899,Sanderson,FL
3900,Sanford,FL
3901,Sanibel,FL
3902,Santa Rosa Beach,FL
3903,Sarasota,FL
3904,Satellite Beach,FL
3905,Satsuma,FL
3906,Scottsmoor,FL
3907,Sebastian,FL
3908,Sebring,FL
3909,Seffner,FL
3910,Seminole,FL
3911,Seville,FL
3912,Shalimar,FL
3913,Sharpes,FL
3914,Silver Springs,FL
3915,Sneads,FL
3916,Sopchoppy,FL
3917,Sorrento,FL
3918,South Bay,FL
3919,Sparr,FL
3920,Spring Hill,FL
3921,Starke,FL
3922,Steinhatchee,FL
3923,Stuart,FL
3924,Summerfield,FL
3925,Summerland Key,FL
3926,Sumterville,FL
3927,Sun City Center,FL
3928,Suwannee,FL
3929,Tallahassee,FL
3930,Tampa,FL
3931,Tarpon Springs,FL
3932,Tavares,FL
3933,Tavernier,FL
3934,Telogia,FL
3935,Terra Ceia,FL
3936,The Villages,FL
3937,Thonotosassa,FL
3938,Titusville,FL
3939,Trenton,FL
3940,Umatilla,FL
3941,Valparaiso,FL
3942,Valrico,FL
3943,Venice,FL
3944,Venus,FL
3945,Vernon,FL
3946,Vero Beach,FL
3947,Wabasso,FL
3948,Wacissa,FL
3949,Waldo,FL
3950,Wauchula,FL
3951,Wausau,FL
3952,Waverly,FL
3953,Webster,FL
3954,Weirsdale,FL
3955,Welaka,FL
3956,Wellborn,FL
3957,Wellington,FL
3958,Wesley Chapel,FL
3959,West Palm Beach,FL
3960,Westchase,FL
3961,Westville,FL
3962,Wewahitchka,FL
3963,White Springs,FL
3964,Wildwood,FL
3965,Williston,FL
3966,Wilton Manors,FL
3967,Wimauma,FL
3968,Windermere,FL
3969,Winter Garden,FL
3970,Winter Haven,FL
3971,Winter Park,FL
3972,Winter Springs,FL
3973,Worthington Springs,FL
3974,Yalaha,FL
3975,Yankeetown,FL
3976,Youngstown,FL
3977,Yulee,FL
3978,Zellwood,FL
3979,Zephyrhills,FL
3980,Zolfo Springs,FL
3981,Abbeville,GA
3982,Acworth,GA
3983,Adairsville,GA
3984,Adel,GA
3985,Adrian,GA
3986,Ailey,GA
3987,Alamo,GA
3988,Alapaha,GA
3989,Albany,GA
3990,Allenhurst,GA
3991,Allentown,GA
3992,Alma,GA
3993,Alpharetta,GA
3994,Alston,GA
3995,Alto,GA
3996,Ambrose,GA
3997,Americus,GA
3998,Andersonville,GA
3999,Appling,GA
4000,Arabi,GA
4001,Aragon,GA
4002,Argyle,GA
4003,Arlington,GA
4004,Armuchee,GA
4005,Arnoldsville,GA
4006,Ashburn,GA
4007,Athens,GA
4008,Atlanta,GA
4009,Attapulgus,GA
4010,Auburn,GA
4011,Augusta,GA
4012,Austell,GA
4013,Avera,GA
4014,Avondale Estates,GA
4015,Axson,GA
4016,Baconton,GA
4017,Bainbridge,GA
4018,Baldwin,GA
4019,Ball Ground,GA
4020,Barnesville,GA
4021,Barney,GA
4022,Bartow,GA
4023,Barwick,GA
4024,Baxley,GA
4025,Bellville,GA
4026,Berlin,GA
4027,Bethlehem,GA
4028,Bishop,GA
4029,Blackshear,GA
4030,Blairsville,GA
4031,Blakely,GA
4032,Bloomingdale,GA
4033,Blue Ridge,GA
4034,Bluffton,GA
4035,Blythe,GA
4036,Bogart,GA
4037,Bolingbroke,GA
4038,Bonaire,GA
4039,Boston,GA
4040,Bostwick,GA
4041,Bowdon,GA
4042,Bowersville,GA
4043,Bowman,GA
4044,Box Springs,GA
4045,Braselton,GA
4046,Bremen,GA
4047,Brinson,GA
4048,Bristol,GA
4049,Bronwood,GA
4050,Brookfield,GA
4051,Brooklet,GA
4052,Brooks,GA
4053,Broxton,GA
4054,Brunswick,GA
4055,Buchanan,GA
4056,Buckhead,GA
4057,Buena Vista,GA
4058,Buford,GA
4059,Butler,GA
4060,Byromville,GA
4061,Byron,GA
4062,Cadwell,GA
4063,Cairo,GA
4064,Calhoun,GA
4065,Camak,GA
4066,Camilla,GA
4067,Canon,GA
4068,Canton,GA
4069,Carlton,GA
4070,Carnesville,GA
4071,Carrollton,GA
4072,Cartersville,GA
4073,Cataula,GA
4074,Cave Spring,GA
4075,Cecil,GA
4076,Cedar Springs,GA
4077,Cedartown,GA
4078,Centerville,GA
4079,Chatsworth,GA
4080,Chauncey,GA
4081,Cherry Log,GA
4082,Chester,GA
4083,Chickamauga,GA
4084,Chula,GA
4085,Cisco,GA
4086,Clarkdale,GA
4087,Clarkesville,GA
4088,Clarkston,GA
4089,Claxton,GA
4090,Clayton,GA
4091,Clermont,GA
4092,Cleveland,GA
4093,Climax,GA
4094,Clyo,GA
4095,Cobb,GA
4096,Cobbtown,GA
4097,Cochran,GA
4098,Cohutta,GA
4099,Colbert,GA
4100,Coleman,GA
4101,College Park,GA
4102,Collins,GA
4103,Colquitt,GA
4104,Columbus,GA
4105,Comer,GA
4106,Commerce,GA
4107,Concord,GA
4108,Conley,GA
4109,Conyers,GA
4110,Coolidge,GA
4111,Cordele,GA
4112,Cornelia,GA
4113,Covington,GA
4114,Crandall,GA
4115,Crawford,GA
4116,Crawfordville,GA
4117,Culloden,GA
4118,Cumming,GA
4119,Cusseta,GA
4120,Cuthbert,GA
4121,Dacula,GA
4122,Dahlonega,GA
4123,Daisy,GA
4124,Dallas,GA
4125,Dalton,GA
4126,Damascus,GA
4127,Danielsville,GA
4128,Danville,GA
4129,Darien,GA
4130,Davisboro,GA
4131,Dawson,GA
4132,Dawsonville,GA
4133,De Soto,GA
4134,Dearing,GA
4135,Decatur,GA
4136,Demorest,GA
4137,Denton,GA
4138,Dewy Rose,GA
4139,Dexter,GA
4140,Dillard,GA
4141,Dixie,GA
4142,Doerun,GA
4143,Donalsonville,GA
4144,Douglas,GA
4145,Douglasville,GA
4146,Dry Branch,GA
4147,Du Pont,GA
4148,Dublin,GA
4149,Dudley,GA
4150,Duluth,GA
4151,Dunwoody,GA
4152,East Dublin,GA
4153,East Ellijay,GA
4154,Eastanollee,GA
4155,Eastman,GA
4156,Eatonton,GA
4157,Eden,GA
4158,Edison,GA
4159,Elberton,GA
4160,Elko,GA
4161,Ellabell,GA
4162,Ellaville,GA
4163,Ellenton,GA
4164,Ellenwood,GA
4165,Ellerslie,GA
4166,Ellijay,GA
4167,Emerson,GA
4168,Enigma,GA
4169,Epworth,GA
4170,Eton,GA
4171,Evans,GA
4172,Fairburn,GA
4173,Fairmount,GA
4174,Fargo,GA
4175,Fayetteville,GA
4176,Fitzgerald,GA
4177,Fleming,GA
4178,Flintstone,GA
4179,Flovilla,GA
4180,Flowery Branch,GA
4181,Folkston,GA
4182,Forest Park,GA
4183,Forsyth,GA
4184,Fort Benning,GA
4185,Fort Gaines,GA
4186,Fort Oglethorpe,GA
4187,Fort Stewart,GA
4188,Fort Valley,GA
4189,Fortson,GA
4190,Franklin,GA
4191,Franklin Springs,GA
4192,Funston,GA
4193,Gainesville,GA
4194,Garfield,GA
4195,Gay,GA
4196,Geneva,GA
4197,Georgetown,GA
4198,Gibson,GA
4199,Gillsville,GA
4200,Girard,GA
4201,Glennville,GA
4202,Glenwood,GA
4203,Good Hope,GA
4204,Gordon,GA
4205,Gracewood,GA
4206,Grantville,GA
4207,Gray,GA
4208,Grayson,GA
4209,Graysville,GA
4210,Greensboro,GA
4211,Greenville,GA
4212,Griffin,GA
4213,Grovetown,GA
4214,Guyton,GA
4215,Haddock,GA
4216,Hagan,GA
4217,Hahira,GA
4218,Hamilton,GA
4219,Hampton,GA
4220,Haralson,GA
4221,Hardwick,GA
4222,Harlem,GA
4223,Harrison,GA
4224,Hartsfield,GA
4225,Hartwell,GA
4226,Hawkinsville,GA
4227,Hazlehurst,GA
4228,Helen,GA
4229,Hephzibah,GA
4230,Hiawassee,GA
4231,Hillsboro,GA
4232,Hinesville,GA
4233,Hiram,GA
4234,Hoboken,GA
4235,Hogansville,GA
4236,Homer,GA
4237,Homerville,GA
4238,Hortense,GA
4239,Hoschton,GA
4240,Howard,GA
4241,Hull,GA
4242,Ideal,GA
4243,Iron City,GA
4244,Irwinton,GA
4245,Jackson,GA
4246,Jacksonville,GA
4247,Jakin,GA
4248,Jasper,GA
4249,Jefferson,GA
4250,Jeffersonville,GA
4251,Jekyll Island,GA
4252,Jenkinsburg,GA
4253,Jersey,GA
4254,Jesup,GA
4255,Jewell,GA
4256,Jonesboro,GA
4257,Juliette,GA
4258,Junction City,GA
4259,Kathleen,GA
4260,Kennesaw,GA
4261,Keysville,GA
4262,Kings Bay,GA
4263,Kingsland,GA
4264,Kingston,GA
4265,Kite,GA
4266,Knoxville,GA
4267,La Fayette,GA
4268,Lagrange,GA
4269,Lake Park,GA
4270,Lakeland,GA
4271,Lakemont,GA
4272,Lavonia,GA
4273,Lawrenceville,GA
4274,Leary,GA
4275,Leesburg,GA
4276,Lenox,GA
4277,Leslie,GA
4278,Lexington,GA
4279,Lilburn,GA
4280,Lilly,GA
4281,Lincolnton,GA
4282,Lindale,GA
4283,Lithia Springs,GA
4284,Lithonia,GA
4285,Lizella,GA
4286,Locust Grove,GA
4287,Loganville,GA
4288,Lookout Mountain,GA
4289,Louisville,GA
4290,Louvale,GA
4291,Lovejoy,GA
4292,Ludowici,GA
4293,Lula,GA
4294,Lumber City,GA
4295,Lumpkin,GA
4296,Luthersville,GA
4297,Lyerly,GA
4298,Lyons,GA
4299,Mableton,GA
4300,Macon,GA
4301,Madison,GA
4302,Manchester,GA
4303,Manor,GA
4304,Mansfield,GA
4305,Marble Hill,GA
4306,Marietta,GA
4307,Marshallville,GA
4308,Martin,GA
4309,Matthews,GA
4310,Mauk,GA
4311,Maysville,GA
4312,McCaysville,GA
4313,Mcdonough,GA
4314,McIntyre,GA
4315,McRae Helena,GA
4316,Meansville,GA
4317,Meigs,GA
4318,Meldrim,GA
4319,Menlo,GA
4320,Mershon,GA
4321,Metter,GA
4322,Midland,GA
4323,Midville,GA
4324,Midway,GA
4325,Milan,GA
4326,Milledgeville,GA
4327,Millen,GA
4328,Millwood,GA
4329,Milner,GA
4330,Mineral Bluff,GA
4331,Mitchell,GA
4332,Molena,GA
4333,Monroe,GA
4334,Montezuma,GA
4335,Monticello,GA
4336,Montrose,GA
4337,Moody Afb,GA
4338,Moreland,GA
4339,Morgan,GA
4340,Morganton,GA
4341,Morris,GA
4342,Morrow,GA
4343,Morven,GA
4344,Moultrie,GA
4345,Mount Airy,GA
4346,Mount Berry,GA
4347,Mount Vernon,GA
4348,Mountain City,GA
4349,Murrayville,GA
4350,Musella,GA
4351,Nahunta,GA
4352,Nashville,GA
4353,Naylor,GA
4354,Newborn,GA
4355,Newington,GA
4356,Newnan,GA
4357,Newton,GA
4358,Nicholls,GA
4359,Nicholson,GA
4360,Norcross,GA
4361,Norman Park,GA
4362,Norwood,GA
4363,Nunez,GA
4364,Oakfield,GA
4365,Oakwood,GA
4366,Ochlocknee,GA
4367,Ocilla,GA
4368,Oconee,GA
4369,Odum,GA
4370,Offerman,GA
4371,Oglethorpe,GA
4372,Oliver,GA
4373,Omaha,GA
4374,Omega,GA
4375,Oxford,GA
4376,Palmetto,GA
4377,Parrott,GA
4378,Patterson,GA
4379,Pavo,GA
4380,Peachtree City,GA
4381,Peachtree Corners,GA
4382,Pearson,GA
4383,Pelham,GA
4384,Pembroke,GA
4385,Pendergrass,GA
4386,Perkins,GA
4387,Perry,GA
4388,Pine Lake,GA
4389,Pine Mountain,GA
4390,Pine Mountain Valley,GA
4391,Pinehurst,GA
4392,Pineview,GA
4393,Pitts,GA
4394,Plains,GA
4395,Plainville,GA
4396,Pooler,GA
4397,Port Wentworth,GA
4398,Portal,GA
4399,Porterdale,GA
4400,Poulan,GA
4401,Powder Springs,GA
4402,Preston,GA
4403,Pulaski,GA
4404,Quitman,GA
4405,Rabun Gap,GA
4406,Ranger,GA
4407,Ray City,GA
4408,Rayle,GA
4409,Rebecca,GA
4410,Red Oak,GA
4411,Register,GA
4412,Reidsville,GA
4413,Rentz,GA
4414,Resaca,GA
4415,Rex,GA
4416,Reynolds,GA
4417,Rhine,GA
4418,Riceboro,GA
4419,Richland,GA
4420,Richmond Hill,GA
4421,Rincon,GA
4422,Ringgold,GA
4423,Rising Fawn,GA
4424,Riverdale,GA
4425,Roberta,GA
4426,Rochelle,GA
4427,Rock Spring,GA
4428,Rockledge,GA
4429,Rockmart,GA
4430,Rocky Face,GA
4431,Rocky Ford,GA
4432,Rome,GA
4433,Roopville,GA
4434,Rossville,GA
4435,Roswell,GA
4436,Royston,GA
4437,Rupert,GA
4438,Rutledge,GA
4439,Rydal,GA
4440,Saint George,GA
4441,Saint Marys,GA
4442,Saint Simons Island,GA
4443,Sale City,GA
4444,Sandersville,GA
4445,Sapelo Island,GA
4446,Sardis,GA
4447,Sargent,GA
4448,Sasser,GA
4449,Sautee Nacoochee,GA
4450,Savannah,GA
4451,Scotland,GA
4452,Scottdale,GA
4453,Screven,GA
4454,Sea Island,GA
4455,Senoia,GA
4456,Shady Dale,GA
4457,Sharon,GA
4458,Sharpsburg,GA
4459,Shellman,GA
4460,Shiloh,GA
4461,Siloam,GA
4462,Silver Creek,GA
4463,Smithville,GA
4464,Smyrna,GA
4465,Snellville,GA
4466,Social Circle,GA
4467,Soperton,GA
4468,Sparks,GA
4469,Sparta,GA
4470,Springfield,GA
4471,Stapleton,GA
4472,Statenville,GA
4473,Statesboro,GA
4474,Statham,GA
4475,Stephens,GA
4476,Stillmore,GA
4477,Stockbridge,GA
4478,Stockton,GA
4479,Stone Mountain,GA
4480,Suches,GA
4481,Sugar Hill,GA
4482,Sugar Valley,GA
4483,Summerville,GA
4484,Sumner,GA
4485,Sunny Side,GA
4486,Surrency,GA
4487,Suwanee,GA
4488,Swainsboro,GA
4489,Sycamore,GA
4490,Sylvania,GA
4491,Sylvester,GA
4492,Talbotton,GA
4493,Talking Rock,GA
4494,Tallapoosa,GA
4495,Tallulah Falls,GA
4496,Talmo,GA
4497,Tarrytown,GA
4498,Tate,GA
4499,Taylorsville,GA
4500,Temple,GA
4501,Tennga,GA
4502,Tennille,GA
4503,The Rock,GA
4504,Thomaston,GA
4505,Thomasville,GA
4506,Thomson,GA
4507,Tifton,GA
4508,Tiger,GA
4509,Tignall,GA
4510,Toccoa,GA
4511,Toccoa Falls,GA
4512,Toomsboro,GA
4513,Townsend,GA
4514,Trenton,GA
4515,Trion,GA
4516,Tucker,GA
4517,Tunnel Hill,GA
4518,Turin,GA
4519,Twin City,GA
4520,Ty Ty,GA
4521,Tybee Island,GA
4522,Tyrone,GA
4523,Unadilla,GA
4524,Union City,GA
4525,Union Point,GA
4526,Upatoi,GA
4527,Uvalda,GA
4528,Valdosta,GA
4529,Varnell,GA
4530,Vidalia,GA
4531,Vienna,GA
4532,Villa Rica,GA
4533,Waco,GA
4534,Wadley,GA
4535,Waleska,GA
4536,Walthourville,GA
4537,Waresboro,GA
4538,Warm Springs,GA
4539,Warner Robins,GA
4540,Warrenton,GA
4541,Warthen,GA
4542,Warwick,GA
4543,Washington,GA
4544,Watkinsville,GA
4545,Waverly,GA
4546,Waverly Hall,GA
4547,Waycross,GA
4548,Waynesboro,GA
4549,Waynesville,GA
4550,West Green,GA
4551,West Point,GA
4552,Weston,GA
4553,Whigham,GA
4554,White,GA
4555,White Oak,GA
4556,White Plains,GA
4557,Whitesburg,GA
4558,Wildwood,GA
4559,Wiley,GA
4560,Willacoochee,GA
4561,Williamson,GA
4562,Winder,GA
4563,Winston,GA
4564,Winterville,GA
4565,Woodbine,GA
4566,Woodbury,GA
4567,Woodland,GA
4568,Woodstock,GA
4569,Wray,GA
4570,Wrens,GA
4571,Wrightsville,GA
4572,Yatesville,GA
4573,Young Harris,GA
4574,Zebulon,GA
4575,Agat,GU
4576,Barrigada,GU
4577,Hagatna,GU
4578,Inarajan,GU
4579,Merizo,GU
4580,Santa Rita,GU
4581,Yigo,GU
4582,Aiea,HI
4583,Anahola,HI
4584,Captain Cook,HI
4585,Eleele,HI
4586,Ewa Beach,HI
4587,Fort Shafter,HI
4588,Haiku,HI
4589,Hakalau,HI
4590,Haleiwa,HI
4591,Hana,HI
4592,Hanalei,HI
4593,Hanapepe,HI
4594,Hauula,HI
4595,Hawi,HI
4596,Hilo,HI
4597,Holualoa,HI
4598,Honaunau,HI
4599,Honokaa,HI
4600,Honolulu,HI
4601,Honomu,HI
4602,Hoolehua,HI
4603,Jbphh,HI
4604,Kaaawa,HI
4605,Kahuku,HI
4606,Kahului,HI
4607,Kailua,HI
4608,Kailua Kona,HI
4609,Kalaheo,HI
4610,Kalaupapa,HI
4611,Kamuela,HI
4612,Kaneohe,HI
4613,Kapaa,HI
4614,Kapaau,HI
4615,Kapolei,HI
4616,Kaumakani,HI
4617,Kaunakakai,HI
4618,Keaau,HI
4619,Kealakekua,HI
4620,Kealia,HI
4621,Kekaha,HI
4622,Kihei,HI
4623,Kilauea,HI
4624,Koloa,HI
4625,Kualapuu,HI
4626,Kula,HI
4627,Kunia,HI
4628,Kurtistown,HI
4629,Lahaina,HI
4630,Laie,HI
4631,Lanai City,HI
4632,Laupahoehoe,HI
4633,Lawai,HI
4634,Lihue,HI
4635,Makawao,HI
4636,Makaweli,HI
4637,Maunaloa,HI
4638,Mcbh Kaneohe Bay,HI
4639,Mililani,HI
4640,Mountain View,HI
4641,Naalehu,HI
4642,Ninole,HI
4643,Ocean View,HI
4644,Ookala,HI
4645,Paauilo,HI
4646,Pahala,HI
4647,Pahoa,HI
4648,Paia,HI
4649,Papaaloa,HI
4650,Papaikou,HI
4651,Pearl City,HI
4652,Pepeekeo,HI
4653,Princeville,HI
4654,Schofield Barracks,HI
4655,Tripler Army Medical Center,HI
4656,Volcano,HI
4657,Wahiawa,HI
4658,Waialua,HI
4659,Waianae,HI
4660,Waikoloa,HI
4661,Wailuku,HI
4662,Waimanalo,HI
4663,Waimea,HI
4664,Waipahu,HI
4665,Ackley,IA
4666,Ackworth,IA
4667,Adair,IA
4668,Adel,IA
4669,Afton,IA
4670,Agency,IA
4671,Ainsworth,IA
4672,Akron,IA
4673,Albert City,IA
4674,Albia,IA
4675,Albion,IA
4676,Alburnett,IA
4677,Alden,IA
4678,Alexander,IA
4679,Algona,IA
4680,Alleman,IA
4681,Allerton,IA
4682,Allison,IA
4683,Alta,IA
4684,Alta Vista,IA
4685,Alton,IA
4686,Altoona,IA
4687,Alvord,IA
4688,Amana,IA
4689,Ames,IA
4690,Anamosa,IA
4691,Andover,IA
4692,Andrew,IA
4693,Anita,IA
4694,Ankeny,IA
4695,Anthon,IA
4696,Aplington,IA
4697,Arcadia,IA
4698,Archer,IA
4699,Aredale,IA
4700,Argyle,IA
4701,Arion,IA
4702,Arispe,IA
4703,Arlington,IA
4704,Armstrong,IA
4705,Arnolds Park,IA
4706,Arthur,IA
4707,Ashton,IA
4708,Aspinwall,IA
4709,Atalissa,IA
4710,Atkins,IA
4711,Atlantic,IA
4712,Auburn,IA
4713,Audubon,IA
4714,Aurelia,IA
4715,Aurora,IA
4716,Austinville,IA
4717,Avoca,IA
4718,Ayrshire,IA
4719,Badger,IA
4720,Bagley,IA
4721,Baldwin,IA
4722,Bancroft,IA
4723,Barnes City,IA
4724,Barnum,IA
4725,Batavia,IA
4726,Battle Creek,IA
4727,Baxter,IA
4728,Bayard,IA
4729,Beacon,IA
4730,Beaman,IA
4731,Beaver,IA
4732,Bedford,IA
4733,Belle Plaine,IA
4734,Bellevue,IA
4735,Belmond,IA
4736,Bennett,IA
4737,Benton,IA
4738,Bernard,IA
4739,Berwick,IA
4740,Bettendorf,IA
4741,Bevington,IA
4742,Birmingham,IA
4743,Blairsburg,IA
4744,Blairstown,IA
4745,Blakesburg,IA
4746,Blanchard,IA
4747,Blencoe,IA
4748,Blockton,IA
4749,Bloomfield,IA
4750,Blue Grass,IA
4751,Bode,IA
4752,Bonaparte,IA
4753,Bondurant,IA
4754,Boone,IA
4755,Booneville,IA
4756,Bouton,IA
4757,Boxholm,IA
4758,Boyden,IA
4759,Braddyville,IA
4760,Bradford,IA
4761,Bradgate,IA
4762,Brandon,IA
4763,Brayton,IA
4764,Breda,IA
4765,Bridgewater,IA
4766,Brighton,IA
4767,Bristow,IA
4768,Britt,IA
4769,Bronson,IA
4770,Brooklyn,IA
4771,Brunsville,IA
4772,Bryant,IA
4773,Buckingham,IA
4774,Buffalo,IA
4775,Buffalo Center,IA
4776,Burlington,IA
4777,Burnside,IA
4778,Burt,IA
4779,Bussey,IA
4780,Calamus,IA
4781,Callender,IA
4782,Calmar,IA
4783,Calumet,IA
4784,Camanche,IA
4785,Cambridge,IA
4786,Cantril,IA
4787,Carbon,IA
4788,Carlisle,IA
4789,Carpenter,IA
4790,Carroll,IA
4791,Carson,IA
4792,Carter Lake,IA
4793,Cascade,IA
4794,Casey,IA
4795,Castalia,IA
4796,Castana,IA
4797,Cedar,IA
4798,Cedar Falls,IA
4799,Cedar Rapids,IA
4800,Center Junction,IA
4801,Center Point,IA
4802,Centerville,IA
4803,Central City,IA
4804,Chapin,IA
4805,Chariton,IA
4806,Charles City,IA
4807,Charlotte,IA
4808,Charter Oak,IA
4809,Chatsworth,IA
4810,Chelsea,IA
4811,Cherokee,IA
4812,Chester,IA
4813,Chillicothe,IA
4814,Churdan,IA
4815,Cincinnati,IA
4816,Clare,IA
4817,Clarence,IA
4818,Clarinda,IA
4819,Clarion,IA
4820,Clarksville,IA
4821,Clear Lake,IA
4822,Clearfield,IA
4823,Cleghorn,IA
4824,Clemons,IA
4825,Clermont,IA
4826,Climbing Hill,IA
4827,Clinton,IA
4828,Clio,IA
4829,Clive,IA
4830,Clutier,IA
4831,Coggon,IA
4832,Coin,IA
4833,Colesburg,IA
4834,Colfax,IA
4835,College Springs,IA
4836,Collins,IA
4837,Colo,IA
4838,Columbia,IA
4839,Columbus City,IA
4840,Columbus Junction,IA
4841,Colwell,IA
4842,Conesville,IA
4843,Conrad,IA
4844,Conroy,IA
4845,Coon Rapids,IA
4846,Coralville,IA
4847,Corning,IA
4848,Correctionville,IA
4849,Corwith,IA
4850,Corydon,IA
4851,Coulter,IA
4852,Council Bluffs,IA
4853,Crawfordsville,IA
4854,Crescent,IA
4855,Cresco,IA
4856,Creston,IA
4857,Cromwell,IA
4858,Crystal Lake,IA
4859,Cumberland,IA
4860,Cumming,IA
4861,Curlew,IA
4862,Cushing,IA
4863,Cylinder,IA
4864,Dakota City,IA
4865,Dallas Center,IA
4866,Dana,IA
4867,Danbury,IA
4868,Danville,IA
4869,Davenport,IA
4870,Davis City,IA
4871,Dawson,IA
4872,Dayton,IA
4873,De Soto,IA
4874,De Witt,IA
4875,Decatur,IA
4876,Decorah,IA
4877,Dedham,IA
4878,Deep River,IA
4879,Defiance,IA
4880,Delaware,IA
4881,Delhi,IA
4882,Delmar,IA
4883,Deloit,IA
4884,Delta,IA
4885,Denison,IA
4886,Denmark,IA
4887,Denver,IA
4888,Derby,IA
4889,Des Moines,IA
4890,Dewar,IA
4891,Dexter,IA
4892,Diagonal,IA
4893,Dickens,IA
4894,Dike,IA
4895,Dixon,IA
4896,Dolliver,IA
4897,Donahue,IA
4898,Donnellson,IA
4899,Doon,IA
4900,Dorchester,IA
4901,Douds,IA
4902,Dougherty,IA
4903,Dow City,IA
4904,Dows,IA
4905,Drakesville,IA
4906,Dubuque,IA
4907,Dumont,IA
4908,Duncombe,IA
4909,Dundee,IA
4910,Dunkerton,IA
4911,Dunlap,IA
4912,Durango,IA
4913,Durant,IA
4914,Dyersville,IA
4915,Dysart,IA
4916,Eagle Grove,IA
4917,Earlham,IA
4918,Earling,IA
4919,Earlville,IA
4920,Early,IA
4921,Eddyville,IA
4922,Edgewood,IA
4923,Elberon,IA
4924,Eldon,IA
4925,Eldora,IA
4926,Eldridge,IA
4927,Elgin,IA
4928,Elk Horn,IA
4929,Elkader,IA
4930,Elkhart,IA
4931,Elkport,IA
4932,Elliott,IA
4933,Ellston,IA
4934,Ellsworth,IA
4935,Elma,IA
4936,Ely,IA
4937,Emerson,IA
4938,Emmetsburg,IA
4939,Epworth,IA
4940,Essex,IA
4941,Estherville,IA
4942,Evansdale,IA
4943,Everly,IA
4944,Exira,IA
4945,Exline,IA
4946,Fairbank,IA
4947,Fairfax,IA
4948,Fairfield,IA
4949,Farley,IA
4950,Farmersburg,IA
4951,Farmington,IA
4952,Farnhamville,IA
4953,Farragut,IA
4954,Fayette,IA
4955,Fenton,IA
4956,Ferguson,IA
4957,Fertile,IA
4958,Floris,IA
4959,Floyd,IA
4960,Fonda,IA
4961,Fontanelle,IA
4962,Forest City,IA
4963,Fort Atkinson,IA
4964,Fort Dodge,IA
4965,Fort Madison,IA
4966,Fostoria,IA
4967,Fredericksburg,IA
4968,Frederika,IA
4969,Fremont,IA
4970,Fruitland,IA
4971,Galt,IA
4972,Galva,IA
4973,Garber,IA
4974,Garden City,IA
4975,Garden Grove,IA
4976,Garnavillo,IA
4977,Garner,IA
4978,Garrison,IA
4979,Garwin,IA
4980,Geneva,IA
4981,George,IA
4982,Gibson,IA
4983,Gilbert,IA
4984,Gilbertville,IA
4985,Gillett Grove,IA
4986,Gilman,IA
4987,Gilmore City,IA
4988,Gladbrook,IA
4989,Glenwood,IA
4990,Glidden,IA
4991,Goldfield,IA
4992,Goodell,IA
4993,Goose Lake,IA
4994,Gowrie,IA
4995,Graettinger,IA
4996,Grafton,IA
4997,Grand Junction,IA
4998,Grand Mound,IA
4999,Grand River,IA
5000,Grandview,IA
5001,Granger,IA
5002,Grant,IA
5003,Granville,IA
5004,Gravity,IA
5005,Gray,IA
5006,Greeley,IA
5007,Greene,IA
5008,Greenfield,IA
5009,Greenville,IA
5010,Grimes,IA
5011,Grinnell,IA
5012,Griswold,IA
5013,Grundy Center,IA
5014,Guernsey,IA
5015,Guthrie Center,IA
5016,Guttenberg,IA
5017,Halbur,IA
5018,Hamburg,IA
5019,Hamilton,IA
5020,Hamlin,IA
5021,Hampton,IA
5022,Hancock,IA
5023,Hanlontown,IA
5024,Harcourt,IA
5025,Hardy,IA
5026,Harlan,IA
5027,Harper,IA
5028,Harpers Ferry,IA
5029,Harris,IA
5030,Hartford,IA
5031,Hartley,IA
5032,Hartwick,IA
5033,Harvey,IA
5034,Hastings,IA
5035,Havelock,IA
5036,Haverhill,IA
5037,Hawarden,IA
5038,Hawkeye,IA
5039,Hayesville,IA
5040,Hazleton,IA
5041,Hedrick,IA
5042,Henderson,IA
5043,Hiawatha,IA
5044,Hills,IA
5045,Hillsboro,IA
5046,Hinton,IA
5047,Holland,IA
5048,Holstein,IA
5049,Holy Cross,IA
5050,Homestead,IA
5051,Honey Creek,IA
5052,Hopkinton,IA
5053,Hornick,IA
5054,Hospers,IA
5055,Houghton,IA
5056,Hubbard,IA
5057,Hudson,IA
5058,Hull,IA
5059,Humboldt,IA
5060,Humeston,IA
5061,Huxley,IA
5062,Ida Grove,IA
5063,Imogene,IA
5064,Independence,IA
5065,Indianola,IA
5066,Inwood,IA
5067,Ionia,IA
5068,Iowa City,IA
5069,Iowa Falls,IA
5070,Ira,IA
5071,Ireton,IA
5072,Irwin,IA
5073,Jamaica,IA
5074,Janesville,IA
5075,Jefferson,IA
5076,Jesup,IA
5077,Jewell,IA
5078,Johnston,IA
5079,Joice,IA
5080,Jolley,IA
5081,Kalona,IA
5082,Kamrar,IA
5083,Kanawha,IA
5084,Kellerton,IA
5085,Kelley,IA
5086,Kellogg,IA
5087,Kensett,IA
5088,Keokuk,IA
5089,Keosauqua,IA
5090,Keota,IA
5091,Kesley,IA
5092,Keswick,IA
5093,Keystone,IA
5094,Killduff,IA
5095,Kimballton,IA
5096,Kingsley,IA
5097,Kirkman,IA
5098,Kirkville,IA
5099,Kiron,IA
5100,Klemme,IA
5101,Knierim,IA
5102,Knoxville,IA
5103,La Motte,IA
5104,La Porte City,IA
5105,Lacona,IA
5106,Ladora,IA
5107,Lake City,IA
5108,Lake Mills,IA
5109,Lake Park,IA
5110,Lake View,IA
5111,Lakota,IA
5112,Lamoni,IA
5113,Lamont,IA
5114,Lanesboro,IA
5115,Langworthy,IA
5116,Lansing,IA
5117,Larchwood,IA
5118,Larrabee,IA
5119,Latimer,IA
5120,Laurel,IA
5121,Laurens,IA
5122,Lawler,IA
5123,Lawton,IA
5124,Le Claire,IA
5125,Le Grand,IA
5126,Le Mars,IA
5127,Ledyard,IA
5128,Lehigh,IA
5129,Leighton,IA
5130,Leland,IA
5131,Lenox,IA
5132,Leon,IA
5133,Lester,IA
5134,Letts,IA
5135,Lewis,IA
5136,Liberty Center,IA
5137,Libertyville,IA
5138,Lidderdale,IA
5139,Lime Springs,IA
5140,Lincoln,IA
5141,Linden,IA
5142,Lineville,IA
5143,Linn Grove,IA
5144,Lisbon,IA
5145,Liscomb,IA
5146,Little Cedar,IA
5147,Little Rock,IA
5148,Little Sioux,IA
5149,Livermore,IA
5150,Lockridge,IA
5151,Logan,IA
5152,Lohrville,IA
5153,Lone Rock,IA
5154,Lone Tree,IA
5155,Long Grove,IA
5156,Lorimor,IA
5157,Lost Nation,IA
5158,Lovilia,IA
5159,Low Moor,IA
5160,Lowden,IA
5161,Lu Verne,IA
5162,Luana,IA
5163,Lucas,IA
5164,Luther,IA
5165,Luxemburg,IA
5166,Luzerne,IA
5167,Lynnville,IA
5168,Lytton,IA
5169,Macedonia,IA
5170,Macksburg,IA
5171,Madrid,IA
5172,Magnolia,IA
5173,Malcom,IA
5174,Mallard,IA
5175,Malvern,IA
5176,Manchester,IA
5177,Manilla,IA
5178,Manly,IA
5179,Manning,IA
5180,Manson,IA
5181,Mapleton,IA
5182,Maquoketa,IA
5183,Marathon,IA
5184,Marble Rock,IA
5185,Marcus,IA
5186,Marengo,IA
5187,Marion,IA
5188,Marne,IA
5189,Marquette,IA
5190,Marshalltown,IA
5191,Martelle,IA
5192,Martensdale,IA
5193,Martinsburg,IA
5194,Mason City,IA
5195,Masonville,IA
5196,Massena,IA
5197,Matlock,IA
5198,Maurice,IA
5199,Maxwell,IA
5200,Maynard,IA
5201,McCallsburg,IA
5202,McCausland,IA
5203,McClelland,IA
5204,McGregor,IA
5205,McIntire,IA
5206,Mechanicsville,IA
5207,Mediapolis,IA
5208,Melbourne,IA
5209,Melcher Dallas,IA
5210,Melrose,IA
5211,Melvin,IA
5212,Menlo,IA
5213,Meriden,IA
5214,Merrill,IA
5215,Meservey,IA
5216,Middle Amana,IA
5217,Middletown,IA
5218,Miles,IA
5219,Milford,IA
5220,Millersburg,IA
5221,Millerton,IA
5222,Milo,IA
5223,Milton,IA
5224,Minburn,IA
5225,Minden,IA
5226,Mineola,IA
5227,Mingo,IA
5228,Missouri Valley,IA
5229,Mitchellville,IA
5230,Modale,IA
5231,Mondamin,IA
5232,Monmouth,IA
5233,Monona,IA
5234,Monroe,IA
5235,Montezuma,IA
5236,Monticello,IA
5237,Montour,IA
5238,Montpelier,IA
5239,Montrose,IA
5240,Moorhead,IA
5241,Moorland,IA
5242,Moravia,IA
5243,Morley,IA
5244,Morning Sun,IA
5245,Morrison,IA
5246,Moscow,IA
5247,Moulton,IA
5248,Mount Auburn,IA
5249,Mount Ayr,IA
5250,Mount Pleasant,IA
5251,Mount Sterling,IA
5252,Mount Union,IA
5253,Mount Vernon,IA
5254,Moville,IA
5255,Murray,IA
5256,Muscatine,IA
5257,Mystic,IA
5258,Nashua,IA
5259,Nemaha,IA
5260,Neola,IA
5261,Nevada,IA
5262,New Albin,IA
5263,New Hampton,IA
5264,New Hartford,IA
5265,New Liberty,IA
5266,New London,IA
5267,New Market,IA
5268,New Providence,IA
5269,New Sharon,IA
5270,New Vienna,IA
5271,New Virginia,IA
5272,Newell,IA
5273,Newhall,IA
5274,Newton,IA
5275,Nichols,IA
5276,Nodaway,IA
5277,Nora Springs,IA
5278,North Buena Vista,IA
5279,North English,IA
5280,North Liberty,IA
5281,Northboro,IA
5282,Northwood,IA
5283,Norwalk,IA
5284,Norway,IA
5285,Oakland,IA
5286,Oakville,IA
5287,Ocheyedan,IA
5288,Odebolt,IA
5289,Oelwein,IA
5290,Ogden,IA
5291,Okoboji,IA
5292,Olds,IA
5293,Olin,IA
5294,Ollie,IA
5295,Onawa,IA
5296,Onslow,IA
5297,Oran,IA
5298,Orange City,IA
5299,Orchard,IA
5300,Orient,IA
5301,Osage,IA
5302,Osceola,IA
5303,Oskaloosa,IA
5304,Ossian,IA
5305,Otho,IA
5306,Otley,IA
5307,Oto,IA
5308,Ottosen,IA
5309,Ottumwa,IA
5310,Oxford,IA
5311,Oxford Junction,IA
5312,Oyens,IA
5313,Pacific Junction,IA
5314,Packwood,IA
5315,Palmer,IA
5316,Palo,IA
5317,Panama,IA
5318,Panora,IA
5319,Parkersburg,IA
5320,Parnell,IA
5321,Paton,IA
5322,Patterson,IA
5323,Paullina,IA
5324,Pella,IA
5325,Peosta,IA
5326,Percival,IA
5327,Perry,IA
5328,Persia,IA
5329,Peru,IA
5330,Peterson,IA
5331,Pierson,IA
5332,Pilot Mound,IA
5333,Pisgah,IA
5334,Plainfield,IA
5335,Plano,IA
5336,Pleasant Hill,IA
5337,Pleasant Valley,IA
5338,Pleasantville,IA
5339,Plover,IA
5340,Plymouth,IA
5341,Pocahontas,IA
5342,Polk City,IA
5343,Pomeroy,IA
5344,Popejoy,IA
5345,Portsmouth,IA
5346,Postville,IA
5347,Prairie City,IA
5348,Prairieburg,IA
5349,Prescott,IA
5350,Preston,IA
5351,Primghar,IA
5352,Princeton,IA
5353,Prole,IA
5354,Promise City,IA
5355,Protivin,IA
5356,Pulaski,IA
5357,Quasqueton,IA
5358,Quimby,IA
5359,Radcliffe,IA
5360,Rake,IA
5361,Ralston,IA
5362,Randalia,IA
5363,Randall,IA
5364,Randolph,IA
5365,Raymond,IA
5366,Readlyn,IA
5367,Reasnor,IA
5368,Red Oak,IA
5369,Redding,IA
5370,Redfield,IA
5371,Reinbeck,IA
5372,Rembrandt,IA
5373,Remsen,IA
5374,Renwick,IA
5375,Rhodes,IA
5376,Riceville,IA
5377,Richland,IA
5378,Ricketts,IA
5379,Ridgeway,IA
5380,Ringsted,IA
5381,Rippey,IA
5382,Riverside,IA
5383,Riverton,IA
5384,Robins,IA
5385,Rock Falls,IA
5386,Rock Rapids,IA
5387,Rock Valley,IA
5388,Rockford,IA
5389,Rockwell,IA
5390,Rockwell City,IA
5391,Rodney,IA
5392,Roland,IA
5393,Rolfe,IA
5394,Rose Hill,IA
5395,Rowan,IA
5396,Rowley,IA
5397,Royal,IA
5398,Rudd,IA
5399,Runnells,IA
5400,Russell,IA
5401,Ruthven,IA
5402,Rutland,IA
5403,Ryan,IA
5404,Sabula,IA
5405,Sac City,IA
5406,Saint Ansgar,IA
5407,Saint Anthony,IA
5408,Saint Charles,IA
5409,Saint Donatus,IA
5410,Saint Lucas,IA
5411,Saint Marys,IA
5412,Saint Olaf,IA
5413,Saint Paul,IA
5414,Salem,IA
5415,Salix,IA
5416,Sanborn,IA
5417,Scarville,IA
5418,Schaller,IA
5419,Schleswig,IA
5420,Scranton,IA
5421,Searsboro,IA
5422,Selma,IA
5423,Sergeant Bluff,IA
5424,Seymour,IA
5425,Shambaugh,IA
5426,Shannon City,IA
5427,Sharpsburg,IA
5428,Sheffield,IA
5429,Shelby,IA
5430,Sheldahl,IA
5431,Sheldon,IA
5432,Shell Rock,IA
5433,Shellsburg,IA
5434,Shenandoah,IA
5435,Sherrill,IA
5436,Sibley,IA
5437,Sidney,IA
5438,Sigourney,IA
5439,Silver City,IA
5440,Sioux Center,IA
5441,Sioux City,IA
5442,Sioux Rapids,IA
5443,Slater,IA
5444,Sloan,IA
5445,Smithland,IA
5446,Soldier,IA
5447,Solon,IA
5448,Somers,IA
5449,South Amana,IA
5450,South English,IA
5451,Spencer,IA
5452,Sperry,IA
5453,Spillville,IA
5454,Spirit Lake,IA
5455,Spragueville,IA
5456,Springbrook,IA
5457,Springville,IA
5458,Stacyville,IA
5459,Stanhope,IA
5460,Stanley,IA
5461,Stanton,IA
5462,Stanwood,IA
5463,State Center,IA
5464,Steamboat Rock,IA
5465,Stockport,IA
5466,Stockton,IA
5467,Storm Lake,IA
5468,Story City,IA
5469,Stout,IA
5470,Stratford,IA
5471,Strawberry Point,IA
5472,Stuart,IA
5473,Sully,IA
5474,Sumner,IA
5475,Superior,IA
5476,Sutherland,IA
5477,Swaledale,IA
5478,Swan,IA
5479,Swea City,IA
5480,Swedesburg,IA
5481,Swisher,IA
5482,Tabor,IA
5483,Tama,IA
5484,Teeds Grove,IA
5485,Templeton,IA
5486,Terril,IA
5487,Thayer,IA
5488,Thompson,IA
5489,Thor,IA
5490,Thornburg,IA
5491,Thornton,IA
5492,Thurman,IA
5493,Tiffin,IA
5494,Tingley,IA
5495,Tipton,IA
5496,Titonka,IA
5497,Toddville,IA
5498,Toledo,IA
5499,Tracy,IA
5500,Traer,IA
5501,Treynor,IA
5502,Tripoli,IA
5503,Troy Mills,IA
5504,Truesdale,IA
5505,Truro,IA
5506,Udell,IA
5507,Underwood,IA
5508,Union,IA
5509,Unionville,IA
5510,University Park,IA
5511,Urbana,IA
5512,Urbandale,IA
5513,Ute,IA
5514,Vail,IA
5515,Van Horne,IA
5516,Van Meter,IA
5517,Van Wert,IA
5518,Varina,IA
5519,Ventura,IA
5520,Victor,IA
5521,Villisca,IA
5522,Vincent,IA
5523,Vining,IA
5524,Vinton,IA
5525,Volga,IA
5526,Wadena,IA
5527,Walcott,IA
5528,Walford,IA
5529,Walker,IA
5530,Wall Lake,IA
5531,Wallingford,IA
5532,Walnut,IA
5533,Wapello,IA
5534,Washington,IA
5535,Washta,IA
5536,Waterloo,IA
5537,Waterville,IA
5538,Watkins,IA
5539,Waucoma,IA
5540,Waukee,IA
5541,Waukon,IA
5542,Waverly,IA
5543,Wayland,IA
5544,Webb,IA
5545,Webster,IA
5546,Webster City,IA
5547,Weldon,IA
5548,Wellman,IA
5549,Wellsburg,IA
5550,Welton,IA
5551,Wesley,IA
5552,West Bend,IA
5553,West Branch,IA
5554,West Burlington,IA
5555,West Chester,IA
5556,West Des Moines,IA
5557,West Liberty,IA
5558,West Point,IA
5559,West Union,IA
5560,Westfield,IA
5561,Westgate,IA
5562,Westphalia,IA
5563,Westside,IA
5564,Wever,IA
5565,What Cheer,IA
5566,Wheatland,IA
5567,Whiting,IA
5568,Whittemore,IA
5569,Whitten,IA
5570,Williams,IA
5571,Williamsburg,IA
5572,Williamson,IA
5573,Wilton,IA
5574,Windsor Heights,IA
5575,Winfield,IA
5576,Winterset,IA
5577,Winthrop,IA
5578,Wiota,IA
5579,Woden,IA
5580,Woodbine,IA
5581,Woodburn,IA
5582,Woodward,IA
5583,Woolstock,IA
5584,Worthington,IA
5585,Wyoming,IA
5586,Yale,IA
5587,Yarmouth,IA
5588,Yorktown,IA
5589,Zearing,IA
5590,Zwingle,IA
5591,Aberdeen,ID
5592,Ahsahka,ID
5593,Albion,ID
5594,Almo,ID
5595,American Falls,ID
5596,Arbon,ID
5597,Arco,ID
5598,Arimo,ID
5599,Ashton,ID
5600,Athol,ID
5601,Atomic City,ID
5602,Avery,ID
5603,Bancroft,ID
5604,Banks,ID
5605,Basalt,ID
5606,Bayview,ID
5607,Bellevue,ID
5608,Bern,ID
5609,Blackfoot,ID
5610,Blanchard,ID
5611,Bliss,ID
5612,Bloomington,ID
5613,Boise,ID
5614,Bonners Ferry,ID
5615,Bovill,ID
5616,Bruneau,ID
5617,Buhl,ID
5618,Burley,ID
5619,Calder,ID
5620,Caldwell,ID
5621,Cambridge,ID
5622,Carey,ID
5623,Careywood,ID
5624,Carmen,ID
5625,Cascade,ID
5626,Castleford,ID
5627,Cataldo,ID
5628,Challis,ID
5629,Chester,ID
5630,Chubbuck,ID
5631,Clark Fork,ID
5632,Clarkia,ID
5633,Clayton,ID
5634,Clifton,ID
5635,Cocolalla,ID
5636,Coeur D Alene,ID
5637,Coolin,ID
5638,Corral,ID
5639,Cottonwood,ID
5640,Council,ID
5641,Craigmont,ID
5642,Culdesac,ID
5643,Dayton,ID
5644,Deary,ID
5645,Declo,ID
5646,Desmet,ID
5647,Dietrich,ID
5648,Dingle,ID
5649,Donnelly,ID
5650,Dover,ID
5651,Downey,ID
5652,Driggs,ID
5653,Dubois,ID
5654,Eagle,ID
5655,Eastport,ID
5656,Eden,ID
5657,Elk City,ID
5658,Elk River,ID
5659,Ellis,ID
5660,Emmett,ID
5661,Fairfield,ID
5662,Felt,ID
5663,Ferdinand,ID
5664,Fernwood,ID
5665,Filer,ID
5666,Firth,ID
5667,Fish Haven,ID
5668,Fort Hall,ID
5669,Franklin,ID
5670,Fruitland,ID
5671,Garden City,ID
5672,Garden Valley,ID
5673,Genesee,ID
5674,Geneva,ID
5675,Georgetown,ID
5676,Gibbsonville,ID
5677,Glenns Ferry,ID
5678,Gooding,ID
5679,Grace,ID
5680,Grand View,ID
5681,Grangeville,ID
5682,Greencreek,ID
5683,Greenleaf,ID
5684,Hagerman,ID
5685,Hailey,ID
5686,Hamer,ID
5687,Hammett,ID
5688,Hansen,ID
5689,Harrison,ID
5690,Harvard,ID
5691,Hayden,ID
5692,Hazelton,ID
5693,Heyburn,ID
5694,Hill City,ID
5695,Holbrook,ID
5696,Homedale,ID
5697,Hope,ID
5698,Horseshoe Bend,ID
5699,Howe,ID
5700,Idaho City,ID
5701,Idaho Falls,ID
5702,Indian Valley,ID
5703,Inkom,ID
5704,Iona,ID
5705,Irwin,ID
5706,Island Park,ID
5707,Jerome,ID
5708,Juliaetta,ID
5709,Kamiah,ID
5710,Kellogg,ID
5711,Kendrick,ID
5712,Ketchum,ID
5713,Kimberly,ID
5714,King Hill,ID
5715,Kingston,ID
5716,Kooskia,ID
5717,Kootenai,ID
5718,Kuna,ID
5719,Laclede,ID
5720,Lapwai,ID
5721,Lava Hot Springs,ID
5722,Leadore,ID
5723,Lemhi,ID
5724,Lenore,ID
5725,Letha,ID
5726,Lewiston,ID
5727,Lewisville,ID
5728,Lowman,ID
5729,Lucile,ID
5730,Mackay,ID
5731,Macks Inn,ID
5732,Malad City,ID
5733,Malta,ID
5734,Marsing,ID
5735,May,ID
5736,Mccall,ID
5737,Mccammon,ID
5738,Medimont,ID
5739,Melba,ID
5740,Menan,ID
5741,Meridian,ID
5742,Mesa,ID
5743,Middleton,ID
5744,Midvale,ID
5745,Monteview,ID
5746,Montpelier,ID
5747,Moore,ID
5748,Moscow,ID
5749,Mountain Home,ID
5750,Mountain Home Afb,ID
5751,Moyie Springs,ID
5752,Mullan,ID
5753,Murphy,ID
5754,Murray,ID
5755,Murtaugh,ID
5756,Nampa,ID
5757,Naples,ID
5758,New Meadows,ID
5759,New Plymouth,ID
5760,Newdale,ID
5761,Nezperce,ID
5762,Nordman,ID
5763,North Fork,ID
5764,Notus,ID
5765,Oakley,ID
5766,Ola,ID
5767,Oldtown,ID
5768,Orofino,ID
5769,Osburn,ID
5770,Paris,ID
5771,Parker,ID
5772,Parma,ID
5773,Paul,ID
5774,Payette,ID
5775,Peck,ID
5776,Picabo,ID
5777,Pierce,ID
5778,Pinehurst,ID
5779,Pingree,ID
5780,Placerville,ID
5781,Plummer,ID
5782,Pocatello,ID
5783,Pollock,ID
5784,Ponderay,ID
5785,Post Falls,ID
5786,Potlatch,ID
5787,Preston,ID
5788,Priest River,ID
5789,Princeton,ID
5790,Rathdrum,ID
5791,Reubens,ID
5792,Rexburg,ID
5793,Richfield,ID
5794,Rigby,ID
5795,Riggins,ID
5796,Ririe,ID
5797,Roberts,ID
5798,Rockland,ID
5799,Rogerson,ID
5800,Rupert,ID
5801,Sagle,ID
5802,Saint Anthony,ID
5803,Saint Charles,ID
5804,Saint Maries,ID
5805,Salmon,ID
5806,Sandpoint,ID
5807,Santa,ID
5808,Shelley,ID
5809,Shoshone,ID
5810,Shoup,ID
5811,Silverton,ID
5812,Smelterville,ID
5813,Soda Springs,ID
5814,Spencer,ID
5815,Spirit Lake,ID
5816,Springfield,ID
5817,Stanley,ID
5818,Star,ID
5819,Stites,ID
5820,Sugar City,ID
5821,Sun Valley,ID
5822,Swan Lake,ID
5823,Swan Valley,ID
5824,Sweet,ID
5825,Tendoy,ID
5826,Tensed,ID
5827,Terreton,ID
5828,Teton,ID
5829,Tetonia,ID
5830,Thatcher,ID
5831,Troy,ID
5832,Twin Falls,ID
5833,Ucon,ID
5834,Victor,ID
5835,Viola,ID
5836,Wallace,ID
5837,Wayan,ID
5838,Weippe,ID
5839,Weiser,ID
5840,Wendell,ID
5841,Weston,ID
5842,White Bird,ID
5843,Wilder,ID
5844,Winchester,ID
5845,Worley,ID
5846,Yellow Pine,ID
5847,Abingdon,IL
5848,Adair,IL
5849,Addieville,IL
5850,Addison,IL
5851,Albany,IL
5852,Albers,IL
5853,Albion,IL
5854,Aledo,IL
5855,Alexander,IL
5856,Alexis,IL
5857,Algonquin,IL
5858,Alhambra,IL
5859,Allendale,IL
5860,Allerton,IL
5861,Alma,IL
5862,Alpha,IL
5863,Alsey,IL
5864,Alsip,IL
5865,Altamont,IL
5866,Alto Pass,IL
5867,Alton,IL
5868,Altona,IL
5869,Alvin,IL
5870,Amboy,IL
5871,Anchor,IL
5872,Ancona,IL
5873,Andalusia,IL
5874,Andover,IL
5875,Anna,IL
5876,Annapolis,IL
5877,Annawan,IL
5878,Antioch,IL
5879,Apple River,IL
5880,Arcola,IL
5881,Arenzville,IL
5882,Argenta,IL
5883,Arlington,IL
5884,Arlington Heights,IL
5885,Armington,IL
5886,Armstrong,IL
5887,Aroma Park,IL
5888,Arrowsmith,IL
5889,Arthur,IL
5890,Ashkum,IL
5891,Ashland,IL
5892,Ashley,IL
5893,Ashmore,IL
5894,Ashton,IL
5895,Assumption,IL
5896,Astoria,IL
5897,Athens,IL
5898,Atkinson,IL
5899,Atlanta,IL
5900,Atwood,IL
5901,Auburn,IL
5902,Augusta,IL
5903,Aurora,IL
5904,Ava,IL
5905,Aviston,IL
5906,Avon,IL
5907,Baileyville,IL
5908,Baldwin,IL
5909,Bardolph,IL
5910,Barnhill,IL
5911,Barrington,IL
5912,Barry,IL
5913,Barstow,IL
5914,Bartelso,IL
5915,Bartlett,IL
5916,Basco,IL
5917,Batavia,IL
5918,Batchtown,IL
5919,Bath,IL
5920,Baylis,IL
5921,Beardstown,IL
5922,Beason,IL
5923,Beaverville,IL
5924,Beckemeyer,IL
5925,Beecher,IL
5926,Beecher City,IL
5927,Belknap,IL
5928,Belle Rive,IL
5929,Belleville,IL
5930,Bellflower,IL
5931,Bellmont,IL
5932,Bellwood,IL
5933,Belvidere,IL
5934,Bement,IL
5935,Benld,IL
5936,Bensenville,IL
5937,Benson,IL
5938,Benton,IL
5939,Berkeley,IL
5940,Berwick,IL
5941,Berwyn,IL
5942,Bethalto,IL
5943,Bethany,IL
5944,Big Rock,IL
5945,Biggsville,IL
5946,Bingham,IL
5947,Bishop Hill,IL
5948,Bismarck,IL
5949,Blackstone,IL
5950,Blandinsville,IL
5951,Bloomingdale,IL
5952,Bloomington,IL
5953,Blue Island,IL
5954,Blue Mound,IL
5955,Bluff Springs,IL
5956,Bluffs,IL
5957,Bluford,IL
5958,Bolingbrook,IL
5959,Bondville,IL
5960,Bone Gap,IL
5961,Bonfield,IL
5962,Bonnie,IL
5963,Boody,IL
5964,Bourbonnais,IL
5965,Bowen,IL
5966,Braceville,IL
5967,Bradford,IL
5968,Bradley,IL
5969,Braidwood,IL
5970,Breese,IL
5971,Bridgeport,IL
5972,Bridgeview,IL
5973,Brighton,IL
5974,Brimfield,IL
5975,Bristol,IL
5976,Broadlands,IL
5977,Broadview,IL
5978,Brocton,IL
5979,Brookfield,IL
5980,Brookport,IL
5981,Broughton,IL
5982,Browning,IL
5983,Browns,IL
5984,Brownstown,IL
5985,Brussels,IL
5986,Bryant,IL
5987,Buckingham,IL
5988,Buckley,IL
5989,Buckner,IL
5990,Buda,IL
5991,Buffalo,IL
5992,Buffalo Grove,IL
5993,Buffalo Prairie,IL
5994,Bulpitt,IL
5995,Buncombe,IL
5996,Bunker Hill,IL
5997,Burbank,IL
5998,Bureau,IL
5999,Burlington,IL
6000,Burnt Prairie,IL
6001,Bushnell,IL
6002,Butler,IL
6003,Byron,IL
6004,Cabery,IL
6005,Cairo,IL
6006,Caledonia,IL
6007,Calhoun,IL
6008,Calumet City,IL
6009,Camargo,IL
6010,Cambria,IL
6011,Cambridge,IL
6012,Camden,IL
6013,Cameron,IL
6014,Camp Grove,IL
6015,Camp Point,IL
6016,Campbell Hill,IL
6017,Campus,IL
6018,Canton,IL
6019,Cantrall,IL
6020,Capron,IL
6021,Carbon Cliff,IL
6022,Carbondale,IL
6023,Carlinville,IL
6024,Carlock,IL
6025,Carlyle,IL
6026,Carman,IL
6027,Carmi,IL
6028,Carol Stream,IL
6029,Carpentersville,IL
6030,Carrier Mills,IL
6031,Carrollton,IL
6032,Carterville,IL
6033,Carthage,IL
6034,Cary,IL
6035,Casey,IL
6036,Caseyville,IL
6037,Castleton,IL
6038,Catlin,IL
6039,Cave In Rock,IL
6040,Cedar Point,IL
6041,Cedarville,IL
6042,Centralia,IL
6043,Cerro Gordo,IL
6044,Chadwick,IL
6045,Chambersburg,IL
6046,Champaign,IL
6047,Chana,IL
6048,Chandlerville,IL
6049,Channahon,IL
6050,Chapin,IL
6051,Charleston,IL
6052,Chatham,IL
6053,Chatsworth,IL
6054,Chebanse,IL
6055,Chenoa,IL
6056,Cherry,IL
6057,Cherry Valley,IL
6058,Chester,IL
6059,Chesterfield,IL
6060,Chestnut,IL
6061,Chicago,IL
6062,Chicago Heights,IL
6063,Chicago Ridge,IL
6064,Chillicothe,IL
6065,Chrisman,IL
6066,Christopher,IL
6067,Cicero,IL
6068,Cisco,IL
6069,Cisne,IL
6070,Cissna Park,IL
6071,Clare,IL
6072,Claremont,IL
6073,Clarendon Hills,IL
6074,Clay City,IL
6075,Clayton,IL
6076,Claytonville,IL
6077,Clifton,IL
6078,Clinton,IL
6079,Coal City,IL
6080,Coal Valley,IL
6081,Coatsburg,IL
6082,Cobden,IL
6083,Coello,IL
6084,Coffeen,IL
6085,Colchester,IL
6086,Colfax,IL
6087,Collinsville,IL
6088,Collison,IL
6089,Colona,IL
6090,Colp,IL
6091,Columbia,IL
6092,Compton,IL
6093,Concord,IL
6094,Congerville,IL
6095,Cooksville,IL
6096,Cordova,IL
6097,Cornell,IL
6098,Cornland,IL
6099,Cortland,IL
6100,Cottage Hills,IL
6101,Coulterville,IL
6102,Country Club Hills,IL
6103,Cowden,IL
6104,Creal Springs,IL
6105,Crescent City,IL
6106,Crest Hill,IL
6107,Creston,IL
6108,Crestwood,IL
6109,Crete,IL
6110,Creve Coeur,IL
6111,Cropsey,IL
6112,Crossville,IL
6113,Crystal Lake,IL
6114,Cuba,IL
6115,Cullom,IL
6116,Cutler,IL
6117,Cypress,IL
6118,Dahinda,IL
6119,Dahlgren,IL
6120,Dakota,IL
6121,Dale,IL
6122,Dallas City,IL
6123,Dalton City,IL
6124,Dalzell,IL
6125,Dana,IL
6126,Danforth,IL
6127,Danvers,IL
6128,Danville,IL
6129,Darien,IL
6130,Davis,IL
6131,Davis Junction,IL
6132,Dawson,IL
6133,De Land,IL
6134,De Soto,IL
6135,Decatur,IL
6136,Deer Creek,IL
6137,Deer Grove,IL
6138,Deerfield,IL
6139,Dekalb,IL
6140,Delavan,IL
6141,Dennison,IL
6142,Depue,IL
6143,Des Plaines,IL
6144,Dewey,IL
6145,Dewitt,IL
6146,Dieterich,IL
6147,Divernon,IL
6148,Dix,IL
6149,Dixon,IL
6150,Dolton,IL
6151,Dongola,IL
6152,Donnellson,IL
6153,Donovan,IL
6154,Dorsey,IL
6155,Dover,IL
6156,Dow,IL
6157,Dowell,IL
6158,Downers Grove,IL
6159,Downs,IL
6160,Du Bois,IL
6161,Du Quoin,IL
6162,Dundas,IL
6163,Dundee,IL
6164,Dunfermline,IL
6165,Dunlap,IL
6166,Dupo,IL
6167,Durand,IL
6168,Dwight,IL
6169,Eagarville,IL
6170,Earlville,IL
6171,East Alton,IL
6172,East Carondelet,IL
6173,East Dubuque,IL
6174,East Galesburg,IL
6175,East Lynn,IL
6176,East Moline,IL
6177,East Peoria,IL
6178,East Saint Louis,IL
6179,Easton,IL
6180,Eddyville,IL
6181,Edelstein,IL
6182,Edgewood,IL
6183,Edinburg,IL
6184,Edwards,IL
6185,Edwardsville,IL
6186,Effingham,IL
6187,El Paso,IL
6188,Elburn,IL
6189,Eldena,IL
6190,Eldorado,IL
6191,Eldred,IL
6192,Eleroy,IL
6193,Elgin,IL
6194,Elizabeth,IL
6195,Elizabethtown,IL
6196,Elk Grove Village,IL
6197,Elkhart,IL
6198,Elkville,IL
6199,Ellery,IL
6200,Elliott,IL
6201,Ellis Grove,IL
6202,Ellisville,IL
6203,Ellsworth,IL
6204,Elmhurst,IL
6205,Elmwood,IL
6206,Elmwood Park,IL
6207,Elsah,IL
6208,Elvaston,IL
6209,Elwin,IL
6210,Elwood,IL
6211,Emden,IL
6212,Emington,IL
6213,Energy,IL
6214,Enfield,IL
6215,Eola,IL
6216,Equality,IL
6217,Erie,IL
6218,Esmond,IL
6219,Essex,IL
6220,Eureka,IL
6221,Evanston,IL
6222,Evansville,IL
6223,Evergreen Park,IL
6224,Ewing,IL
6225,Fairbury,IL
6226,Fairfield,IL
6227,Fairmount,IL
6228,Fairview,IL
6229,Fairview Heights,IL
6230,Farina,IL
6231,Farmer City,IL
6232,Farmersville,IL
6233,Farmington,IL
6234,Fenton,IL
6235,Ferris,IL
6236,Fiatt,IL
6237,Fidelity,IL
6238,Fieldon,IL
6239,Fillmore,IL
6240,Findlay,IL
6241,Fisher,IL
6242,Fithian,IL
6243,Flanagan,IL
6244,Flat Rock,IL
6245,Flora,IL
6246,Flossmoor,IL
6247,Foosland,IL
6248,Forest City,IL
6249,Forest Park,IL
6250,Forrest,IL
6251,Forreston,IL
6252,Forsyth,IL
6253,Fowler,IL
6254,Fox Lake,IL
6255,Fox River Grove,IL
6256,Frankfort,IL
6257,Franklin,IL
6258,Franklin Grove,IL
6259,Franklin Park,IL
6260,Frederick,IL
6261,Freeburg,IL
6262,Freeman Spur,IL
6263,Freeport,IL
6264,Fulton,IL
6265,Fults,IL
6266,Galatia,IL
6267,Galena,IL
6268,Galesburg,IL
6269,Galt,IL
6270,Galva,IL
6271,Garden Prairie,IL
6272,Gardner,IL
6273,Gays,IL
6274,Geff,IL
6275,Geneseo,IL
6276,Geneva,IL
6277,Genoa,IL
6278,Georgetown,IL
6279,Gerlaw,IL
6280,German Valley,IL
6281,Germantown,IL
6282,Gibson City,IL
6283,Gifford,IL
6284,Gilberts,IL
6285,Gillespie,IL
6286,Gilman,IL
6287,Gilson,IL
6288,Girard,IL
6289,Gladstone,IL
6290,Glasford,IL
6291,Glen Carbon,IL
6292,Glen Ellyn,IL
6293,Glenarm,IL
6294,Glencoe,IL
6295,Glendale Heights,IL
6296,Glenview,IL
6297,Glenwood,IL
6298,Godfrey,IL
6299,Golconda,IL
6300,Golden,IL
6301,Golden Eagle,IL
6302,Golden Gate,IL
6303,Golf,IL
6304,Good Hope,IL
6305,Goodfield,IL
6306,Goodwine,IL
6307,Goreville,IL
6308,Gorham,IL
6309,Grafton,IL
6310,Grand Chain,IL
6311,Grand Ridge,IL
6312,Grand Tower,IL
6313,Granite City,IL
6314,Grant Park,IL
6315,Grantsburg,IL
6316,Granville,IL
6317,Graymont,IL
6318,Grayslake,IL
6319,Grayville,IL
6320,Great Lakes,IL
6321,Green Valley,IL
6322,Greenfield,IL
6323,Greenup,IL
6324,Greenview,IL
6325,Greenville,IL
6326,Gridley,IL
6327,Griggsville,IL
6328,Groveland,IL
6329,Gurnee,IL
6330,Hamburg,IL
6331,Hamel,IL
6332,Hamilton,IL
6333,Hammond,IL
6334,Hampshire,IL
6335,Hampton,IL
6336,Hanna City,IL
6337,Hanover,IL
6338,Hanover Park,IL
6339,Hardin,IL
6340,Harmon,IL
6341,Harrisburg,IL
6342,Harristown,IL
6343,Hartford,IL
6344,Hartsburg,IL
6345,Harvard,IL
6346,Harvel,IL
6347,Harvey,IL
6348,Harwood Heights,IL
6349,Havana,IL
6350,Hazel Crest,IL
6351,Hebron,IL
6352,Hecker,IL
6353,Henderson,IL
6354,Hennepin,IL
6355,Henning,IL
6356,Henry,IL
6357,Herod,IL
6358,Herrick,IL
6359,Herrin,IL
6360,Herscher,IL
6361,Hettick,IL
6362,Heyworth,IL
6363,Hickory Hills,IL
6364,Hidalgo,IL
6365,Highland,IL
6366,Highland Park,IL
6367,Highwood,IL
6368,Hillsboro,IL
6369,Hillsdale,IL
6370,Hillside,IL
6371,Hillview,IL
6372,Hinckley,IL
6373,Hindsboro,IL
6374,Hines,IL
6375,Hinsdale,IL
6376,Hoffman,IL
6377,Hoffman Estates,IL
6378,Holcomb,IL
6379,Homer,IL
6380,Homer Glen,IL
6381,Hometown,IL
6382,Homewood,IL
6383,Hoopeston,IL
6384,Hooppole,IL
6385,Hopedale,IL
6386,Hoyleton,IL
6387,Hudson,IL
6388,Hull,IL
6389,Humboldt,IL
6390,Hume,IL
6391,Huntley,IL
6392,Huntsville,IL
6393,Hurst,IL
6394,Hutsonville,IL
6395,Illinois City,IL
6396,Illiopolis,IL
6397,Ina,IL
6398,Indianola,IL
6399,Industry,IL
6400,Ingleside,IL
6401,Ingraham,IL
6402,Ipava,IL
6403,Iroquois,IL
6404,Irving,IL
6405,Irvington,IL
6406,Island Lake,IL
6407,Itasca,IL
6408,Iuka,IL
6409,Ivesdale,IL
6410,Jacksonville,IL
6411,Jacob,IL
6412,Jerseyville,IL
6413,Jewett,IL
6414,Johnsonville,IL
6415,Johnston City,IL
6416,Joliet,IL
6417,Jonesboro,IL
6418,Joppa,IL
6419,Joy,IL
6420,Junction,IL
6421,Justice,IL
6422,Kampsville,IL
6423,Kane,IL
6424,Kaneville,IL
6425,Kankakee,IL
6426,Kansas,IL
6427,Karnak,IL
6428,Kasbeer,IL
6429,Keenes,IL
6430,Keensburg,IL
6431,Keithsburg,IL
6432,Kell,IL
6433,Kempton,IL
6434,Kenilworth,IL
6435,Kenney,IL
6436,Kent,IL
6437,Kewanee,IL
6438,Keyesport,IL
6439,Kilbourne,IL
6440,Kincaid,IL
6441,Kinderhook,IL
6442,Kingston,IL
6443,Kingston Mines,IL
6444,Kinmundy,IL
6445,Kinsman,IL
6446,Kirkland,IL
6447,Kirkwood,IL
6448,Knoxville,IL
6449,La Fayette,IL
6450,La Grange,IL
6451,La Grange Park,IL
6452,La Harpe,IL
6453,La Moille,IL
6454,La Place,IL
6455,La Prairie,IL
6456,La Rose,IL
6457,La Salle,IL
6458,Lacon,IL
6459,Ladd,IL
6460,Lake Bluff,IL
6461,Lake Forest,IL
6462,Lake Fork,IL
6463,Lake In The Hills,IL
6464,Lake Villa,IL
6465,Lake Zurich,IL
6466,Lakewood,IL
6467,Lanark,IL
6468,Lane,IL
6469,Lansing,IL
6470,Latham,IL
6471,Laura,IL
6472,Lawndale,IL
6473,Lawrenceville,IL
6474,Le Roy,IL
6475,Leaf River,IL
6476,Lebanon,IL
6477,Lee,IL
6478,Lee Center,IL
6479,Leland,IL
6480,Lemont,IL
6481,Lena,IL
6482,Lenzburg,IL
6483,Leonore,IL
6484,Lerna,IL
6485,Lewistown,IL
6486,Lexington,IL
6487,Liberty,IL
6488,Libertyville,IL
6489,Lima,IL
6490,Lincoln,IL
6491,Lincolnshire,IL
6492,Lincolnwood,IL
6493,Lindenwood,IL
6494,Lisle,IL
6495,Litchfield,IL
6496,Little York,IL
6497,Littleton,IL
6498,Liverpool,IL
6499,Livingston,IL
6500,Loami,IL
6501,Lockport,IL
6502,Loda,IL
6503,Logan,IL
6504,Lomax,IL
6505,Lombard,IL
6506,London Mills,IL
6507,Long Point,IL
6508,Longview,IL
6509,Loraine,IL
6510,Lostant,IL
6511,Louisville,IL
6512,Lovejoy,IL
6513,Loves Park,IL
6514,Lovington,IL
6515,Lowpoint,IL
6516,Ludlow,IL
6517,Lyndon,IL
6518,Lynn Center,IL
6519,Lyons,IL
6520,Macedonia,IL
6521,Machesney Park,IL
6522,Mackinaw,IL
6523,Macomb,IL
6524,Macon,IL
6525,Madison,IL
6526,Maeystown,IL
6527,Magnolia,IL
6528,Mahomet,IL
6529,Makanda,IL
6530,Malden,IL
6531,Malta,IL
6532,Manchester,IL
6533,Manhattan,IL
6534,Manito,IL
6535,Manlius,IL
6536,Mansfield,IL
6537,Manteno,IL
6538,Maple Park,IL
6539,Mapleton,IL
6540,Maquon,IL
6541,Marengo,IL
6542,Marietta,IL
6543,Marine,IL
6544,Marion,IL
6545,Marissa,IL
6546,Mark,IL
6547,Markham,IL
6548,Maroa,IL
6549,Marseilles,IL
6550,Marshall,IL
6551,Martinsville,IL
6552,Martinton,IL
6553,Maryville,IL
6554,Mascoutah,IL
6555,Mason,IL
6556,Mason City,IL
6557,Matherville,IL
6558,Matteson,IL
6559,Mattoon,IL
6560,Maunie,IL
6561,Maywood,IL
6562,Mazon,IL
6563,McClure,IL
6564,McConnell,IL
6565,Mchenry,IL
6566,McLean,IL
6567,McLeansboro,IL
6568,McNabb,IL
6569,Mechanicsburg,IL
6570,Media,IL
6571,Medinah,IL
6572,Medora,IL
6573,Melrose Park,IL
6574,Melvin,IL
6575,Mendon,IL
6576,Mendota,IL
6577,Meredosia,IL
6578,Metamora,IL
6579,Metcalf,IL
6580,Metropolis,IL
6581,Middletown,IL
6582,Midlothian,IL
6583,Milan,IL
6584,Milford,IL
6585,Mill Shoals,IL
6586,Millbrook,IL
6587,Millcreek,IL
6588,Milledgeville,IL
6589,Miller City,IL
6590,Millington,IL
6591,Millstadt,IL
6592,Milmine,IL
6593,Milton,IL
6594,Mineral,IL
6595,Minier,IL
6596,Minonk,IL
6597,Minooka,IL
6598,Mode,IL
6599,Modesto,IL
6600,Modoc,IL
6601,Mokena,IL
6602,Moline,IL
6603,Momence,IL
6604,Monee,IL
6605,Monmouth,IL
6606,Monroe Center,IL
6607,Montgomery,IL
6608,Monticello,IL
6609,Montrose,IL
6610,Mooseheart,IL
6611,Moro,IL
6612,Morris,IL
6613,Morrison,IL
6614,Morrisonville,IL
6615,Morton,IL
6616,Morton Grove,IL
6617,Mossville,IL
6618,Mound City,IL
6619,Mounds,IL
6620,Mount Auburn,IL
6621,Mount Carmel,IL
6622,Mount Carroll,IL
6623,Mount Erie,IL
6624,Mount Morris,IL
6625,Mount Olive,IL
6626,Mount Prospect,IL
6627,Mount Pulaski,IL
6628,Mount Sterling,IL
6629,Mount Vernon,IL
6630,Moweaqua,IL
6631,Mt Zion,IL
6632,Muddy,IL
6633,Mulberry Grove,IL
6634,Mulkeytown,IL
6635,Muncie,IL
6636,Mundelein,IL
6637,Murdock,IL
6638,Murphysboro,IL
6639,Murrayville,IL
6640,Nachusa,IL
6641,Naperville,IL
6642,Nashville,IL
6643,Nauvoo,IL
6644,Nebo,IL
6645,Neoga,IL
6646,Neponset,IL
6647,New Athens,IL
6648,New Baden,IL
6649,New Bedford,IL
6650,New Berlin,IL
6651,New Boston,IL
6652,New Burnside,IL
6653,New Canton,IL
6654,New Douglas,IL
6655,New Haven,IL
6656,New Holland,IL
6657,New Lenox,IL
6658,New Memphis,IL
6659,New Salem,IL
6660,New Windsor,IL
6661,Newark,IL
6662,Newman,IL
6663,Newton,IL
6664,Niantic,IL
6665,Niles,IL
6666,Nilwood,IL
6667,Niota,IL
6668,Noble,IL
6669,Nokomis,IL
6670,Nora,IL
6671,Normal,IL
6672,Norris,IL
6673,Norris City,IL
6674,North Aurora,IL
6675,North Chicago,IL
6676,North Henderson,IL
6677,Northbrook,IL
6678,O Fallon,IL
6679,O'Fallon,IL
6680,Oak Brook,IL
6681,Oak Forest,IL
6682,Oak Lawn,IL
6683,Oak Park,IL
6684,Oakdale,IL
6685,Oakford,IL
6686,Oakland,IL
6687,Oakwood,IL
6688,Oblong,IL
6689,Oconee,IL
6690,Odell,IL
6691,Odin,IL
6692,Ogden,IL
6693,Oglesby,IL
6694,Ohio,IL
6695,Ohlman,IL
6696,Okawville,IL
6697,Olive Branch,IL
6698,Olmsted,IL
6699,Olney,IL
6700,Olympia Fields,IL
6701,Omaha,IL
6702,Onarga,IL
6703,Oneida,IL
6704,Opdyke,IL
6705,Ophiem,IL
6706,Oquawka,IL
6707,Orangeville,IL
6708,Oreana,IL
6709,Oregon,IL
6710,Orient,IL
6711,Orion,IL
6712,Orland Park,IL
6713,Osco,IL
6714,Oswego,IL
6715,Ottawa,IL
6716,Owaneco,IL
6717,Ozark,IL
6718,Palatine,IL
6719,Palestine,IL
6720,Palmer,IL
6721,Palmyra,IL
6722,Paloma,IL
6723,Palos Heights,IL
6724,Palos Hills,IL
6725,Palos Park,IL
6726,Pana,IL
6727,Panama,IL
6728,Papineau,IL
6729,Paris,IL
6730,Park Forest,IL
6731,Park Ridge,IL
6732,Parkersburg,IL
6733,Patoka,IL
6734,Patterson,IL
6735,Paw Paw,IL
6736,Pawnee,IL
6737,Paxton,IL
6738,Payson,IL
6739,Pearl,IL
6740,Pearl City,IL
6741,Pecatonica,IL
6742,Pekin,IL
6743,Pembroke Township,IL
6744,Penfield,IL
6745,Peoria,IL
6746,Peoria Heights,IL
6747,Peotone,IL
6748,Percy,IL
6749,Perry,IL
6750,Peru,IL
6751,Pesotum,IL
6752,Petersburg,IL
6753,Philo,IL
6754,Piasa,IL
6755,Pierron,IL
6756,Pinckneyville,IL
6757,Pingree Grove,IL
6758,Piper City,IL
6759,Pittsburg,IL
6760,Pittsfield,IL
6761,Plainfield,IL
6762,Plainville,IL
6763,Plano,IL
6764,Pleasant Hill,IL
6765,Pleasant Plains,IL
6766,Plymouth,IL
6767,Pocahontas,IL
6768,Polo,IL
6769,Pomona,IL
6770,Pontiac,IL
6771,Poplar Grove,IL
6772,Port Byron,IL
6773,Posen,IL
6774,Potomac,IL
6775,Prairie City,IL
6776,Prairie Du Rocher,IL
6777,Preemption,IL
6778,Princeton,IL
6779,Princeville,IL
6780,Prophetstown,IL
6781,Prospect Heights,IL
6782,Pulaski,IL
6783,Putnam,IL
6784,Quincy,IL
6785,Radom,IL
6786,Raleigh,IL
6787,Ramsey,IL
6788,Rankin,IL
6789,Ransom,IL
6790,Rantoul,IL
6791,Rapids City,IL
6792,Raritan,IL
6793,Raymond,IL
6794,Red Bud,IL
6795,Reddick,IL
6796,Redmon,IL
6797,Renault,IL
6798,Reynolds,IL
6799,Richmond,IL
6800,Richton Park,IL
6801,Richview,IL
6802,Ridge Farm,IL
6803,Ridgway,IL
6804,Ridott,IL
6805,Rinard,IL
6806,Ringwood,IL
6807,Rio,IL
6808,River Forest,IL
6809,River Grove,IL
6810,Riverdale,IL
6811,Riverside,IL
6812,Riverton,IL
6813,Roanoke,IL
6814,Robbins,IL
6815,Roberts,IL
6816,Robinson,IL
6817,Rochelle,IL
6818,Rochester,IL
6819,Rock City,IL
6820,Rock Falls,IL
6821,Rock Island,IL
6822,Rockbridge,IL
6823,Rockford,IL
6824,Rockport,IL
6825,Rockton,IL
6826,Rockwood,IL
6827,Rolling Meadows,IL
6828,Rome,IL
6829,Romeoville,IL
6830,Roodhouse,IL
6831,Rosamond,IL
6832,Roscoe,IL
6833,Roselle,IL
6834,Roseville,IL
6835,Rosiclare,IL
6836,Rossville,IL
6837,Round Lake,IL
6838,Roxana,IL
6839,Royal,IL
6840,Royalton,IL
6841,Rushville,IL
6842,Russell,IL
6843,Rutland,IL
6844,Sadorus,IL
6845,Sailor Springs,IL
6846,Saint Anne,IL
6847,Saint Augustine,IL
6848,Saint Charles,IL
6849,Saint David,IL
6850,Saint Elmo,IL
6851,Saint Francisville,IL
6852,Saint Jacob,IL
6853,Saint Joseph,IL
6854,Saint Libory,IL
6855,Saint Peter,IL
6856,Sainte Marie,IL
6857,Salem,IL
6858,San Jose,IL
6859,Sandoval,IL
6860,Sandwich,IL
6861,Saunemin,IL
6862,Savanna,IL
6863,Savoy,IL
6864,Sawyerville,IL
6865,Saybrook,IL
6866,Scales Mound,IL
6867,Schaumburg,IL
6868,Scheller,IL
6869,Schiller Park,IL
6870,Sciota,IL
6871,Scott Air Force Base,IL
6872,Seaton,IL
6873,Seatonville,IL
6874,Secor,IL
6875,Seneca,IL
6876,Serena,IL
6877,Sesser,IL
6878,Seward,IL
6879,Seymour,IL
6880,Shabbona,IL
6881,Shannon,IL
6882,Shawneetown,IL
6883,Sheffield,IL
6884,Shelbyville,IL
6885,Sheldon,IL
6886,Sheridan,IL
6887,Sherman,IL
6888,Sherrard,IL
6889,Shipman,IL
6890,Shirland,IL
6891,Shirley,IL
6892,Shobonier,IL
6893,Shorewood,IL
6894,Shumway,IL
6895,Sibley,IL
6896,Sidell,IL
6897,Sidney,IL
6898,Sigel,IL
6899,Silvis,IL
6900,Simpson,IL
6901,Sims,IL
6902,Skokie,IL
6903,Smithboro,IL
6904,Smithfield,IL
6905,Smithshire,IL
6906,Smithton,IL
6907,Somonauk,IL
6908,Sorento,IL
6909,South Beloit,IL
6910,South Elgin,IL
6911,South Holland,IL
6912,South Pekin,IL
6913,South Roxana,IL
6914,South Wilmington,IL
6915,Sparland,IL
6916,Sparta,IL
6917,Speer,IL
6918,Spring Grove,IL
6919,Spring Valley,IL
6920,Springerton,IL
6921,Springfield,IL
6922,Standard,IL
6923,Stanford,IL
6924,Staunton,IL
6925,Steeleville,IL
6926,Steger,IL
6927,Sterling,IL
6928,Steward,IL
6929,Stewardson,IL
6930,Stillman Valley,IL
6931,Stockland,IL
6932,Stockton,IL
6933,Stone Park,IL
6934,Stonefort,IL
6935,Stonington,IL
6936,Stoy,IL
6937,Strasburg,IL
6938,Strawn,IL
6939,Streamwood,IL
6940,Streator,IL
6941,Stronghurst,IL
6942,Sublette,IL
6943,Sugar Grove,IL
6944,Sullivan,IL
6945,Summerfield,IL
6946,Summit,IL
6947,Summit Argo,IL
6948,Sumner,IL
6949,Sutter,IL
6950,Sycamore,IL
6951,Table Grove,IL
6952,Tallula,IL
6953,Tamaroa,IL
6954,Tamms,IL
6955,Tampico,IL
6956,Taylor Ridge,IL
6957,Taylor Springs,IL
6958,Taylorville,IL
6959,Tennessee,IL
6960,Teutopolis,IL
6961,Texico,IL
6962,Thawville,IL
6963,Thayer,IL
6964,Thebes,IL
6965,Thomasboro,IL
6966,Thompsonville,IL
6967,Thomson,IL
6968,Thornton,IL
6969,Tilden,IL
6970,Tilton,IL
6971,Timewell,IL
6972,Tinley Park,IL
6973,Tiskilwa,IL
6974,Toledo,IL
6975,Tolono,IL
6976,Toluca,IL
6977,Tonica,IL
6978,Topeka,IL
6979,Toulon,IL
6980,Tovey,IL
6981,Towanda,IL
6982,Tower Hill,IL
6983,Tremont,IL
6984,Trenton,IL
6985,Trilla,IL
6986,Triumph,IL
6987,Trivoli,IL
6988,Troy,IL
6989,Troy Grove,IL
6990,Tuscola,IL
6991,Ullin,IL
6992,Union,IL
6993,Union Hill,IL
6994,University Park,IL
6995,Urbana,IL
6996,Ursa,IL
6997,Utica,IL
6998,Valier,IL
6999,Valmeyer,IL
7000,Van Orin,IL
7001,Vandalia,IL
7002,Varna,IL
7003,Venice,IL
7004,Vergennes,IL
7005,Vermilion,IL
7006,Vermont,IL
7007,Vernon,IL
7008,Vernon Hills,IL
7009,Verona,IL
7010,Versailles,IL
7011,Victoria,IL
7012,Vienna,IL
7013,Villa Grove,IL
7014,Villa Park,IL
7015,Villa Ridge,IL
7016,Viola,IL
7017,Virden,IL
7018,Virginia,IL
7019,Wadsworth,IL
7020,Waggoner,IL
7021,Walnut,IL
7022,Walnut Hill,IL
7023,Walsh,IL
7024,Walshville,IL
7025,Waltonville,IL
7026,Wapella,IL
7027,Warren,IL
7028,Warrensburg,IL
7029,Warrenville,IL
7030,Warsaw,IL
7031,Wasco,IL
7032,Washburn,IL
7033,Washington,IL
7034,Wataga,IL
7035,Waterloo,IL
7036,Waterman,IL
7037,Watseka,IL
7038,Watson,IL
7039,Wauconda,IL
7040,Waukegan,IL
7041,Waverly,IL
7042,Wayne,IL
7043,Wayne City,IL
7044,Waynesville,IL
7045,Wedron,IL
7046,Weldon,IL
7047,Wellington,IL
7048,Wenona,IL
7049,West Brooklyn,IL
7050,West Chicago,IL
7051,West Frankfort,IL
7052,West Liberty,IL
7053,West Point,IL
7054,West Salem,IL
7055,West Union,IL
7056,West York,IL
7057,Westchester,IL
7058,Western Springs,IL
7059,Westfield,IL
7060,Westmont,IL
7061,Westville,IL
7062,Wheaton,IL
7063,Wheeler,IL
7064,Wheeling,IL
7065,White Hall,IL
7066,White Heath,IL
7067,Whittington,IL
7068,Williamsfield,IL
7069,Williamsville,IL
7070,Willisville,IL
7071,Willow Hill,IL
7072,Willow Springs,IL
7073,Willowbrook,IL
7074,Wilmette,IL
7075,Wilmington,IL
7076,Wilsonville,IL
7077,Winchester,IL
7078,Windsor,IL
7079,Winfield,IL
7080,Winnebago,IL
7081,Winnetka,IL
7082,Winslow,IL
7083,Winthrop Harbor,IL
7084,Witt,IL
7085,Wolf Lake,IL
7086,Wonder Lake,IL
7087,Wood Dale,IL
7088,Wood River,IL
7089,Woodhull,IL
7090,Woodland,IL
7091,Woodlawn,IL
7092,Woodridge,IL
7093,Woodson,IL
7094,Woodstock,IL
7095,Woosung,IL
7096,Worden,IL
7097,Worth,IL
7098,Wrights,IL
7099,Wyanet,IL
7100,Wyoming,IL
7101,Xenia,IL
7102,Yale,IL
7103,Yates City,IL
7104,Yorkville,IL
7105,Zeigler,IL
7106,Zion,IL
7107,Advance,IN
7108,Akron,IN
7109,Alamo,IN
7110,Albany,IN
7111,Albion,IN
7112,Alexandria,IN
7113,Ambia,IN
7114,Amboy,IN
7115,Amo,IN
7116,Anderson,IN
7117,Andrews,IN
7118,Angola,IN
7119,Arcadia,IN
7120,Arcola,IN
7121,Argos,IN
7122,Arlington,IN
7123,Ashley,IN
7124,Atlanta,IN
7125,Attica,IN
7126,Atwood,IN
7127,Auburn,IN
7128,Aurora,IN
7129,Austin,IN
7130,Avilla,IN
7131,Avoca,IN
7132,Avon,IN
7133,Bainbridge,IN
7134,Bargersville,IN
7135,Batesville,IN
7136,Bath,IN
7137,Battle Ground,IN
7138,Bedford,IN
7139,Beech Grove,IN
7140,Bennington,IN
7141,Berne,IN
7142,Bethlehem,IN
7143,Beverly Shores,IN
7144,Bicknell,IN
7145,Birdseye,IN
7146,Blanford,IN
7147,Bloomfield,IN
7148,Bloomingdale,IN
7149,Bloomington,IN
7150,Bluffton,IN
7151,Boggstown,IN
7152,Boone Grove,IN
7153,Boonville,IN
7154,Borden,IN
7155,Boston,IN
7156,Boswell,IN
7157,Bourbon,IN
7158,Bowling Green,IN
7159,Branchville,IN
7160,Brazil,IN
7161,Bremen,IN
7162,Bridgeton,IN
7163,Bringhurst,IN
7164,Bristol,IN
7165,Bristow,IN
7166,Brook,IN
7167,Brooklyn,IN
7168,Brookston,IN
7169,Brookville,IN
7170,Brownsburg,IN
7171,Brownstown,IN
7172,Brownsville,IN
7173,Bruceville,IN
7174,Bryant,IN
7175,Buck Creek,IN
7176,Buffalo,IN
7177,Bunker Hill,IN
7178,Burket,IN
7179,Burlington,IN
7180,Burnettsville,IN
7181,Butler,IN
7182,Butlerville,IN
7183,Cambridge City,IN
7184,Camby,IN
7185,Camden,IN
7186,Campbellsburg,IN
7187,Canaan,IN
7188,Cannelburg,IN
7189,Cannelton,IN
7190,Carbon,IN
7191,Carlisle,IN
7192,Carmel,IN
7193,Carthage,IN
7194,Cayuga,IN
7195,Cedar Grove,IN
7196,Cedar Lake,IN
7197,Celestine,IN
7198,Centerpoint,IN
7199,Centerville,IN
7200,Central,IN
7201,Chalmers,IN
7202,Chandler,IN
7203,Charlestown,IN
7204,Charlottesville,IN
7205,Chesterton,IN
7206,Chrisney,IN
7207,Churubusco,IN
7208,Cicero,IN
7209,Clarks Hill,IN
7210,Clarksburg,IN
7211,Clarksville,IN
7212,Clay City,IN
7213,Claypool,IN
7214,Clayton,IN
7215,Clifford,IN
7216,Clinton,IN
7217,Cloverdale,IN
7218,Coal City,IN
7219,Coalmont,IN
7220,Coatesville,IN
7221,Colfax,IN
7222,Columbia City,IN
7223,Columbus,IN
7224,Commiskey,IN
7225,Connersville,IN
7226,Converse,IN
7227,Corunna,IN
7228,Cory,IN
7229,Corydon,IN
7230,Covington,IN
7231,Craigville,IN
7232,Crandall,IN
7233,Crane,IN
7234,Crawfordsville,IN
7235,Cromwell,IN
7236,Cross Plains,IN
7237,Crothersville,IN
7238,Crown Point,IN
7239,Culver,IN
7240,Cutler,IN
7241,Cynthiana,IN
7242,Dale,IN
7243,Daleville,IN
7244,Dana,IN
7245,Danville,IN
7246,Darlington,IN
7247,Dayton,IN
7248,Decatur,IN
7249,Decker,IN
7250,Delong,IN
7251,Delphi,IN
7252,Demotte,IN
7253,Denver,IN
7254,Depauw,IN
7255,Deputy,IN
7256,Derby,IN
7257,Dillsboro,IN
7258,Donaldson,IN
7259,Dublin,IN
7260,Dubois,IN
7261,Dugger,IN
7262,Dunkirk,IN
7263,Dunreith,IN
7264,Dupont,IN
7265,Dyer,IN
7266,Earl Park,IN
7267,East Chicago,IN
7268,Eaton,IN
7269,Eckerty,IN
7270,Economy,IN
7271,Edinburgh,IN
7272,Edwardsport,IN
7273,Elberfeld,IN
7274,Elizabeth,IN
7275,Elizabethtown,IN
7276,Elkhart,IN
7277,Ellettsville,IN
7278,Elnora,IN
7279,Elwood,IN
7280,Eminence,IN
7281,English,IN
7282,Etna Green,IN
7283,Evanston,IN
7284,Evansville,IN
7285,Fair Oaks,IN
7286,Fairbanks,IN
7287,Fairland,IN
7288,Fairmount,IN
7289,Falmouth,IN
7290,Farmersburg,IN
7291,Farmland,IN
7292,Ferdinand,IN
7293,Fillmore,IN
7294,Fishers,IN
7295,Flat Rock,IN
7296,Flora,IN
7297,Florence,IN
7298,Floyds Knobs,IN
7299,Fontanet,IN
7300,Forest,IN
7301,Fort Branch,IN
7302,Fort Wayne,IN
7303,Fortville,IN
7304,Fountain City,IN
7305,Fountaintown,IN
7306,Fowler,IN
7307,Fowlerton,IN
7308,Francesville,IN
7309,Francisco,IN
7310,Frankfort,IN
7311,Franklin,IN
7312,Frankton,IN
7313,Fredericksburg,IN
7314,Freedom,IN
7315,Freelandville,IN
7316,Freetown,IN
7317,Fremont,IN
7318,French Lick,IN
7319,Friendship,IN
7320,Fulton,IN
7321,Galveston,IN
7322,Garrett,IN
7323,Gary,IN
7324,Gas City,IN
7325,Gaston,IN
7326,Geneva,IN
7327,Gentryville,IN
7328,Georgetown,IN
7329,Glenwood,IN
7330,Goldsmith,IN
7331,Goodland,IN
7332,Goshen,IN
7333,Gosport,IN
7334,Grabill,IN
7335,Grammer,IN
7336,Grandview,IN
7337,Granger,IN
7338,Grantsburg,IN
7339,Greencastle,IN
7340,Greenfield,IN
7341,Greens Fork,IN
7342,Greensboro,IN
7343,Greensburg,IN
7344,Greentown,IN
7345,Greenville,IN
7346,Greenwood,IN
7347,Griffin,IN
7348,Griffith,IN
7349,Grissom Arb,IN
7350,Grovertown,IN
7351,Guilford,IN
7352,Gwynneville,IN
7353,Hagerstown,IN
7354,Hamilton,IN
7355,Hamlet,IN
7356,Hammond,IN
7357,Hanna,IN
7358,Hanover,IN
7359,Hardinsburg,IN
7360,Harlan,IN
7361,Harmony,IN
7362,Harrodsburg,IN
7363,Hartford City,IN
7364,Hartsville,IN
7365,Haubstadt,IN
7366,Hazleton,IN
7367,Hebron,IN
7368,Helmsburg,IN
7369,Heltonville,IN
7370,Hemlock,IN
7371,Henryville,IN
7372,Highland,IN
7373,Hillsboro,IN
7374,Hillsdale,IN
7375,Hoagland,IN
7376,Hobart,IN
7377,Hobbs,IN
7378,Holland,IN
7379,Holton,IN
7380,Homer,IN
7381,Hope,IN
7382,Howe,IN
7383,Hudson,IN
7384,Huntertown,IN
7385,Huntingburg,IN
7386,Huntington,IN
7387,Huron,IN
7388,Hymera,IN
7389,Idaville,IN
7390,Indianapolis,IN
7391,Ingalls,IN
7392,Jamestown,IN
7393,Jasonville,IN
7394,Jasper,IN
7395,Jeffersonville,IN
7396,Jonesboro,IN
7397,Jonesville,IN
7398,Kempton,IN
7399,Kendallville,IN
7400,Kennard,IN
7401,Kentland,IN
7402,Kewanna,IN
7403,Keystone,IN
7404,Kimmell,IN
7405,Kingman,IN
7406,Kingsbury,IN
7407,Kingsford Heights,IN
7408,Kirklin,IN
7409,Knightstown,IN
7410,Knightsville,IN
7411,Knox,IN
7412,Kokomo,IN
7413,Kouts,IN
7414,La Crosse,IN
7415,La Fontaine,IN
7416,La Porte,IN
7417,Laconia,IN
7418,Ladoga,IN
7419,Lafayette,IN
7420,Lagrange,IN
7421,Lagro,IN
7422,Lake Station,IN
7423,Lake Village,IN
7424,Laketon,IN
7425,Lakeville,IN
7426,Lamar,IN
7427,Lanesville,IN
7428,Laotto,IN
7429,Lapaz,IN
7430,Lapel,IN
7431,Larwill,IN
7432,Laurel,IN
7433,Lawrenceburg,IN
7434,Leavenworth,IN
7435,Lebanon,IN
7436,Leesburg,IN
7437,Leiters Ford,IN
7438,Leo,IN
7439,Leopold,IN
7440,Lewis,IN
7441,Lewisville,IN
7442,Lexington,IN
7443,Liberty,IN
7444,Liberty Center,IN
7445,Liberty Mills,IN
7446,Ligonier,IN
7447,Lincoln City,IN
7448,Linden,IN
7449,Linton,IN
7450,Lizton,IN
7451,Logansport,IN
7452,Loogootee,IN
7453,Losantville,IN
7454,Lowell,IN
7455,Lucerne,IN
7456,Lynn,IN
7457,Lynnville,IN
7458,Lyons,IN
7459,Mackey,IN
7460,Macy,IN
7461,Madison,IN
7462,Manilla,IN
7463,Marengo,IN
7464,Marion,IN
7465,Markle,IN
7466,Markleville,IN
7467,Marshall,IN
7468,Martinsville,IN
7469,Marysville,IN
7470,Matthews,IN
7471,Mauckport,IN
7472,Maxwell,IN
7473,Mays,IN
7474,Mccordsville,IN
7475,Mecca,IN
7476,Medaryville,IN
7477,Medora,IN
7478,Mellott,IN
7479,Memphis,IN
7480,Mentone,IN
7481,Merom,IN
7482,Merrillville,IN
7483,Metamora,IN
7484,Mexico,IN
7485,Miami,IN
7486,Michigan City,IN
7487,Michigantown,IN
7488,Middlebury,IN
7489,Middletown,IN
7490,Midland,IN
7491,Milan,IN
7492,Milford,IN
7493,Mill Creek,IN
7494,Millersburg,IN
7495,Milltown,IN
7496,Milroy,IN
7497,Milton,IN
7498,Mishawaka,IN
7499,Mitchell,IN
7500,Modoc,IN
7501,Mongo,IN
7502,Monon,IN
7503,Monroe,IN
7504,Monroe City,IN
7505,Monroeville,IN
7506,Monrovia,IN
7507,Monterey,IN
7508,Montezuma,IN
7509,Montgomery,IN
7510,Monticello,IN
7511,Montpelier,IN
7512,Mooreland,IN
7513,Moores Hill,IN
7514,Mooresville,IN
7515,Morgantown,IN
7516,Morocco,IN
7517,Morris,IN
7518,Morristown,IN
7519,Mount Ayr,IN
7520,Mount Summit,IN
7521,Mount Vernon,IN
7522,Mulberry,IN
7523,Muncie,IN
7524,Munster,IN
7525,Nabb,IN
7526,Napoleon,IN
7527,Nappanee,IN
7528,Nashville,IN
7529,Needham,IN
7530,New Albany,IN
7531,New Carlisle,IN
7532,New Castle,IN
7533,New Goshen,IN
7534,New Harmony,IN
7535,New Haven,IN
7536,New Lisbon,IN
7537,New Market,IN
7538,New Middletown,IN
7539,New Palestine,IN
7540,New Paris,IN
7541,New Point,IN
7542,New Richmond,IN
7543,New Ross,IN
7544,New Salisbury,IN
7545,New Trenton,IN
7546,New Washington,IN
7547,New Waverly,IN
7548,Newberry,IN
7549,Newburgh,IN
7550,Newport,IN
7551,Newtown,IN
7552,Nineveh,IN
7553,Noblesville,IN
7554,Norman,IN
7555,North Judson,IN
7556,North Liberty,IN
7557,North Manchester,IN
7558,North Salem,IN
7559,North Vernon,IN
7560,North Webster,IN
7561,Notre Dame,IN
7562,Oakford,IN
7563,Oakland City,IN
7564,Oaktown,IN
7565,Oakville,IN
7566,Odon,IN
7567,Oldenburg,IN
7568,Onward,IN
7569,Oolitic,IN
7570,Ora,IN
7571,Orestes,IN
7572,Orland,IN
7573,Orleans,IN
7574,Osceola,IN
7575,Osgood,IN
7576,Ossian,IN
7577,Otisco,IN
7578,Otterbein,IN
7579,Otwell,IN
7580,Owensburg,IN
7581,Owensville,IN
7582,Oxford,IN
7583,Palmyra,IN
7584,Paoli,IN
7585,Paragon,IN
7586,Paris Crossing,IN
7587,Parker City,IN
7588,Patoka,IN
7589,Patricksburg,IN
7590,Patriot,IN
7591,Paxton,IN
7592,Pekin,IN
7593,Pendleton,IN
7594,Pennville,IN
7595,Perrysville,IN
7596,Pershing,IN
7597,Peru,IN
7598,Petersburg,IN
7599,Petroleum,IN
7600,Pierceton,IN
7601,Pimento,IN
7602,Pine Village,IN
7603,Pittsboro,IN
7604,Plainfield,IN
7605,Plainville,IN
7606,Pleasant Lake,IN
7607,Plymouth,IN
7608,Poland,IN
7609,Poneto,IN
7610,Portage,IN
7611,Portland,IN
7612,Poseyville,IN
7613,Prairie Creek,IN
7614,Prairieton,IN
7615,Princeton,IN
7616,Putnamville,IN
7617,Quincy,IN
7618,Ragsdale,IN
7619,Ramsey,IN
7620,Redkey,IN
7621,Reelsville,IN
7622,Remington,IN
7623,Rensselaer,IN
7624,Reynolds,IN
7625,Richland,IN
7626,Richmond,IN
7627,Ridgeville,IN
7628,Riley,IN
7629,Rising Sun,IN
7630,Roachdale,IN
7631,Roann,IN
7632,Roanoke,IN
7633,Rochester,IN
7634,Rockport,IN
7635,Rockville,IN
7636,Rolling Prairie,IN
7637,Rome,IN
7638,Rome City,IN
7639,Romney,IN
7640,Rosedale,IN
7641,Rossville,IN
7642,Royal Center,IN
7643,Rushville,IN
7644,Russellville,IN
7645,Russiaville,IN
7646,Saint Anthony,IN
7647,Saint Bernice,IN
7648,Saint Croix,IN
7649,Saint Joe,IN
7650,Saint John,IN
7651,Saint Mary Of The Woods,IN
7652,Saint Meinrad,IN
7653,Saint Paul,IN
7654,Salamonia,IN
7655,Salem,IN
7656,San Pierre,IN
7657,Sandborn,IN
7658,Santa Claus,IN
7659,Saratoga,IN
7660,Schererville,IN
7661,Schneider,IN
7662,Schnellville,IN
7663,Scipio,IN
7664,Scotland,IN
7665,Scottsburg,IN
7666,Sellersburg,IN
7667,Selma,IN
7668,Servia,IN
7669,Seymour,IN
7670,Sharpsville,IN
7671,Shelburn,IN
7672,Shelby,IN
7673,Shelbyville,IN
7674,Shepardsville,IN
7675,Sheridan,IN
7676,Shipshewana,IN
7677,Shirley,IN
7678,Shoals,IN
7679,Silver Lake,IN
7680,Smithville,IN
7681,Solsberry,IN
7682,Somerset,IN
7683,Somerville,IN
7684,South Bend,IN
7685,South Milford,IN
7686,South Whitley,IN
7687,Spencer,IN
7688,Spencerville,IN
7689,Spiceland,IN
7690,Springport,IN
7691,Springville,IN
7692,Spurgeon,IN
7693,Star City,IN
7694,State Line,IN
7695,Staunton,IN
7696,Stendal,IN
7697,Stilesville,IN
7698,Stinesville,IN
7699,Stockwell,IN
7700,Straughn,IN
7701,Stroh,IN
7702,Sullivan,IN
7703,Sulphur,IN
7704,Sulphur Springs,IN
7705,Sumava Resorts,IN
7706,Summitville,IN
7707,Sunman,IN
7708,Swayzee,IN
7709,Sweetser,IN
7710,Switz City,IN
7711,Syracuse,IN
7712,Taswell,IN
7713,Taylorsville,IN
7714,Tell City,IN
7715,Templeton,IN
7716,Tennyson,IN
7717,Terre Haute,IN
7718,Thayer,IN
7719,Thorntown,IN
7720,Tippecanoe,IN
7721,Tipton,IN
7722,Topeka,IN
7723,Trafalgar,IN
7724,Troy,IN
7725,Tunnelton,IN
7726,Twelve Mile,IN
7727,Tyner,IN
7728,Underwood,IN
7729,Union City,IN
7730,Union Mills,IN
7731,Uniondale,IN
7732,Unionville,IN
7733,Universal,IN
7734,Upland,IN
7735,Urbana,IN
7736,Vallonia,IN
7737,Valparaiso,IN
7738,Van Buren,IN
7739,Veedersburg,IN
7740,Velpen,IN
7741,Vernon,IN
7742,Versailles,IN
7743,Vevay,IN
7744,Vincennes,IN
7745,Wabash,IN
7746,Wadesville,IN
7747,Wakarusa,IN
7748,Waldron,IN
7749,Walkerton,IN
7750,Walton,IN
7751,Wanatah,IN
7752,Warren,IN
7753,Warsaw,IN
7754,Washington,IN
7755,Waterloo,IN
7756,Waveland,IN
7757,Wawaka,IN
7758,Waynetown,IN
7759,Webster,IN
7760,West Baden Springs,IN
7761,West College Corner,IN
7762,West Harrison,IN
7763,West Lafayette,IN
7764,West Lebanon,IN
7765,West Newton,IN
7766,West Terre Haute,IN
7767,Westfield,IN
7768,Westphalia,IN
7769,Westpoint,IN
7770,Westport,IN
7771,Westville,IN
7772,Wheatfield,IN
7773,Wheatland,IN
7774,Wheeler,IN
7775,Whiteland,IN
7776,Whitestown,IN
7777,Whiting,IN
7778,Wilkinson,IN
7779,Williams,IN
7780,Williamsburg,IN
7781,Williamsport,IN
7782,Winamac,IN
7783,Winchester,IN
7784,Windfall,IN
7785,Wingate,IN
7786,Winona Lake,IN
7787,Winslow,IN
7788,Wolcott,IN
7789,Wolcottville,IN
7790,Wolflake,IN
7791,Woodburn,IN
7792,Worthington,IN
7793,Wyatt,IN
7794,Yeoman,IN
7795,Yoder,IN
7796,Yorktown,IN
7797,Young America,IN
7798,Zanesville,IN
7799,Zionsville,IN
7800,Abbyville,KS
7801,Abilene,KS
7802,Admire,KS
7803,Agenda,KS
7804,Agra,KS
7805,Albert,KS
7806,Alden,KS
7807,Alexander,KS
7808,Allen,KS
7809,Alma,KS
7810,Almena,KS
7811,Alta Vista,KS
7812,Altamont,KS
7813,Alton,KS
7814,Altoona,KS
7815,Americus,KS
7816,Andale,KS
7817,Andover,KS
7818,Anthony,KS
7819,Arcadia,KS
7820,Argonia,KS
7821,Arkansas City,KS
7822,Arlington,KS
7823,Arma,KS
7824,Arnold,KS
7825,Ashland,KS
7826,Assaria,KS
7827,Atchison,KS
7828,Athol,KS
7829,Atlanta,KS
7830,Attica,KS
7831,Atwood,KS
7832,Auburn,KS
7833,Augusta,KS
7834,Aurora,KS
7835,Axtell,KS
7836,Baileyville,KS
7837,Baldwin City,KS
7838,Barnard,KS
7839,Barnes,KS
7840,Bartlett,KS
7841,Basehor,KS
7842,Baxter Springs,KS
7843,Bazine,KS
7844,Beattie,KS
7845,Beaumont,KS
7846,Beeler,KS
7847,Belle Plaine,KS
7848,Belleville,KS
7849,Beloit,KS
7850,Belpre,KS
7851,Belvue,KS
7852,Bendena,KS
7853,Benedict,KS
7854,Bennington,KS
7855,Bentley,KS
7856,Benton,KS
7857,Bern,KS
7858,Berryton,KS
7859,Beverly,KS
7860,Bird City,KS
7861,Bison,KS
7862,Blue Mound,KS
7863,Blue Rapids,KS
7864,Bluff City,KS
7865,Bogue,KS
7866,Bonner Springs,KS
7867,Bremen,KS
7868,Brewster,KS
7869,Bronson,KS
7870,Brookville,KS
7871,Brownell,KS
7872,Bucklin,KS
7873,Bucyrus,KS
7874,Buffalo,KS
7875,Buhler,KS
7876,Bunker Hill,KS
7877,Burden,KS
7878,Burdett,KS
7879,Burdick,KS
7880,Burlingame,KS
7881,Burlington,KS
7882,Burns,KS
7883,Burr Oak,KS
7884,Burrton,KS
7885,Bushton,KS
7886,Byers,KS
7887,Caldwell,KS
7888,Cambridge,KS
7889,Caney,KS
7890,Canton,KS
7891,Carbondale,KS
7892,Cassoday,KS
7893,Catharine,KS
7894,Cawker City,KS
7895,Cedar,KS
7896,Cedar Point,KS
7897,Cedar Vale,KS
7898,Centerville,KS
7899,Centralia,KS
7900,Chanute,KS
7901,Chapman,KS
7902,Chase,KS
7903,Chautauqua,KS
7904,Cheney,KS
7905,Cherokee,KS
7906,Cherryvale,KS
7907,Chetopa,KS
7908,Cimarron,KS
7909,Circleville,KS
7910,Claflin,KS
7911,Clay Center,KS
7912,Clayton,KS
7913,Clearwater,KS
7914,Clifton,KS
7915,Clyde,KS
7916,Coats,KS
7917,Coffeyville,KS
7918,Colby,KS
7919,Coldwater,KS
7920,Collyer,KS
7921,Colony,KS
7922,Columbus,KS
7923,Colwich,KS
7924,Concordia,KS
7925,Conway Springs,KS
7926,Coolidge,KS
7927,Copeland,KS
7928,Corning,KS
7929,Cottonwood Falls,KS
7930,Council Grove,KS
7931,Courtland,KS
7932,Cuba,KS
7933,Cummings,KS
7934,Cunningham,KS
7935,Damar,KS
7936,Danville,KS
7937,De Soto,KS
7938,Dearing,KS
7939,Deerfield,KS
7940,Delia,KS
7941,Delphos,KS
7942,Denison,KS
7943,Dennis,KS
7944,Denton,KS
7945,Derby,KS
7946,Dexter,KS
7947,Dighton,KS
7948,Dodge City,KS
7949,Dorrance,KS
7950,Douglass,KS
7951,Downs,KS
7952,Dresden,KS
7953,Durham,KS
7954,Dwight,KS
7955,Easton,KS
7956,Edgerton,KS
7957,Edna,KS
7958,Edson,KS
7959,Effingham,KS
7960,El Dorado,KS
7961,Elbing,KS
7962,Elk City,KS
7963,Elk Falls,KS
7964,Elkhart,KS
7965,Ellinwood,KS
7966,Ellis,KS
7967,Ellsworth,KS
7968,Elmdale,KS
7969,Elsmore,KS
7970,Elwood,KS
7971,Emmett,KS
7972,Emporia,KS
7973,Englewood,KS
7974,Ensign,KS
7975,Enterprise,KS
7976,Erie,KS
7977,Esbon,KS
7978,Eskridge,KS
7979,Eudora,KS
7980,Eureka,KS
7981,Everest,KS
7982,Fairview,KS
7983,Fall River,KS
7984,Falun,KS
7985,Farlington,KS
7986,Florence,KS
7987,Fontana,KS
7988,Ford,KS
7989,Formoso,KS
7990,Fort Dodge,KS
7991,Fort Leavenworth,KS
7992,Fort Riley,KS
7993,Fort Scott,KS
7994,Fowler,KS
7995,Frankfort,KS
7996,Franklin,KS
7997,Fredonia,KS
7998,Freeport,KS
7999,Frontenac,KS
8000,Fulton,KS
8001,Galena,KS
8002,Galesburg,KS
8003,Galva,KS
8004,Garden City,KS
8005,Garden Plain,KS
8006,Gardner,KS
8007,Garfield,KS
8008,Garland,KS
8009,Garnett,KS
8010,Gas,KS
8011,Gaylord,KS
8012,Gem,KS
8013,Geneseo,KS
8014,Geuda Springs,KS
8015,Girard,KS
8016,Glade,KS
8017,Glasco,KS
8018,Glen Elder,KS
8019,Goddard,KS
8020,Goessel,KS
8021,Goff,KS
8022,Goodland,KS
8023,Gorham,KS
8024,Gove,KS
8025,Grainfield,KS
8026,Grantville,KS
8027,Great Bend,KS
8028,Greeley,KS
8029,Green,KS
8030,Greenleaf,KS
8031,Greensburg,KS
8032,Greenwich,KS
8033,Grenola,KS
8034,Gridley,KS
8035,Grinnell,KS
8036,Gypsum,KS
8037,Haddam,KS
8038,Halstead,KS
8039,Hamilton,KS
8040,Hanover,KS
8041,Hanston,KS
8042,Hardtner,KS
8043,Harper,KS
8044,Hartford,KS
8045,Harveyville,KS
8046,Havana,KS
8047,Haven,KS
8048,Havensville,KS
8049,Haviland,KS
8050,Hays,KS
8051,Haysville,KS
8052,Hazelton,KS
8053,Healy,KS
8054,Hepler,KS
8055,Herington,KS
8056,Herndon,KS
8057,Hesston,KS
8058,Hiawatha,KS
8059,Highland,KS
8060,Hill City,KS
8061,Hillsboro,KS
8062,Hoisington,KS
8063,Holcomb,KS
8064,Hollenberg,KS
8065,Holton,KS
8066,Holyrood,KS
8067,Home,KS
8068,Hope,KS
8069,Horton,KS
8070,Howard,KS
8071,Hoxie,KS
8072,Hoyt,KS
8073,Hudson,KS
8074,Hugoton,KS
8075,Humboldt,KS
8076,Hunter,KS
8077,Hutchinson,KS
8078,Independence,KS
8079,Ingalls,KS
8080,Inman,KS
8081,Iola,KS
8082,Isabel,KS
8083,Iuka,KS
8084,Jamestown,KS
8085,Jennings,KS
8086,Jetmore,KS
8087,Jewell,KS
8088,Johnson,KS
8089,Junction City,KS
8090,Kanopolis,KS
8091,Kanorado,KS
8092,Kansas City,KS
8093,Kechi,KS
8094,Kendall,KS
8095,Kensington,KS
8096,Kincaid,KS
8097,Kingman,KS
8098,Kinsley,KS
8099,Kiowa,KS
8100,Kirwin,KS
8101,Kismet,KS
8102,La Crosse,KS
8103,La Cygne,KS
8104,La Harpe,KS
8105,Lake City,KS
8106,Lakin,KS
8107,Lancaster,KS
8108,Lane,KS
8109,Lansing,KS
8110,Larned,KS
8111,Latham,KS
8112,Lawrence,KS
8113,Le Roy,KS
8114,Leavenworth,KS
8115,Leawood,KS
8116,Lebanon,KS
8117,Lebo,KS
8118,Lecompton,KS
8119,Lehigh,KS
8120,Lenexa,KS
8121,Lenora,KS
8122,Leon,KS
8123,Leonardville,KS
8124,Leoti,KS
8125,Levant,KS
8126,Lewis,KS
8127,Liberal,KS
8128,Liberty,KS
8129,Liebenthal,KS
8130,Lincoln,KS
8131,Lincolnville,KS
8132,Lindsborg,KS
8133,Linn,KS
8134,Linwood,KS
8135,Little River,KS
8136,Logan,KS
8137,Long Island,KS
8138,Longford,KS
8139,Longton,KS
8140,Lorraine,KS
8141,Lost Springs,KS
8142,Louisburg,KS
8143,Lucas,KS
8144,Ludell,KS
8145,Luray,KS
8146,Lyndon,KS
8147,Lyons,KS
8148,Macksville,KS
8149,Madison,KS
8150,Mahaska,KS
8151,Maize,KS
8152,Manhattan,KS
8153,Mankato,KS
8154,Manter,KS
8155,Maple City,KS
8156,Maple Hill,KS
8157,Mapleton,KS
8158,Marienthal,KS
8159,Marion,KS
8160,Marquette,KS
8161,Marysville,KS
8162,Matfield Green,KS
8163,Mayetta,KS
8164,Mayfield,KS
8165,Mcconnell Afb,KS
8166,McCracken,KS
8167,McCune,KS
8168,McDonald,KS
8169,McFarland,KS
8170,McLouth,KS
8171,Mcpherson,KS
8172,Meade,KS
8173,Medicine Lodge,KS
8174,Melvern,KS
8175,Meriden,KS
8176,Merriam,KS
8177,Milan,KS
8178,Milford,KS
8179,Milton,KS
8180,Miltonvale,KS
8181,Minneapolis,KS
8182,Minneola,KS
8183,Mission,KS
8184,Moline,KS
8185,Montezuma,KS
8186,Monument,KS
8187,Moran,KS
8188,Morganville,KS
8189,Morland,KS
8190,Morrill,KS
8191,Morrowville,KS
8192,Moscow,KS
8193,Mound City,KS
8194,Mound Valley,KS
8195,Moundridge,KS
8196,Mount Hope,KS
8197,Mulberry,KS
8198,Mullinville,KS
8199,Mulvane,KS
8200,Munden,KS
8201,Murdock,KS
8202,Muscotah,KS
8203,Narka,KS
8204,Nashville,KS
8205,Natoma,KS
8206,Neal,KS
8207,Nekoma,KS
8208,Neodesha,KS
8209,Neosho Falls,KS
8210,Neosho Rapids,KS
8211,Ness City,KS
8212,Netawaka,KS
8213,New Cambria,KS
8214,New Century,KS
8215,Newton,KS
8216,Nickerson,KS
8217,Niotaze,KS
8218,Norcatur,KS
8219,North Newton,KS
8220,Norton,KS
8221,Nortonville,KS
8222,Norway,KS
8223,Norwich,KS
8224,Oakley,KS
8225,Oberlin,KS
8226,Offerle,KS
8227,Ogallah,KS
8228,Ogden,KS
8229,Oketo,KS
8230,Olathe,KS
8231,Olmitz,KS
8232,Olpe,KS
8233,Olsburg,KS
8234,Onaga,KS
8235,Oneida,KS
8236,Opolis,KS
8237,Osage City,KS
8238,Osawatomie,KS
8239,Osborne,KS
8240,Oskaloosa,KS
8241,Oswego,KS
8242,Otis,KS
8243,Ottawa,KS
8244,Overbrook,KS
8245,Overland Park,KS
8246,Oxford,KS
8247,Ozawkie,KS
8248,Palco,KS
8249,Palmer,KS
8250,Paola,KS
8251,Paradise,KS
8252,Park,KS
8253,Parker,KS
8254,Parsons,KS
8255,Partridge,KS
8256,Pawnee Rock,KS
8257,Paxico,KS
8258,Peabody,KS
8259,Peck,KS
8260,Penokee,KS
8261,Perry,KS
8262,Peru,KS
8263,Pfeifer,KS
8264,Phillipsburg,KS
8265,Piedmont,KS
8266,Pierceville,KS
8267,Piqua,KS
8268,Pittsburg,KS
8269,Plains,KS
8270,Plainville,KS
8271,Pleasanton,KS
8272,Plevna,KS
8273,Pomona,KS
8274,Portis,KS
8275,Potwin,KS
8276,Powhattan,KS
8277,Prairie View,KS
8278,Prairie Village,KS
8279,Pratt,KS
8280,Prescott,KS
8281,Pretty Prairie,KS
8282,Princeton,KS
8283,Protection,KS
8284,Quenemo,KS
8285,Quinter,KS
8286,Ramona,KS
8287,Randall,KS
8288,Randolph,KS
8289,Ransom,KS
8290,Rantoul,KS
8291,Raymond,KS
8292,Reading,KS
8293,Redfield,KS
8294,Republic,KS
8295,Rexford,KS
8296,Richfield,KS
8297,Richmond,KS
8298,Riley,KS
8299,Riverton,KS
8300,Robinson,KS
8301,Rock,KS
8302,Rolla,KS
8303,Rosalia,KS
8304,Rose Hill,KS
8305,Rossville,KS
8306,Roxbury,KS
8307,Rozel,KS
8308,Rush Center,KS
8309,Russell,KS
8310,Sabetha,KS
8311,Saint Francis,KS
8312,Saint George,KS
8313,Saint Marys,KS
8314,Saint Paul,KS
8315,Salina,KS
8316,Satanta,KS
8317,Savonburg,KS
8318,Sawyer,KS
8319,Scammon,KS
8320,Scandia,KS
8321,Schoenchen,KS
8322,Scott City,KS
8323,Scranton,KS
8324,Sedan,KS
8325,Sedgwick,KS
8326,Selden,KS
8327,Seneca,KS
8328,Severy,KS
8329,Sharon,KS
8330,Sharon Springs,KS
8331,Shawnee,KS
8332,Shawnee Mission,KS
8333,Silver Lake,KS
8334,Simpson,KS
8335,Smith Center,KS
8336,Soldier,KS
8337,Solomon,KS
8338,South Haven,KS
8339,South Hutchinson,KS
8340,Spearville,KS
8341,Spivey,KS
8342,Spring Hill,KS
8343,St John,KS
8344,Stafford,KS
8345,Stark,KS
8346,Sterling,KS
8347,Stilwell,KS
8348,Stockton,KS
8349,Strong City,KS
8350,Sublette,KS
8351,Summerfield,KS
8352,Sun City,KS
8353,Sycamore,KS
8354,Sylvan Grove,KS
8355,Sylvia,KS
8356,Syracuse,KS
8357,Talmage,KS
8358,Tampa,KS
8359,Tecumseh,KS
8360,Tescott,KS
8361,Thayer,KS
8362,Tipton,KS
8363,Tonganoxie,KS
8364,Topeka,KS
8365,Toronto,KS
8366,Towanda,KS
8367,Treece,KS
8368,Tribune,KS
8369,Troy,KS
8370,Turon,KS
8371,Tyro,KS
8372,Udall,KS
8373,Ulysses,KS
8374,Uniontown,KS
8375,Utica,KS
8376,Valley Center,KS
8377,Valley Falls,KS
8378,Vassar,KS
8379,Vermillion,KS
8380,Victoria,KS
8381,Viola,KS
8382,Virgil,KS
8383,Wakarusa,KS
8384,Wakeeney,KS
8385,Wakefield,KS
8386,Waldo,KS
8387,Waldron,KS
8388,Walker,KS
8389,Wallace,KS
8390,Walnut,KS
8391,Walton,KS
8392,Wamego,KS
8393,Washington,KS
8394,Waterville,KS
8395,Wathena,KS
8396,Waverly,KS
8397,Webber,KS
8398,Weir,KS
8399,Welda,KS
8400,Wellington,KS
8401,Wellsville,KS
8402,Weskan,KS
8403,West Mineral,KS
8404,Westmoreland,KS
8405,Westphalia,KS
8406,Wetmore,KS
8407,White City,KS
8408,White Cloud,KS
8409,Whitewater,KS
8410,Whiting,KS
8411,Wichita,KS
8412,Williamsburg,KS
8413,Wilmore,KS
8414,Wilsey,KS
8415,Wilson,KS
8416,Winchester,KS
8417,Windom,KS
8418,Winfield,KS
8419,Winona,KS
8420,Woodbine,KS
8421,Woodston,KS
8422,Wright,KS
8423,Yates Center,KS
8424,Zenda,KS
8425,Adairville,KY
8426,Adams,KY
8427,Adolphus,KY
8428,Ages Brookside,KY
8429,Albany,KY
8430,Alexandria,KY
8431,Allen,KY
8432,Allensville,KY
8433,Almo,KY
8434,Alpha,KY
8435,Alvaton,KY
8436,Annville,KY
8437,Argillite,KY
8438,Arjay,KY
8439,Arlington,KY
8440,Artemus,KY
8441,Ary,KY
8442,Ashcamp,KY
8443,Asher,KY
8444,Ashland,KY
8445,Auburn,KY
8446,Augusta,KY
8447,Austin,KY
8448,Auxier,KY
8449,Avawam,KY
8450,Bagdad,KY
8451,Bandana,KY
8452,Banner,KY
8453,Barbourville,KY
8454,Bardstown,KY
8455,Bardwell,KY
8456,Barlow,KY
8457,Battletown,KY
8458,Baxter,KY
8459,Bays,KY
8460,Bear Branch,KY
8461,Beattyville,KY
8462,Beaumont,KY
8463,Beauty,KY
8464,Beaver,KY
8465,Beaver Dam,KY
8466,Bedford,KY
8467,Bee Spring,KY
8468,Beech Creek,KY
8469,Beech Grove,KY
8470,Beechmont,KY
8471,Belcher,KY
8472,Belfry,KY
8473,Bellevue,KY
8474,Belton,KY
8475,Benham,KY
8476,Benton,KY
8477,Berea,KY
8478,Berry,KY
8479,Bethelridge,KY
8480,Bethlehem,KY
8481,Betsy Layne,KY
8482,Beverly,KY
8483,Bevinsville,KY
8484,Big Clifty,KY
8485,Big Creek,KY
8486,Big Laurel,KY
8487,Bimble,KY
8488,Blackey,KY
8489,Blaine,KY
8490,Bledsoe,KY
8491,Bloomfield,KY
8492,Blue River,KY
8493,Boaz,KY
8494,Bonnieville,KY
8495,Bonnyman,KY
8496,Booneville,KY
8497,Boons Camp,KY
8498,Boston,KY
8499,Bowling Green,KY
8500,Bradfordsville,KY
8501,Brandenburg,KY
8502,Breeding,KY
8503,Bremen,KY
8504,Brodhead,KY
8505,Bronston,KY
8506,Brooks,KY
8507,Brooksville,KY
8508,Browder,KY
8509,Brownsville,KY
8510,Bryants Store,KY
8511,Buckhorn,KY
8512,Buckner,KY
8513,Buffalo,KY
8514,Bulan,KY
8515,Burdine,KY
8516,Burgin,KY
8517,Burkesville,KY
8518,Burlington,KY
8519,Burna,KY
8520,Burnside,KY
8521,Busy,KY
8522,Butler,KY
8523,Bypro,KY
8524,Cadiz,KY
8525,Calhoun,KY
8526,California,KY
8527,Calvert City,KY
8528,Calvin,KY
8529,Campbellsburg,KY
8530,Campbellsville,KY
8531,Campton,KY
8532,Canada,KY
8533,Caneyville,KY
8534,Canmer,KY
8535,Cannel City,KY
8536,Cannon,KY
8537,Carlisle,KY
8538,Carrie,KY
8539,Carrollton,KY
8540,Catlettsburg,KY
8541,Cave City,KY
8542,Cawood,KY
8543,Cecilia,KY
8544,Center,KY
8545,Centertown,KY
8546,Central City,KY
8547,Cerulean,KY
8548,Chaplin,KY
8549,Chappell,KY
8550,Chavies,KY
8551,Clarkson,KY
8552,Clay,KY
8553,Clay City,KY
8554,Clayhole,KY
8555,Clearfield,KY
8556,Cleaton,KY
8557,Clermont,KY
8558,Clinton,KY
8559,Closplint,KY
8560,Cloverport,KY
8561,Coalgood,KY
8562,Coldiron,KY
8563,Columbia,KY
8564,Columbus,KY
8565,Combs,KY
8566,Corbin,KY
8567,Corinth,KY
8568,Cornettsville,KY
8569,Corydon,KY
8570,Covington,KY
8571,Coxs Creek,KY
8572,Crab Orchard,KY
8573,Cranks,KY
8574,Crestwood,KY
8575,Crittenden,KY
8576,Crofton,KY
8577,Cromona,KY
8578,Cromwell,KY
8579,Cub Run,KY
8580,Cumberland,KY
8581,Cunningham,KY
8582,Custer,KY
8583,Cynthiana,KY
8584,Dana,KY
8585,Danville,KY
8586,David,KY
8587,Dawson Springs,KY
8588,Dayhoit,KY
8589,Dayton,KY
8590,De Mossville,KY
8591,Deane,KY
8592,Debord,KY
8593,Delphia,KY
8594,Dema,KY
8595,Denniston,KY
8596,Denton,KY
8597,Dexter,KY
8598,Dixon,KY
8599,Dover,KY
8600,Drakesboro,KY
8601,Drift,KY
8602,Dry Ridge,KY
8603,Dundee,KY
8604,Dunmor,KY
8605,Dunnville,KY
8606,Dwale,KY
8607,Dwarf,KY
8608,Dycusburg,KY
8609,Earlington,KY
8610,East Bernstadt,KY
8611,East Point,KY
8612,Eastern,KY
8613,Eastview,KY
8614,Eddyville,KY
8615,Edmonton,KY
8616,Eighty Eight,KY
8617,Ekron,KY
8618,Elizabethtown,KY
8619,Elk Horn,KY
8620,Elkfork,KY
8621,Elkhorn City,KY
8622,Elkton,KY
8623,Emerson,KY
8624,Eminence,KY
8625,Emmalena,KY
8626,Eolia,KY
8627,Erlanger,KY
8628,Ermine,KY
8629,Essie,KY
8630,Etoile,KY
8631,Eubank,KY
8632,Evarts,KY
8633,Ewing,KY
8634,Ezel,KY
8635,Fairdale,KY
8636,Fairfield,KY
8637,Falls Of Rough,KY
8638,Falmouth,KY
8639,Fancy Farm,KY
8640,Farmington,KY
8641,Fedscreek,KY
8642,Ferguson,KY
8643,Finchville,KY
8644,Fisherville,KY
8645,Flat Lick,KY
8646,Flatgap,KY
8647,Flatwoods,KY
8648,Flemingsburg,KY
8649,Florence,KY
8650,Fords Branch,KY
8651,Fordsville,KY
8652,Forest Hills,KY
8653,Fort Campbell,KY
8654,Fort Knox,KY
8655,Fort Mitchell,KY
8656,Fort Thomas,KY
8657,Foster,KY
8658,Fountain Run,KY
8659,Fourmile,KY
8660,Frakes,KY
8661,Frankfort,KY
8662,Franklin,KY
8663,Fredonia,KY
8664,Freeburn,KY
8665,Frenchburg,KY
8666,Ft Mitchell,KY
8667,Fulton,KY
8668,Gamaliel,KY
8669,Garfield,KY
8670,Garner,KY
8671,Garrard,KY
8672,Garrett,KY
8673,Garrison,KY
8674,Gays Creek,KY
8675,Georgetown,KY
8676,Germantown,KY
8677,Ghent,KY
8678,Gilbertsville,KY
8679,Girdler,KY
8680,Glasgow,KY
8681,Glencoe,KY
8682,Glendale,KY
8683,Glens Fork,KY
8684,Glenview,KY
8685,Gordon,KY
8686,Goshen,KY
8687,Gracey,KY
8688,Gradyville,KY
8689,Graham,KY
8690,Grahn,KY
8691,Grand Rivers,KY
8692,Gravel Switch,KY
8693,Gray,KY
8694,Gray Hawk,KY
8695,Grays Knob,KY
8696,Grayson,KY
8697,Green Road,KY
8698,Greensburg,KY
8699,Greenup,KY
8700,Greenville,KY
8701,Grethel,KY
8702,Gulston,KY
8703,Gunlock,KY
8704,Guston,KY
8705,Guthrie,KY
8706,Hagerhill,KY
8707,Hallie,KY
8708,Hampton,KY
8709,Hanson,KY
8710,Happy,KY
8711,Hardin,KY
8712,Hardinsburg,KY
8713,Hardy,KY
8714,Hardyville,KY
8715,Harlan,KY
8716,Harned,KY
8717,Harold,KY
8718,Harrodsburg,KY
8719,Hartford,KY
8720,Hawesville,KY
8721,Hazard,KY
8722,Hazel,KY
8723,Hazel Green,KY
8724,Hebron,KY
8725,Heidrick,KY
8726,Hellier,KY
8727,Helton,KY
8728,Henderson,KY
8729,Herndon,KY
8730,Hestand,KY
8731,Hi Hat,KY
8732,Hickman,KY
8733,Hickory,KY
8734,Hillsboro,KY
8735,Hindman,KY
8736,Hinkle,KY
8737,Hitchins,KY
8738,Hodgenville,KY
8739,Holland,KY
8740,Holmes Mill,KY
8741,Hope,KY
8742,Hopkinsville,KY
8743,Horse Branch,KY
8744,Horse Cave,KY
8745,Hoskinston,KY
8746,Huddy,KY
8747,Hudson,KY
8748,Hueysville,KY
8749,Hulen,KY
8750,Hustonville,KY
8751,Hyden,KY
8752,Independence,KY
8753,Inez,KY
8754,Irvine,KY
8755,Irvington,KY
8756,Island,KY
8757,Isom,KY
8758,Isonville,KY
8759,Ivel,KY
8760,Jackhorn,KY
8761,Jackson,KY
8762,Jamestown,KY
8763,Jeff,KY
8764,Jeffersontown,KY
8765,Jeffersonville,KY
8766,Jenkins,KY
8767,Jeremiah,KY
8768,Jetson,KY
8769,Jonancy,KY
8770,Jonesville,KY
8771,Junction City,KY
8772,Keaton,KY
8773,Keavy,KY
8774,Keene,KY
8775,Kenvir,KY
8776,Kettle Island,KY
8777,Kevil,KY
8778,Kimper,KY
8779,Kings Mountain,KY
8780,Kirksey,KY
8781,Kite,KY
8782,Knifley,KY
8783,Knob Lick,KY
8784,Krypton,KY
8785,Kuttawa,KY
8786,La Center,KY
8787,La Fayette,KY
8788,La Grange,KY
8789,Lackey,KY
8790,Lancaster,KY
8791,Langley,KY
8792,Latonia,KY
8793,Lawrenceburg,KY
8794,Lebanon,KY
8795,Lebanon Junction,KY
8796,Leburn,KY
8797,Ledbetter,KY
8798,Leitchfield,KY
8799,Lejunior,KY
8800,Letcher,KY
8801,Lewisburg,KY
8802,Lewisport,KY
8803,Lexington,KY
8804,Liberty,KY
8805,Lick Creek,KY
8806,Lily,KY
8807,Linefork,KY
8808,Littcarr,KY
8809,Livermore,KY
8810,Livingston,KY
8811,Lockport,KY
8812,London,KY
8813,Loretto,KY
8814,Lost Creek,KY
8815,Louisa,KY
8816,Louisville,KY
8817,Lovelaceville,KY
8818,Lovely,KY
8819,Lowes,KY
8820,Lowmansville,KY
8821,Loyall,KY
8822,Lucas,KY
8823,Lynch,KY
8824,Lyndon,KY
8825,Maceo,KY
8826,Mackville,KY
8827,Madisonville,KY
8828,Magnolia,KY
8829,Majestic,KY
8830,Mallie,KY
8831,Mammoth Cave,KY
8832,Manchester,KY
8833,Manitou,KY
8834,Mannsville,KY
8835,Maple Mount,KY
8836,Marion,KY
8837,Marrowbone,KY
8838,Marshes Siding,KY
8839,Martha,KY
8840,Martin,KY
8841,Mary Alice,KY
8842,Masonic Home,KY
8843,Mayfield,KY
8844,Mayking,KY
8845,Mayslick,KY
8846,Maysville,KY
8847,McAndrews,KY
8848,McCarr,KY
8849,McDaniels,KY
8850,McDowell,KY
8851,McHenry,KY
8852,McKee,KY
8853,McKinney,KY
8854,McRoberts,KY
8855,Meally,KY
8856,Means,KY
8857,Melber,KY
8858,Melbourne,KY
8859,Melvin,KY
8860,Middleburg,KY
8861,Middlesboro,KY
8862,Middletown,KY
8863,Midway,KY
8864,Millersburg,KY
8865,Millstone,KY
8866,Millwood,KY
8867,Milton,KY
8868,Minnie,KY
8869,Miracle,KY
8870,Mistletoe,KY
8871,Mize,KY
8872,Monticello,KY
8873,Moorefield,KY
8874,Morehead,KY
8875,Morganfield,KY
8876,Morgantown,KY
8877,Morning View,KY
8878,Mortons Gap,KY
8879,Mount Eden,KY
8880,Mount Hermon,KY
8881,Mount Olivet,KY
8882,Mount Sherman,KY
8883,Mount Sterling,KY
8884,Mount Vernon,KY
8885,Mount Washington,KY
8886,Mousie,KY
8887,Mouthcard,KY
8888,Mozelle,KY
8889,Muldraugh,KY
8890,Munfordville,KY
8891,Murray,KY
8892,Nancy,KY
8893,Nebo,KY
8894,Neon,KY
8895,Nerinx,KY
8896,New Castle,KY
8897,New Concord,KY
8898,New Haven,KY
8899,New Hope,KY
8900,New Liberty,KY
8901,Newport,KY
8902,Nicholasville,KY
8903,North Middletown,KY
8904,Nortonville,KY
8905,Oak Grove,KY
8906,Oakland,KY
8907,Oil Springs,KY
8908,Olaton,KY
8909,Olive Hill,KY
8910,Olmstead,KY
8911,Olympia,KY
8912,Oneida,KY
8913,Orlando,KY
8914,Owensboro,KY
8915,Owenton,KY
8916,Owingsville,KY
8917,Paducah,KY
8918,Paint Lick,KY
8919,Paintsville,KY
8920,Paris,KY
8921,Park City,KY
8922,Park Hills,KY
8923,Parkers Lake,KY
8924,Parksville,KY
8925,Partridge,KY
8926,Pathfork,KY
8927,Payneville,KY
8928,Pembroke,KY
8929,Pendleton,KY
8930,Perry Park,KY
8931,Perryville,KY
8932,Petersburg,KY
8933,Pewee Valley,KY
8934,Phelps,KY
8935,Philpot,KY
8936,Phyllis,KY
8937,Pikeville,KY
8938,Pilgrim,KY
8939,Pine Knot,KY
8940,Pine Ridge,KY
8941,Pine Top,KY
8942,Pineville,KY
8943,Pinsonfork,KY
8944,Pippa Passes,KY
8945,Pleasureville,KY
8946,Poole,KY
8947,Port Royal,KY
8948,Powderly,KY
8949,Premium,KY
8950,Prestonsburg,KY
8951,Princeton,KY
8952,Printer,KY
8953,Prospect,KY
8954,Providence,KY
8955,Putney,KY
8956,Quincy,KY
8957,Raccoon,KY
8958,Raceland,KY
8959,Radcliff,KY
8960,Ransom,KY
8961,Raven,KY
8962,Ravenna,KY
8963,Raywick,KY
8964,Redfox,KY
8965,Reed,KY
8966,Regina,KY
8967,Revelo,KY
8968,Reynolds Station,KY
8969,Rhodelia,KY
8970,Ricetown,KY
8971,Richmond,KY
8972,Rineyville,KY
8973,River,KY
8974,Roark,KY
8975,Robards,KY
8976,Robinson Creek,KY
8977,Rochester,KY
8978,Rockfield,KY
8979,Rockholds,KY
8980,Rockport,KY
8981,Rocky Hill,KY
8982,Rogers,KY
8983,Rosine,KY
8984,Roundhill,KY
8985,Rousseau,KY
8986,Rowdy,KY
8987,Roxana,KY
8988,Royalton,KY
8989,Rumsey,KY
8990,Rush,KY
8991,Russell,KY
8992,Russell Springs,KY
8993,Russellville,KY
8994,Sacramento,KY
8995,Sadieville,KY
8996,Saint Catharine,KY
8997,Saint Charles,KY
8998,Saint Francis,KY
8999,Saint Mary,KY
9000,Saint Matthews,KY
9001,Salem,KY
9002,Salt Lick,KY
9003,Salvisa,KY
9004,Salyersville,KY
9005,Sanders,KY
9006,Sandgap,KY
9007,Sandy Hook,KY
9008,Sassafras,KY
9009,Saul,KY
9010,Scalf,KY
9011,Science Hill,KY
9012,Scottsville,KY
9013,Scuddy,KY
9014,Sebree,KY
9015,Seco,KY
9016,Sedalia,KY
9017,Sextons Creek,KY
9018,Sharon Grove,KY
9019,Sharpsburg,KY
9020,Shelbiana,KY
9021,Shelby Gap,KY
9022,Shelbyville,KY
9023,Shepherdsville,KY
9024,Sidney,KY
9025,Siler,KY
9026,Silver Grove,KY
9027,Simpsonville,KY
9028,Sitka,KY
9029,Sizerock,KY
9030,Slade,KY
9031,Slaughters,KY
9032,Slemp,KY
9033,Smilax,KY
9034,Smithfield,KY
9035,Smithland,KY
9036,Smiths Grove,KY
9037,Somerset,KY
9038,Sonora,KY
9039,South Carrollton,KY
9040,South Portsmouth,KY
9041,South Shore,KY
9042,South Williamson,KY
9043,Sparta,KY
9044,Spottsville,KY
9045,Springfield,KY
9046,Staffordsville,KY
9047,Stambaugh,KY
9048,Stamping Ground,KY
9049,Stanford,KY
9050,Stanton,KY
9051,Stanville,KY
9052,Stearns,KY
9053,Steele,KY
9054,Stephensport,KY
9055,Stinnett,KY
9056,Stone,KY
9057,Stoney Fork,KY
9058,Stopover,KY
9059,Strunk,KY
9060,Sturgis,KY
9061,Sulphur,KY
9062,Summer Shade,KY
9063,Summersville,KY
9064,Sweeden,KY
9065,Symsonia,KY
9066,Taylorsville,KY
9067,Teaberry,KY
9068,Thelma,KY
9069,Thornton,KY
9070,Thousandsticks,KY
9071,Tiline,KY
9072,Tollesboro,KY
9073,Tomahawk,KY
9074,Tompkinsville,KY
9075,Topmost,KY
9076,Totz,KY
9077,Tram,KY
9078,Trenton,KY
9079,Trosper,KY
9080,Turners Station,KY
9081,Tutor Key,KY
9082,Tyner,KY
9083,Ulysses,KY
9084,Union,KY
9085,Union Star,KY
9086,Uniontown,KY
9087,Upton,KY
9088,Utica,KY
9089,Van Lear,KY
9090,Vanceburg,KY
9091,Vancleve,KY
9092,Varney,KY
9093,Verona,KY
9094,Versailles,KY
9095,Vest,KY
9096,Vicco,KY
9097,Vincent,KY
9098,Vine Grove,KY
9099,Viper,KY
9100,Virgie,KY
9101,Waco,KY
9102,Waddy,KY
9103,Walker,KY
9104,Wallingford,KY
9105,Wallins Creek,KY
9106,Walton,KY
9107,Warbranch,KY
9108,Warfield,KY
9109,Warsaw,KY
9110,Water Valley,KY
9111,Waverly,KY
9112,Wayland,KY
9113,Waynesburg,KY
9114,Webbville,KY
9115,Webster,KY
9116,Weeksbury,KY
9117,Wellington,KY
9118,Wendover,KY
9119,West Liberty,KY
9120,West Paducah,KY
9121,West Point,KY
9122,West Van Lear,KY
9123,Westport,KY
9124,Westview,KY
9125,Wheatcroft,KY
9126,Wheelwright,KY
9127,Whick,KY
9128,White Mills,KY
9129,White Plains,KY
9130,Whitesburg,KY
9131,Whitesville,KY
9132,Whitley City,KY
9133,Wickliffe,KY
9134,Willard,KY
9135,Williamsburg,KY
9136,Williamsport,KY
9137,Williamstown,KY
9138,Willisburg,KY
9139,Wilmore,KY
9140,Winchester,KY
9141,Windsor,KY
9142,Wingo,KY
9143,Wittensville,KY
9144,Woodbine,KY
9145,Woodburn,KY
9146,Wooton,KY
9147,Worthington,KY
9148,Worthville,KY
9149,Yeaddiss,KY
9150,Yerkes,KY
9151,Yosemite,KY
9152,Zoe,KY
9153,Abbeville,LA
9154,Abita Springs,LA
9155,Acme,LA
9156,Addis,LA
9157,Aimwell,LA
9158,Albany,LA
9159,Alexandria,LA
9160,Ama,LA
9161,Amelia,LA
9162,Amite,LA
9163,Anacoco,LA
9164,Angie,LA
9165,Angola,LA
9166,Arabi,LA
9167,Arcadia,LA
9168,Archibald,LA
9169,Arnaudville,LA
9170,Ashland,LA
9171,Athens,LA
9172,Atlanta,LA
9173,Avery Island,LA
9174,Baker,LA
9175,Baldwin,LA
9176,Ball,LA
9177,Barataria,LA
9178,Barksdale Afb,LA
9179,Basile,LA
9180,Baskin,LA
9181,Bastrop,LA
9182,Batchelor,LA
9183,Baton Rouge,LA
9184,Belcher,LA
9185,Bell City,LA
9186,Belle Chasse,LA
9187,Belle Rose,LA
9188,Belmont,LA
9189,Bentley,LA
9190,Benton,LA
9191,Bernice,LA
9192,Berwick,LA
9193,Bethany,LA
9194,Bienville,LA
9195,Blanchard,LA
9196,Bogalusa,LA
9197,Bonita,LA
9198,Boothville,LA
9199,Bordelonville,LA
9200,Bossier City,LA
9201,Bourg,LA
9202,Boutte,LA
9203,Boyce,LA
9204,Braithwaite,LA
9205,Branch,LA
9206,Breaux Bridge,LA
9207,Broussard,LA
9208,Brusly,LA
9209,Bunkie,LA
9210,Buras,LA
9211,Bush,LA
9212,Cade,LA
9213,Calhoun,LA
9214,Calvin,LA
9215,Cameron,LA
9216,Campti,LA
9217,Carencro,LA
9218,Carville,LA
9219,Castor,LA
9220,Center Point,LA
9221,Centerville,LA
9222,Chalmette,LA
9223,Charenton,LA
9224,Chataignier,LA
9225,Chatham,LA
9226,Chauvin,LA
9227,Cheneyville,LA
9228,Choudrant,LA
9229,Church Point,LA
9230,Clarence,LA
9231,Clarks,LA
9232,Clayton,LA
9233,Clinton,LA
9234,Cloutierville,LA
9235,Colfax,LA
9236,Collinston,LA
9237,Columbia,LA
9238,Convent,LA
9239,Converse,LA
9240,Cotton Valley,LA
9241,Cottonport,LA
9242,Coushatta,LA
9243,Covington,LA
9244,Creole,LA
9245,Crowley,LA
9246,Crowville,LA
9247,Cullen,LA
9248,Cut Off,LA
9249,Darrow,LA
9250,Delcambre,LA
9251,Delhi,LA
9252,Delta,LA
9253,Denham Springs,LA
9254,Dequincy,LA
9255,Deridder,LA
9256,Des Allemands,LA
9257,Destrehan,LA
9258,Deville,LA
9259,Dodson,LA
9260,Donaldsonville,LA
9261,Donner,LA
9262,Downsville,LA
9263,Doyline,LA
9264,Dry Creek,LA
9265,Dry Prong,LA
9266,Dubach,LA
9267,Dubberly,LA
9268,Dulac,LA
9269,Duson,LA
9270,Echo,LA
9271,Edgard,LA
9272,Effie,LA
9273,Egan,LA
9274,Elizabeth,LA
9275,Elm Grove,LA
9276,Elmer,LA
9277,Elton,LA
9278,Empire,LA
9279,Enterprise,LA
9280,Epps,LA
9281,Erath,LA
9282,Eros,LA
9283,Erwinville,LA
9284,Estherwood,LA
9285,Ethel,LA
9286,Eunice,LA
9287,Evangeline,LA
9288,Evans,LA
9289,Evergreen,LA
9290,Farmerville,LA
9291,Fenton,LA
9292,Ferriday,LA
9293,Fisher,LA
9294,Flatwoods,LA
9295,Flora,LA
9296,Florien,LA
9297,Fluker,LA
9298,Folsom,LA
9299,Fordoche,LA
9300,Forest,LA
9301,Forest Hill,LA
9302,Fort Johnson,LA
9303,Fort Necessity,LA
9304,Franklin,LA
9305,Franklinton,LA
9306,French Settlement,LA
9307,Frierson,LA
9308,Galliano,LA
9309,Garyville,LA
9310,Geismar,LA
9311,Georgetown,LA
9312,Gheens,LA
9313,Gibsland,LA
9314,Gibson,LA
9315,Gilbert,LA
9316,Gilliam,LA
9317,Glenmora,LA
9318,Gloster,LA
9319,Glynn,LA
9320,Golden Meadow,LA
9321,Goldonna,LA
9322,Gonzales,LA
9323,Gorum,LA
9324,Grambling,LA
9325,Gramercy,LA
9326,Grand Cane,LA
9327,Grand Chenier,LA
9328,Grand Coteau,LA
9329,Grand Isle,LA
9330,Grant,LA
9331,Gray,LA
9332,Grayson,LA
9333,Greensburg,LA
9334,Greenwell Springs,LA
9335,Greenwood,LA
9336,Gretna,LA
9337,Grosse Tete,LA
9338,Gueydan,LA
9339,Hackberry,LA
9340,Hahnville,LA
9341,Hall Summit,LA
9342,Hamburg,LA
9343,Hammond,LA
9344,Harrisonburg,LA
9345,Harvey,LA
9346,Haughton,LA
9347,Hayes,LA
9348,Haynesville,LA
9349,Heflin,LA
9350,Hessmer,LA
9351,Hester,LA
9352,Hineston,LA
9353,Hodge,LA
9354,Holden,LA
9355,Homer,LA
9356,Hornbeck,LA
9357,Hosston,LA
9358,Houma,LA
9359,Husser,LA
9360,Ida,LA
9361,Independence,LA
9362,Innis,LA
9363,Iota,LA
9364,Iowa,LA
9365,Jackson,LA
9366,Jamestown,LA
9367,Jarreau,LA
9368,Jeanerette,LA
9369,Jena,LA
9370,Jennings,LA
9371,Jones,LA
9372,Jonesboro,LA
9373,Jonesville,LA
9374,Kaplan,LA
9375,Keatchie,LA
9376,Keithville,LA
9377,Kelly,LA
9378,Kenner,LA
9379,Kentwood,LA
9380,Kilbourne,LA
9381,Kinder,LA
9382,Krotz Springs,LA
9383,La Place,LA
9384,Labadieville,LA
9385,Lacassine,LA
9386,Lacombe,LA
9387,Lafayette,LA
9388,Lafitte,LA
9389,Lake Arthur,LA
9390,Lake Charles,LA
9391,Lake Providence,LA
9392,Lakeland,LA
9393,Larose,LA
9394,Lawtell,LA
9395,Lebeau,LA
9396,Leblanc,LA
9397,Lecompte,LA
9398,Leesville,LA
9399,Lena,LA
9400,Leonville,LA
9401,Lettsworth,LA
9402,Lillie,LA
9403,Lisbon,LA
9404,Livingston,LA
9405,Livonia,LA
9406,Lockport,LA
9407,Logansport,LA
9408,Longville,LA
9409,Loranger,LA
9410,Loreauville,LA
9411,Lottie,LA
9412,Luling,LA
9413,Lutcher,LA
9414,Madisonville,LA
9415,Mamou,LA
9416,Mandeville,LA
9417,Mangham,LA
9418,Mansfield,LA
9419,Mansura,LA
9420,Many,LA
9421,Maringouin,LA
9422,Marion,LA
9423,Marksville,LA
9424,Marrero,LA
9425,Marthaville,LA
9426,Mathews,LA
9427,Maurepas,LA
9428,Maurice,LA
9429,Melrose,LA
9430,Melville,LA
9431,Mer Rouge,LA
9432,Meraux,LA
9433,Mermentau,LA
9434,Merryville,LA
9435,Metairie,LA
9436,Milton,LA
9437,Minden,LA
9438,Mittie,LA
9439,Monroe,LA
9440,Montegut,LA
9441,Monterey,LA
9442,Montgomery,LA
9443,Mooringsport,LA
9444,Mora,LA
9445,Moreauville,LA
9446,Morgan City,LA
9447,Morganza,LA
9448,Morrow,LA
9449,Morse,LA
9450,Mount Airy,LA
9451,Mount Hermon,LA
9452,Napoleonville,LA
9453,Natalbany,LA
9454,Natchez,LA
9455,Natchitoches,LA
9456,New Iberia,LA
9457,New Llano,LA
9458,New Orleans,LA
9459,New Roads,LA
9460,Newellton,LA
9461,Noble,LA
9462,Norco,LA
9463,Norwood,LA
9464,Oak Grove,LA
9465,Oak Ridge,LA
9466,Oakdale,LA
9467,Oberlin,LA
9468,Oil City,LA
9469,Olla,LA
9470,Opelousas,LA
9471,Oscar,LA
9472,Otis,LA
9473,Paincourtville,LA
9474,Palmetto,LA
9475,Paradis,LA
9476,Patterson,LA
9477,Paulina,LA
9478,Pearl River,LA
9479,Pelican,LA
9480,Perry,LA
9481,Pierre Part,LA
9482,Pine Grove,LA
9483,Pine Prairie,LA
9484,Pineville,LA
9485,Pioneer,LA
9486,Pitkin,LA
9487,Plain Dealing,LA
9488,Plaquemine,LA
9489,Plattenville,LA
9490,Plaucheville,LA
9491,Pleasant Hill,LA
9492,Pointe A La Hache,LA
9493,Pollock,LA
9494,Ponchatoula,LA
9495,Port Allen,LA
9496,Port Barre,LA
9497,Port Sulphur,LA
9498,Powhatan,LA
9499,Prairieville,LA
9500,Pride,LA
9501,Princeton,LA
9502,Provencal,LA
9503,Quitman,LA
9504,Raceland,LA
9505,Ragley,LA
9506,Rayne,LA
9507,Rayville,LA
9508,Reddell,LA
9509,Reeves,LA
9510,Reserve,LA
9511,Ringgold,LA
9512,Roanoke,LA
9513,Robeline,LA
9514,Robert,LA
9515,Rodessa,LA
9516,Rosedale,LA
9517,Roseland,LA
9518,Rosepine,LA
9519,Rougon,LA
9520,Ruston,LA
9521,Saint Amant,LA
9522,Saint Benedict,LA
9523,Saint Bernard,LA
9524,Saint Francisville,LA
9525,Saint Gabriel,LA
9526,Saint James,LA
9527,Saint Joseph,LA
9528,Saint Landry,LA
9529,Saint Martinville,LA
9530,Saint Rose,LA
9531,Saline,LA
9532,Sarepta,LA
9533,Schriever,LA
9534,Scott,LA
9535,Shongaloo,LA
9536,Shreveport,LA
9537,Sibley,LA
9538,Sicily Island,LA
9539,Sieper,LA
9540,Sikes,LA
9541,Simmesport,LA
9542,Simpson,LA
9543,Simsboro,LA
9544,Singer,LA
9545,Slagle,LA
9546,Slaughter,LA
9547,Slidell,LA
9548,Sondheimer,LA
9549,Sorrento,LA
9550,Spearsville,LA
9551,Springfield,LA
9552,Springhill,LA
9553,Starks,LA
9554,Start,LA
9555,Sterlington,LA
9556,Stonewall,LA
9557,Sugartown,LA
9558,Sulphur,LA
9559,Summerfield,LA
9560,Sun,LA
9561,Sunset,LA
9562,Sunshine,LA
9563,Talisheek,LA
9564,Tallulah,LA
9565,Tangipahoa,LA
9566,Theriot,LA
9567,Thibodaux,LA
9568,Tickfaw,LA
9569,Transylvania,LA
9570,Trout,LA
9571,Tullos,LA
9572,Tunica,LA
9573,Turkey Creek,LA
9574,Urania,LA
9575,Vacherie,LA
9576,Venice,LA
9577,Ventress,LA
9578,Vidalia,LA
9579,Ville Platte,LA
9580,Vinton,LA
9581,Violet,LA
9582,Vivian,LA
9583,Walker,LA
9584,Washington,LA
9585,Waterproof,LA
9586,Watson,LA
9587,Welsh,LA
9588,West Monroe,LA
9589,Westlake,LA
9590,Westwego,LA
9591,Weyanoke,LA
9592,White Castle,LA
9593,Wilson,LA
9594,Winnfield,LA
9595,Winnsboro,LA
9596,Wisner,LA
9597,Woodworth,LA
9598,Youngsville,LA
9599,Zachary,LA
9600,Zwolle,LA
9601,Abington,MA
9602,Acton,MA
9603,Acushnet,MA
9604,Adams,MA
9605,Agawam,MA
9606,Allston,MA
9607,Amesbury,MA
9608,Amherst,MA
9609,Andover,MA
9610,Arlington,MA
9611,Ashburnham,MA
9612,Ashby,MA
9613,Ashfield,MA
9614,Ashland,MA
9615,Ashley Falls,MA
9616,Assonet,MA
9617,Athol,MA
9618,Attleboro,MA
9619,Attleboro Falls,MA
9620,Auburn,MA
9621,Auburndale,MA
9622,Avon,MA
9623,Ayer,MA
9624,Babson Park,MA
9625,Baldwinville,MA
9626,Barnstable,MA
9627,Barre,MA
9628,Becket,MA
9629,Bedford,MA
9630,Belchertown,MA
9631,Bellingham,MA
9632,Belmont,MA
9633,Berkley,MA
9634,Berkshire,MA
9635,Berlin,MA
9636,Bernardston,MA
9637,Beverly,MA
9638,Billerica,MA
9639,Blackstone,MA
9640,Blandford,MA
9641,Bolton,MA
9642,Bondsville,MA
9643,Boston,MA
9644,Boxborough,MA
9645,Boxford,MA
9646,Boylston,MA
9647,Braintree,MA
9648,Brewster,MA
9649,Bridgewater,MA
9650,Brighton,MA
9651,Brimfield,MA
9652,Brockton,MA
9653,Brookfield,MA
9654,Brookline,MA
9655,Buckland,MA
9656,Burlington,MA
9657,Buzzards Bay,MA
9658,Byfield,MA
9659,Cambridge,MA
9660,Canton,MA
9661,Carlisle,MA
9662,Carver,MA
9663,Cataumet,MA
9664,Centerville,MA
9665,Charlemont,MA
9666,Charlestown,MA
9667,Charlton,MA
9668,Chatham,MA
9669,Chelmsford,MA
9670,Chelsea,MA
9671,Cherry Valley,MA
9672,Cheshire,MA
9673,Chester,MA
9674,Chesterfield,MA
9675,Chestnut Hill,MA
9676,Chicopee,MA
9677,Chilmark,MA
9678,Clinton,MA
9679,Cohasset,MA
9680,Colrain,MA
9681,Concord,MA
9682,Conway,MA
9683,Cotuit,MA
9684,Cummaquid,MA
9685,Cummington,MA
9686,Cuttyhunk,MA
9687,Dalton,MA
9688,Danvers,MA
9689,Dedham,MA
9690,Deerfield,MA
9691,Dennis,MA
9692,Dennis Port,MA
9693,Devens,MA
9694,Dighton,MA
9695,Dorchester,MA
9696,Dorchester Center,MA
9697,Douglas,MA
9698,Dover,MA
9699,Dracut,MA
9700,Drury,MA
9701,Dudley,MA
9702,Dunstable,MA
9703,Duxbury,MA
9704,East Boston,MA
9705,East Bridgewater,MA
9706,East Brookfield,MA
9707,East Dennis,MA
9708,East Falmouth,MA
9709,East Freetown,MA
9710,East Longmeadow,MA
9711,East Orleans,MA
9712,East Otis,MA
9713,East Sandwich,MA
9714,East Taunton,MA
9715,East Templeton,MA
9716,East Walpole,MA
9717,East Wareham,MA
9718,East Weymouth,MA
9719,Eastham,MA
9720,Easthampton,MA
9721,Edgartown,MA
9722,Erving,MA
9723,Essex,MA
9724,Everett,MA
9725,Fairhaven,MA
9726,Fall River,MA
9727,Falmouth,MA
9728,Fayville,MA
9729,Feeding Hills,MA
9730,Fiskdale,MA
9731,Fitchburg,MA
9732,Florence,MA
9733,Forestdale,MA
9734,Foxboro,MA
9735,Framingham,MA
9736,Franklin,MA
9737,Gardner,MA
9738,Georgetown,MA
9739,Gilbertville,MA
9740,Gill,MA
9741,Glendale,MA
9742,Gloucester,MA
9743,Goshen,MA
9744,Grafton,MA
9745,Granby,MA
9746,Granville,MA
9747,Great Barrington,MA
9748,Greenfield,MA
9749,Groton,MA
9750,Groveland,MA
9751,Hadley,MA
9752,Halifax,MA
9753,Hampden,MA
9754,Hanover,MA
9755,Hanscom Afb,MA
9756,Hanson,MA
9757,Hardwick,MA
9758,Harvard,MA
9759,Harwich,MA
9760,Harwich Port,MA
9761,Hatfield,MA
9762,Hathorne,MA
9763,Haverhill,MA
9764,Haydenville,MA
9765,Heath,MA
9766,Hingham,MA
9767,Hinsdale,MA
9768,Holbrook,MA
9769,Holden,MA
9770,Holland,MA
9771,Holliston,MA
9772,Holyoke,MA
9773,Hopedale,MA
9774,Hopkinton,MA
9775,Housatonic,MA
9776,Hubbardston,MA
9777,Hudson,MA
9778,Hull,MA
9779,Humarock,MA
9780,Huntington,MA
9781,Hyannis,MA
9782,Hyannis Port,MA
9783,Hyde Park,MA
9784,Indian Orchard,MA
9785,Ipswich,MA
9786,Jamaica Plain,MA
9787,Jefferson,MA
9788,Kingston,MA
9789,Lake Pleasant,MA
9790,Lakeville,MA
9791,Lancaster,MA
9792,Lanesborough,MA
9793,Lawrence,MA
9794,Lee,MA
9795,Leeds,MA
9796,Leicester,MA
9797,Lenox,MA
9798,Lenox Dale,MA
9799,Leominster,MA
9800,Leverett,MA
9801,Lexington,MA
9802,Lincoln,MA
9803,Linwood,MA
9804,Littleton,MA
9805,Longmeadow,MA
9806,Lowell,MA
9807,Ludlow,MA
9808,Lunenburg,MA
9809,Lynn,MA
9810,Lynnfield,MA
9811,Malden,MA
9812,Manchester,MA
9813,Mansfield,MA
9814,Marblehead,MA
9815,Marion,MA
9816,Marlborough,MA
9817,Marshfield,MA
9818,Marstons Mills,MA
9819,Mashpee,MA
9820,Mattapan,MA
9821,Mattapoisett,MA
9822,Maynard,MA
9823,Medfield,MA
9824,Medford,MA
9825,Medway,MA
9826,Melrose,MA
9827,Mendon,MA
9828,Merrimac,MA
9829,Methuen,MA
9830,Middleboro,MA
9831,Middlefield,MA
9832,Middleton,MA
9833,Milford,MA
9834,Mill River,MA
9835,Millbury,MA
9836,Millers Falls,MA
9837,Millis,MA
9838,Millville,MA
9839,Milton,MA
9840,Monponsett,MA
9841,Monroe Bridge,MA
9842,Monson,MA
9843,Montague,MA
9844,Monterey,MA
9845,Monument Beach,MA
9846,Nahant,MA
9847,Nantucket,MA
9848,Natick,MA
9849,Needham,MA
9850,Needham Heights,MA
9851,New Bedford,MA
9852,New Braintree,MA
9853,New Salem,MA
9854,Newbury,MA
9855,Newburyport,MA
9856,Newton,MA
9857,Newton Center,MA
9858,Newton Highlands,MA
9859,Newton Lower Falls,MA
9860,Newton Upper Falls,MA
9861,Newtonville,MA
9862,Norfolk,MA
9863,North Adams,MA
9864,North Andover,MA
9865,North Attleboro,MA
9866,North Billerica,MA
9867,North Brookfield,MA
9868,North Chatham,MA
9869,North Chelmsford,MA
9870,North Dartmouth,MA
9871,North Dighton,MA
9872,North Easton,MA
9873,North Falmouth,MA
9874,North Grafton,MA
9875,North Hatfield,MA
9876,North Oxford,MA
9877,North Reading,MA
9878,North Truro,MA
9879,North Waltham,MA
9880,North Weymouth,MA
9881,Northampton,MA
9882,Northborough,MA
9883,Northbridge,MA
9884,Northfield,MA
9885,Norton,MA
9886,Norwell,MA
9887,Norwood,MA
9888,Oak Bluffs,MA
9889,Oakham,MA
9890,Onset,MA
9891,Orange,MA
9892,Orleans,MA
9893,Osterville,MA
9894,Otis,MA
9895,Oxford,MA
9896,Palmer,MA
9897,Paxton,MA
9898,Peabody,MA
9899,Pembroke,MA
9900,Pepperell,MA
9901,Petersham,MA
9902,Pittsfield,MA
9903,Plainfield,MA
9904,Plainville,MA
9905,Plymouth,MA
9906,Plympton,MA
9907,Pocasset,MA
9908,Prides Crossing,MA
9909,Princeton,MA
9910,Provincetown,MA
9911,Quincy,MA
9912,Randolph,MA
9913,Raynham,MA
9914,Reading,MA
9915,Rehoboth,MA
9916,Revere,MA
9917,Richmond,MA
9918,Rochdale,MA
9919,Rochester,MA
9920,Rockland,MA
9921,Rockport,MA
9922,Roslindale,MA
9923,Rowe,MA
9924,Rowley,MA
9925,Roxbury,MA
9926,Roxbury Crossing,MA
9927,Royalston,MA
9928,Russell,MA
9929,Rutland,MA
9930,Sagamore,MA
9931,Sagamore Beach,MA
9932,Salem,MA
9933,Salisbury,MA
9934,Sandisfield,MA
9935,Sandwich,MA
9936,Saugus,MA
9937,Savoy,MA
9938,Scituate,MA
9939,Seekonk,MA
9940,Sharon,MA
9941,Sheffield,MA
9942,Shelburne Falls,MA
9943,Sherborn,MA
9944,Shirley,MA
9945,Shrewsbury,MA
9946,Shutesbury,MA
9947,Siasconset,MA
9948,Somerset,MA
9949,Somerville,MA
9950,South Barre,MA
9951,South Boston,MA
9952,South Carver,MA
9953,South Chatham,MA
9954,South Dartmouth,MA
9955,South Deerfield,MA
9956,South Dennis,MA
9957,South Easton,MA
9958,South Egremont,MA
9959,South Grafton,MA
9960,South Hadley,MA
9961,South Hamilton,MA
9962,South Lancaster,MA
9963,South Lee,MA
9964,South Walpole,MA
9965,South Wellfleet,MA
9966,South Weymouth,MA
9967,South Yarmouth,MA
9968,Southampton,MA
9969,Southborough,MA
9970,Southbridge,MA
9971,Southfield,MA
9972,Southwick,MA
9973,Spencer,MA
9974,Springfield,MA
9975,Sterling,MA
9976,Stockbridge,MA
9977,Stoneham,MA
9978,Stoughton,MA
9979,Stow,MA
9980,Sturbridge,MA
9981,Sudbury,MA
9982,Sunderland,MA
9983,Sutton,MA
9984,Swampscott,MA
9985,Swansea,MA
9986,Taunton,MA
9987,Templeton,MA
9988,Tewksbury,MA
9989,Thorndike,MA
9990,Three Rivers,MA
9991,Topsfield,MA
9992,Townsend,MA
9993,Truro,MA
9994,Turners Falls,MA
9995,Tyngsboro,MA
9996,Tyringham,MA
9997,Upton,MA
9998,Uxbridge,MA
9999,Vineyard Haven,MA
10000,Waban,MA
10001,Wakefield,MA
10002,Wales,MA
10003,Walpole,MA
10004,Waltham,MA
10005,Ware,MA
10006,Wareham,MA
10007,Warren,MA
10008,Warwick,MA
10009,Watertown,MA
10010,Wayland,MA
10011,Webster,MA
10012,Wellesley,MA
10013,Wellesley Hills,MA
10014,Wellfleet,MA
10015,Wendell,MA
10016,Wendell Depot,MA
10017,Wenham,MA
10018,West Barnstable,MA
10019,West Boylston,MA
10020,West Bridgewater,MA
10021,West Brookfield,MA
10022,West Chesterfield,MA
10023,West Dennis,MA
10024,West Harwich,MA
10025,West Hatfield,MA
10026,West Hyannisport,MA
10027,West Newbury,MA
10028,West Newton,MA
10029,West Roxbury,MA
10030,West Springfield,MA
10031,West Stockbridge,MA
10032,West Tisbury,MA
10033,West Townsend,MA
10034,West Wareham,MA
10035,West Warren,MA
10036,West Yarmouth,MA
10037,Westborough,MA
10038,Westfield,MA
10039,Westford,MA
10040,Westminster,MA
10041,Weston,MA
10042,Westport,MA
10043,Westport Point,MA
10044,Westwood,MA
10045,Weymouth,MA
10046,Whately,MA
10047,Wheelwright,MA
10048,Whitinsville,MA
10049,Whitman,MA
10050,Wilbraham,MA
10051,Williamsburg,MA
10052,Williamstown,MA
10053,Wilmington,MA
10054,Winchendon,MA
10055,Winchester,MA
10056,Windsor,MA
10057,Winthrop,MA
10058,Woburn,MA
10059,Woods Hole,MA
10060,Worcester,MA
10061,Woronoco,MA
10062,Worthington,MA
10063,Wrentham,MA
10064,Yarmouth Port,MA
10065,Abell,MD
10066,Aberdeen,MD
10067,Aberdeen Proving Ground,MD
10068,Abingdon,MD
10069,Accident,MD
10070,Accokeek,MD
10071,Adamstown,MD
10072,Adelphi,MD
10073,Allen,MD
10074,Andrews Air Force Base,MD
10075,Annapolis,MD
10076,Annapolis Junction,MD
10077,Aquasco,MD
10078,Arnold,MD
10079,Ashton,MD
10080,Avenue,MD
10081,Baldwin,MD
10082,Baltimore,MD
10083,Barclay,MD
10084,Barnesville,MD
10085,Barton,MD
10086,Bealsville,MD
10087,Bel Air,MD
10088,Bel Alton,MD
10089,Belcamp,MD
10090,Beltsville,MD
10091,Benedict,MD
10092,Berlin,MD
10093,Bethesda,MD
10094,Betterton,MD
10095,Big Pool,MD
10096,Bishopville,MD
10097,Bivalve,MD
10098,Bladensburg,MD
10099,Bloomington,MD
10100,Boonsboro,MD
10101,Bowie,MD
10102,Boyds,MD
10103,Bozman,MD
10104,Braddock Heights,MD
10105,Brandywine,MD
10106,Brentwood,MD
10107,Brinklow,MD
10108,Brookeville,MD
10109,Brooklyn,MD
10110,Broomes Island,MD
10111,Brownsville,MD
10112,Brunswick,MD
10113,Bryans Road,MD
10114,Bryantown,MD
10115,Buckeystown,MD
10116,Burkittsville,MD
10117,Burtonsville,MD
10118,Bushwood,MD
10119,Butler,MD
10120,Cabin John,MD
10121,California,MD
10122,Callaway,MD
10123,Cambridge,MD
10124,Capitol Heights,MD
10125,Cascade,MD
10126,Catonsville,MD
10127,Cecilton,MD
10128,Centreville,MD
10129,Chaptico,MD
10130,Charlestown,MD
10131,Charlotte Hall,MD
10132,Cheltenham,MD
10133,Chesapeake Beach,MD
10134,Chesapeake City,MD
10135,Chester,MD
10136,Chestertown,MD
10137,Chevy Chase,MD
10138,Church Creek,MD
10139,Church Hill,MD
10140,Churchton,MD
10141,Churchville,MD
10142,Claiborne,MD
10143,Clarksburg,MD
10144,Clarksville,MD
10145,Clear Spring,MD
10146,Clements,MD
10147,Clinton,MD
10148,Cobb Island,MD
10149,Cockeysville,MD
10150,College Park,MD
10151,Colora,MD
10152,Coltons Point,MD
10153,Columbia,MD
10154,Conowingo,MD
10155,Cooksville,MD
10156,Cordova,MD
10157,Corriganville,MD
10158,Crapo,MD
10159,Crisfield,MD
10160,Crocheron,MD
10161,Crofton,MD
10162,Crownsville,MD
10163,Crumpton,MD
10164,Cumberland,MD
10165,Curtis Bay,MD
10166,Damascus,MD
10167,Dameron,MD
10168,Darlington,MD
10169,Davidsonville,MD
10170,Dayton,MD
10171,Deal Island,MD
10172,Deale,MD
10173,Delmar,MD
10174,Denton,MD
10175,Derwood,MD
10176,Dickerson,MD
10177,District Heights,MD
10178,Dowell,MD
10179,Drayden,MD
10180,Dundalk,MD
10181,Dunkirk,MD
10182,Earleville,MD
10183,East New Market,MD
10184,Easton,MD
10185,Eden,MD
10186,Edgewater,MD
10187,Edgewood,MD
10188,Elk Mills,MD
10189,Elkridge,MD
10190,Elkton,MD
10191,Ellerslie,MD
10192,Ellicott City,MD
10193,Emmitsburg,MD
10194,Essex,MD
10195,Ewell,MD
10196,Fairplay,MD
10197,Fallston,MD
10198,Faulkner,MD
10199,Federalsburg,MD
10200,Finksburg,MD
10201,Fishing Creek,MD
10202,Flintstone,MD
10203,Forest Hill,MD
10204,Fork,MD
10205,Fort George G Meade,MD
10206,Fort Howard,MD
10207,Fort Washington,MD
10208,Frederick,MD
10209,Freeland,MD
10210,Friendship,MD
10211,Friendsville,MD
10212,Frostburg,MD
10213,Fruitland,MD
10214,Fulton,MD
10215,Funkstown,MD
10216,Gaithersburg,MD
10217,Galena,MD
10218,Galesville,MD
10219,Gambrills,MD
10220,Garrett Park,MD
10221,Georgetown,MD
10222,Germantown,MD
10223,Gibson Island,MD
10224,Girdletree,MD
10225,Glen Arm,MD
10226,Glen Burnie,MD
10227,Glen Echo,MD
10228,Glenelg,MD
10229,Glenn Dale,MD
10230,Glenwood,MD
10231,Glyndon,MD
10232,Goldsboro,MD
10233,Grantsville,MD
10234,Grasonville,MD
10235,Great Mills,MD
10236,Greenbelt,MD
10237,Greensboro,MD
10238,Gunpowder,MD
10239,Gwynn Oak,MD
10240,Hagerstown,MD
10241,Halethorpe,MD
10242,Hampstead,MD
10243,Hancock,MD
10244,Hanover,MD
10245,Harmans,MD
10246,Harwood,MD
10247,Havre De Grace,MD
10248,Hebron,MD
10249,Henderson,MD
10250,Highland,MD
10251,Hillsboro,MD
10252,Hollywood,MD
10253,Hughesville,MD
10254,Hunt Valley,MD
10255,Huntingtown,MD
10256,Hurlock,MD
10257,Hyattsville,MD
10258,Hydes,MD
10259,Ijamsville,MD
10260,Indian Head,MD
10261,Ingleside,MD
10262,Issue,MD
10263,Jarrettsville,MD
10264,Jefferson,MD
10265,Jessup,MD
10266,Joppa,MD
10267,Keedysville,MD
10268,Kennedyville,MD
10269,Kensington,MD
10270,Keymar,MD
10271,Kingsville,MD
10272,Kitzmiller,MD
10273,Knoxville,MD
10274,La Plata,MD
10275,Landover,MD
10276,Lanham,MD
10277,Laurel,MD
10278,Leonardtown,MD
10279,Lexington Park,MD
10280,Libertytown,MD
10281,Linkwood,MD
10282,Linthicum Heights,MD
10283,Little Orleans,MD
10284,Lonaconing,MD
10285,Lothian,MD
10286,Loveville,MD
10287,Luke,MD
10288,Lusby,MD
10289,Lutherville Timonium,MD
10290,Madison,MD
10291,Manchester,MD
10292,Marbury,MD
10293,Mardela Springs,MD
10294,Marion Station,MD
10295,Marriottsville,MD
10296,Marydel,MD
10297,Maryland Line,MD
10298,Massey,MD
10299,Maugansville,MD
10300,Mcdaniel,MD
10301,McHenry,MD
10302,Mechanicsville,MD
10303,Middle River,MD
10304,Middletown,MD
10305,Midland,MD
10306,Midlothian,MD
10307,Millersville,MD
10308,Millington,MD
10309,Monkton,MD
10310,Monrovia,MD
10311,Montgomery Village,MD
10312,Morganza,MD
10313,Mount Airy,MD
10314,Mount Rainier,MD
10315,Mount Savage,MD
10316,Mount Victoria,MD
10317,Myersville,MD
10318,Nanjemoy,MD
10319,Nanticoke,MD
10320,Neavitt,MD
10321,New Market,MD
10322,New Windsor,MD
10323,Newark,MD
10324,Newburg,MD
10325,Newcomb,MD
10326,North Beach,MD
10327,North Bethesda,MD
10328,North East,MD
10329,North Potomac,MD
10330,Nottingham,MD
10331,Oakland,MD
10332,Ocean City,MD
10333,Odenton,MD
10334,Oldtown,MD
10335,Olney,MD
10336,Owings,MD
10337,Owings Mills,MD
10338,Oxford,MD
10339,Oxon Hill,MD
10340,Park Hall,MD
10341,Parkton,MD
10342,Parkville,MD
10343,Parsonsburg,MD
10344,Pasadena,MD
10345,Patuxent River,MD
10346,Perry Hall,MD
10347,Perry Point,MD
10348,Perryman,MD
10349,Perryville,MD
10350,Phoenix,MD
10351,Pikesville,MD
10352,Piney Point,MD
10353,Pittsville,MD
10354,Pocomoke City,MD
10355,Point Of Rocks,MD
10356,Pomfret,MD
10357,Poolesville,MD
10358,Port Deposit,MD
10359,Port Republic,MD
10360,Port Tobacco,MD
10361,Potomac,MD
10362,Preston,MD
10363,Prince Frederick,MD
10364,Princess Anne,MD
10365,Pylesville,MD
10366,Quantico,MD
10367,Queen Anne,MD
10368,Queenstown,MD
10369,Randallstown,MD
10370,Rawlings,MD
10371,Reisterstown,MD
10372,Rhodesdale,MD
10373,Ridge,MD
10374,Ridgely,MD
10375,Rising Sun,MD
10376,Riva,MD
10377,Riverdale,MD
10378,Rock Hall,MD
10379,Rockville,MD
10380,Rocky Ridge,MD
10381,Rohrersville,MD
10382,Rosedale,MD
10383,Royal Oak,MD
10384,Sabillasville,MD
10385,Saint Inigoes,MD
10386,Saint James,MD
10387,Saint Leonard,MD
10388,Saint Marys City,MD
10389,Saint Michaels,MD
10390,Salisbury,MD
10391,Sandy Spring,MD
10392,Savage,MD
10393,Scotland,MD
10394,Secretary,MD
10395,Severn,MD
10396,Severna Park,MD
10397,Shady Side,MD
10398,Sharpsburg,MD
10399,Sharptown,MD
10400,Sherwood,MD
10401,Showell,MD
10402,Silver Spring,MD
10403,Smithsburg,MD
10404,Snow Hill,MD
10405,Solomons,MD
10406,Sparks Glencoe,MD
10407,Sparrows Point,MD
10408,Spencerville,MD
10409,Spring Gap,MD
10410,Stevenson,MD
10411,Stevensville,MD
10412,Still Pond,MD
10413,Stockton,MD
10414,Street,MD
10415,Sudlersville,MD
10416,Suitland,MD
10417,Sunderland,MD
10418,Swanton,MD
10419,Sykesville,MD
10420,Takoma Park,MD
10421,Tall Timbers,MD
10422,Taneytown,MD
10423,Taylors Island,MD
10424,Temple Hills,MD
10425,Thurmont,MD
10426,Tilghman,MD
10427,Toddville,MD
10428,Towson,MD
10429,Tracys Landing,MD
10430,Trappe,MD
10431,Tuscarora,MD
10432,Tyaskin,MD
10433,Tylerton,MD
10434,Union Bridge,MD
10435,Upper Fairmount,MD
10436,Upper Falls,MD
10437,Upper Marlboro,MD
10438,Upperco,MD
10439,Valley Lee,MD
10440,Vienna,MD
10441,Waldorf,MD
10442,Walkersville,MD
10443,Warwick,MD
10444,Washington Grove,MD
10445,Welcome,MD
10446,West Friendship,MD
10447,West River,MD
10448,Westernport,MD
10449,Westminster,MD
10450,Westover,MD
10451,Whaleyville,MD
10452,White Hall,MD
10453,White Marsh,MD
10454,White Plains,MD
10455,Whiteford,MD
10456,Willards,MD
10457,Williamsport,MD
10458,Windsor Mill,MD
10459,Wingate,MD
10460,Wittman,MD
10461,Woodbine,MD
10462,Woodsboro,MD
10463,Woodstock,MD
10464,Woolford,MD
10465,Worton,MD
10466,Wye Mills,MD
10467,Abbot,ME
10468,Acton,ME
10469,Addison,ME
10470,Albion,ME
10471,Alfred,ME
10472,Alna,ME
10473,Andover,ME
10474,Anson,ME
10475,Ashland,ME
10476,Athens,ME
10477,Auburn,ME
10478,Augusta,ME
10479,Aurora,ME
10480,Bailey Island,ME
10481,Baileyville,ME
10482,Bangor,ME
10483,Bar Harbor,ME
10484,Bass Harbor,ME
10485,Bath,ME
10486,Beals,ME
10487,Belfast,ME
10488,Belgrade,ME
10489,Belgrade Lakes,ME
10490,Benedicta,ME
10491,Bernard,ME
10492,Berwick,ME
10493,Bethel,ME
10494,Biddeford,ME
10495,Biddeford Pool,ME
10496,Bingham,ME
10497,Birch Harbor,ME
10498,Blaine,ME
10499,Blue Hill,ME
10500,Boothbay,ME
10501,Boothbay Harbor,ME
10502,Bowdoin,ME
10503,Bowdoinham,ME
10504,Bradford,ME
10505,Bradley,ME
10506,Bremen,ME
10507,Brewer,ME
10508,Bridgewater,ME
10509,Bridgton,ME
10510,Bristol,ME
10511,Brooklin,ME
10512,Brooks,ME
10513,Brooksville,ME
10514,Brookton,ME
10515,Brownfield,ME
10516,Brownville,ME
10517,Brownville Junction,ME
10518,Brunswick,ME
10519,Bryant Pond,ME
10520,Buckfield,ME
10521,Bucksport,ME
10522,Burlington,ME
10523,Burnham,ME
10524,Buxton,ME
10525,Calais,ME
10526,Cambridge,ME
10527,Camden,ME
10528,Canaan,ME
10529,Canton,ME
10530,Cape Elizabeth,ME
10531,Cape Neddick,ME
10532,Caratunk,ME
10533,Caribou,ME
10534,Carmel,ME
10535,Casco,ME
10536,Castine,ME
10537,Chamberlain,ME
10538,Charleston,ME
10539,Chebeague Island,ME
10540,Cherryfield,ME
10541,China Village,ME
10542,Clayton Lake,ME
10543,Cliff Island,ME
10544,Clinton,ME
10545,Columbia Falls,ME
10546,Coopers Mills,ME
10547,Corea,ME
10548,Corinna,ME
10549,Corinth,ME
10550,Cornish,ME
10551,Cranberry Isles,ME
10552,Cumberland Center,ME
10553,Cumberland Foreside,ME
10554,Cushing,ME
10555,Cutler,ME
10556,Damariscotta,ME
10557,Danforth,ME
10558,Deer Isle,ME
10559,Denmark,ME
10560,Dennysville,ME
10561,Detroit,ME
10562,Dexter,ME
10563,Dixfield,ME
10564,Dixmont,ME
10565,Dover Foxcroft,ME
10566,Dresden,ME
10567,Durham,ME
10568,Eagle Lake,ME
10569,East Andover,ME
10570,East Baldwin,ME
10571,East Boothbay,ME
10572,East Dixfield,ME
10573,East Machias,ME
10574,East Millinocket,ME
10575,East Orland,ME
10576,East Waterboro,ME
10577,East Wilton,ME
10578,Easton,ME
10579,Eastport,ME
10580,Eddington,ME
10581,Edgecomb,ME
10582,Eliot,ME
10583,Ellsworth,ME
10584,Etna,ME
10585,Eustis,ME
10586,Exeter,ME
10587,Fairfield,ME
10588,Falmouth,ME
10589,Farmingdale,ME
10590,Farmington,ME
10591,Farmington Falls,ME
10592,Fort Fairfield,ME
10593,Fort Kent,ME
10594,Frankfort,ME
10595,Franklin,ME
10596,Freedom,ME
10597,Freeport,ME
10598,Frenchboro,ME
10599,Frenchville,ME
10600,Friendship,ME
10601,Fryeburg,ME
10602,Gardiner,ME
10603,Garland,ME
10604,Georgetown,ME
10605,Gorham,ME
10606,Gouldsboro,ME
10607,Grand Isle,ME
10608,Gray,ME
10609,Greenbush,ME
10610,Greene,ME
10611,Greenville,ME
10612,Greenville Junction,ME
10613,Greenwood,ME
10614,Guilford,ME
10615,Hallowell,ME
10616,Hampden,ME
10617,Hancock,ME
10618,Hanover,ME
10619,Harborside,ME
10620,Harmony,ME
10621,Harpswell,ME
10622,Harrington,ME
10623,Harrison,ME
10624,Hartland,ME
10625,Hebron,ME
10626,Hinckley,ME
10627,Hiram,ME
10628,Holden,ME
10629,Hollis Center,ME
10630,Hope,ME
10631,Houlton,ME
10632,Howland,ME
10633,Hudson,ME
10634,Island Falls,ME
10635,Isle Au Haut,ME
10636,Islesboro,ME
10637,Islesford,ME
10638,Jackman,ME
10639,Jay,ME
10640,Jefferson,ME
10641,Jonesboro,ME
10642,Jonesport,ME
10643,Kenduskeag,ME
10644,Kennebunk,ME
10645,Kennebunkport,ME
10646,Kents Hill,ME
10647,Kingfield,ME
10648,Kingman,ME
10649,Kittery,ME
10650,Kittery Point,ME
10651,Lagrange,ME
10652,Lambert Lake,ME
10653,Lebanon,ME
10654,Lee,ME
10655,Leeds,ME
10656,Levant,ME
10657,Lewiston,ME
10658,Liberty,ME
10659,Limerick,ME
10660,Limestone,ME
10661,Limington,ME
10662,Lincoln,ME
10663,Lincolnville,ME
10664,Lisbon,ME
10665,Lisbon Falls,ME
10666,Litchfield,ME
10667,Little Deer Isle,ME
10668,Livermore,ME
10669,Livermore Falls,ME
10670,Long Island,ME
10671,Lovell,ME
10672,Lubec,ME
10673,Machias,ME
10674,Machiasport,ME
10675,Madawaska,ME
10676,Madison,ME
10677,Manchester,ME
10678,Mapleton,ME
10679,Mars Hill,ME
10680,Matinicus,ME
10681,Mattawamkeag,ME
10682,Mechanic Falls,ME
10683,Meddybemps,ME
10684,Medway,ME
10685,Mexico,ME
10686,Milbridge,ME
10687,Milford,ME
10688,Millinocket,ME
10689,Milo,ME
10690,Minot,ME
10691,Monhegan,ME
10692,Monmouth,ME
10693,Monroe,ME
10694,Monson,ME
10695,Monticello,ME
10696,Morrill,ME
10697,Mount Desert,ME
10698,Mount Vernon,ME
10699,Naples,ME
10700,New Gloucester,ME
10701,New Harbor,ME
10702,New Limerick,ME
10703,New Portland,ME
10704,New Sharon,ME
10705,New Sweden,ME
10706,New Vineyard,ME
10707,Newcastle,ME
10708,Newfield,ME
10709,Newport,ME
10710,Newry,ME
10711,Nobleboro,ME
10712,Norridgewock,ME
10713,North Anson,ME
10714,North Berwick,ME
10715,North Bridgton,ME
10716,North Haven,ME
10717,North Monmouth,ME
10718,North Waterboro,ME
10719,North Waterford,ME
10720,North Yarmouth,ME
10721,Northeast Harbor,ME
10722,Norway,ME
10723,Oakfield,ME
10724,Oakland,ME
10725,Ocean Park,ME
10726,Ogunquit,ME
10727,Old Orchard Beach,ME
10728,Old Town,ME
10729,Oquossoc,ME
10730,Orient,ME
10731,Orland,ME
10732,Orono,ME
10733,Orrington,ME
10734,Orrs Island,ME
10735,Owls Head,ME
10736,Oxbow,ME
10737,Oxford,ME
10738,Palermo,ME
10739,Palmyra,ME
10740,Paris,ME
10741,Parsonsfield,ME
10742,Passadumkeag,ME
10743,Patten,ME
10744,Peaks Island,ME
10745,Pemaquid,ME
10746,Pembroke,ME
10747,Penobscot,ME
10748,Perham,ME
10749,Perry,ME
10750,Peru,ME
10751,Phillips,ME
10752,Phippsburg,ME
10753,Pittsfield,ME
10754,Plymouth,ME
10755,Poland,ME
10756,Port Clyde,ME
10757,Portage,ME
10758,Porter,ME
10759,Portland,ME
10760,Pownal,ME
10761,Presque Isle,ME
10762,Princeton,ME
10763,Prospect Harbor,ME
10764,Randolph,ME
10765,Rangeley,ME
10766,Raymond,ME
10767,Readfield,ME
10768,Richmond,ME
10769,Robbinston,ME
10770,Rockland,ME
10771,Rockport,ME
10772,Rockwood,ME
10773,Round Pond,ME
10774,Roxbury,ME
10775,Rumford,ME
10776,Sabattus,ME
10777,Saco,ME
10778,Saint Agatha,ME
10779,Saint Albans,ME
10780,Saint David,ME
10781,Saint Francis,ME
10782,Sanford,ME
10783,Sangerville,ME
10784,Sargentville,ME
10785,Scarborough,ME
10786,Seal Cove,ME
10787,Seal Harbor,ME
10788,Searsmont,ME
10789,Searsport,ME
10790,Sebago,ME
10791,Sebec,ME
10792,Sedgwick,ME
10793,Shapleigh,ME
10794,Shawmut,ME
10795,Sherman,ME
10796,Shirley Mills,ME
10797,Sinclair,ME
10798,Skowhegan,ME
10799,Smithfield,ME
10800,Smyrna Mills,ME
10801,Solon,ME
10802,Sorrento,ME
10803,South Berwick,ME
10804,South Bristol,ME
10805,South China,ME
10806,South Gardiner,ME
10807,South Paris,ME
10808,South Portland,ME
10809,South Thomaston,ME
10810,Southport,ME
10811,Southwest Harbor,ME
10812,Springfield,ME
10813,Springvale,ME
10814,Spruce Head,ME
10815,Squirrel Island,ME
10816,Stacyville,ME
10817,Standish,ME
10818,Steep Falls,ME
10819,Stetson,ME
10820,Steuben,ME
10821,Stillwater,ME
10822,Stockholm,ME
10823,Stockton Springs,ME
10824,Stoneham,ME
10825,Stonington,ME
10826,Stratton,ME
10827,Strong,ME
10828,Sullivan,ME
10829,Sumner,ME
10830,Sunset,ME
10831,Surry,ME
10832,Swans Island,ME
10833,Temple,ME
10834,Tenants Harbor,ME
10835,Thomaston,ME
10836,Thorndike,ME
10837,Topsfield,ME
10838,Topsham,ME
10839,Trevett,ME
10840,Troy,ME
10841,Turner,ME
10842,Union,ME
10843,Unity,ME
10844,Van Buren,ME
10845,Vanceboro,ME
10846,Vassalboro,ME
10847,Vienna,ME
10848,Vinalhaven,ME
10849,Waite,ME
10850,Waldoboro,ME
10851,Wallagrass,ME
10852,Walpole,ME
10853,Warren,ME
10854,Washburn,ME
10855,Washington,ME
10856,Waterboro,ME
10857,Waterford,ME
10858,Waterville,ME
10859,Wayne,ME
10860,Weld,ME
10861,Wells,ME
10862,Wesley,ME
10863,West Baldwin,ME
10864,West Bethel,ME
10865,West Boothbay Harbor,ME
10866,West Enfield,ME
10867,West Farmington,ME
10868,West Forks,ME
10869,West Newfield,ME
10870,West Paris,ME
10871,Westbrook,ME
10872,Westfield,ME
10873,Whitefield,ME
10874,Whiting,ME
10875,Wilton,ME
10876,Windham,ME
10877,Windsor,ME
10878,Winn,ME
10879,Winter Harbor,ME
10880,Winterport,ME
10881,Winthrop,ME
10882,Wiscasset,ME
10883,Woolwich,ME
10884,Wytopitlock,ME
10885,Yarmouth,ME
10886,York,ME
10887,York Beach,ME
10888,York Harbor,ME
10889,Ada,MI
10890,Addison,MI
10891,Adrian,MI
10892,Afton,MI
10893,Ahmeek,MI
10894,Akron,MI
10895,Alanson,MI
10896,Alba,MI
10897,Albion,MI
10898,Alden,MI
10899,Alger,MI
10900,Algonac,MI
10901,Allegan,MI
10902,Allen,MI
10903,Allen Park,MI
10904,Allendale,MI
10905,Allenton,MI
10906,Allouez,MI
10907,Alma,MI
10908,Almont,MI
10909,Alpena,MI
10910,Alpha,MI
10911,Alto,MI
10912,Amasa,MI
10913,Ann Arbor,MI
10914,Applegate,MI
10915,Arcadia,MI
10916,Argyle,MI
10917,Armada,MI
10918,Ashley,MI
10919,Athens,MI
10920,Atlanta,MI
10921,Atlantic Mine,MI
10922,Atlas,MI
10923,Attica,MI
10924,Au Gres,MI
10925,Au Train,MI
10926,Auburn,MI
10927,Auburn Hills,MI
10928,Augusta,MI
10929,Avoca,MI
10930,Bad Axe,MI
10931,Bailey,MI
10932,Baldwin,MI
10933,Bancroft,MI
10934,Bangor,MI
10935,Bannister,MI
10936,Baraga,MI
10937,Barbeau,MI
10938,Bark River,MI
10939,Baroda,MI
10940,Barryton,MI
10941,Barton City,MI
10942,Bath,MI
10943,Battle Creek,MI
10944,Bay City,MI
10945,Bay Port,MI
10946,Bear Lake,MI
10947,Beaver Island,MI
10948,Beaverton,MI
10949,Belding,MI
10950,Bellaire,MI
10951,Belleville,MI
10952,Bellevue,MI
10953,Belmont,MI
10954,Bentley,MI
10955,Benton Harbor,MI
10956,Benzonia,MI
10957,Bergland,MI
10958,Berkley,MI
10959,Berrien Center,MI
10960,Berrien Springs,MI
10961,Bessemer,MI
10962,Beulah,MI
10963,Big Bay,MI
10964,Big Rapids,MI
10965,Birch Run,MI
10966,Birmingham,MI
10967,Bitely,MI
10968,Black River,MI
10969,Blanchard,MI
10970,Blissfield,MI
10971,Bloomfield Hills,MI
10972,Bloomfield Township,MI
10973,Bloomingdale,MI
10974,Boon,MI
10975,Boyne City,MI
10976,Boyne Falls,MI
10977,Branch,MI
10978,Brant,MI
10979,Breckenridge,MI
10980,Breedsville,MI
10981,Brethren,MI
10982,Bridgeport,MI
10983,Bridgman,MI
10984,Brighton,MI
10985,Brimley,MI
10986,Britton,MI
10987,Brohman,MI
10988,Bronson,MI
10989,Brooklyn,MI
10990,Brown City,MI
10991,Bruce Crossing,MI
10992,Brutus,MI
10993,Buchanan,MI
10994,Buckley,MI
10995,Burlington,MI
10996,Burr Oak,MI
10997,Burt,MI
10998,Burt Lake,MI
10999,Burton,MI
11000,Byron,MI
11001,Byron Center,MI
11002,Cadillac,MI
11003,Caledonia,MI
11004,Calumet,MI
11005,Camden,MI
11006,Canton,MI
11007,Capac,MI
11008,Carleton,MI
11009,Carney,MI
11010,Caro,MI
11011,Carp Lake,MI
11012,Carrollton,MI
11013,Carson City,MI
11014,Carsonville,MI
11015,Casco,MI
11016,Caseville,MI
11017,Casnovia,MI
11018,Caspian,MI
11019,Cass City,MI
11020,Cassopolis,MI
11021,Cedar,MI
11022,Cedar Springs,MI
11023,Cedarville,MI
11024,Cement City,MI
11025,Center Line,MI
11026,Central Lake,MI
11027,Centreville,MI
11028,Ceresco,MI
11029,Champion,MI
11030,Channing,MI
11031,Charlevoix,MI
11032,Charlotte,MI
11033,Chase,MI
11034,Chassell,MI
11035,Chatham,MI
11036,Cheboygan,MI
11037,Chelsea,MI
11038,Chesaning,MI
11039,Chippewa Lake,MI
11040,Clare,MI
11041,Clarklake,MI
11042,Clarkston,MI
11043,Clarksville,MI
11044,Clawson,MI
11045,Clayton,MI
11046,Clifford,MI
11047,Climax,MI
11048,Clinton,MI
11049,Clinton Township,MI
11050,Clio,MI
11051,Cohoctah,MI
11052,Coldwater,MI
11053,Coleman,MI
11054,Coloma,MI
11055,Colon,MI
11056,Columbiaville,MI
11057,Columbus,MI
11058,Comins,MI
11059,Commerce Township,MI
11060,Comstock Park,MI
11061,Concord,MI
11062,Conklin,MI
11063,Constantine,MI
11064,Conway,MI
11065,Cooks,MI
11066,Coopersville,MI
11067,Copemish,MI
11068,Copper City,MI
11069,Copper Harbor,MI
11070,Coral,MI
11071,Cornell,MI
11072,Corunna,MI
11073,Covert,MI
11074,Covington,MI
11075,Croswell,MI
11076,Crystal,MI
11077,Crystal Falls,MI
11078,Curran,MI
11079,Curtis,MI
11080,Custer,MI
11081,Dafter,MI
11082,Daggett,MI
11083,Dansville,MI
11084,Davisburg,MI
11085,Davison,MI
11086,De Tour Village,MI
11087,Dearborn,MI
11088,Dearborn Heights,MI
11089,Decatur,MI
11090,Decker,MI
11091,Deckerville,MI
11092,Deerfield,MI
11093,Deerton,MI
11094,Deford,MI
11095,Delton,MI
11096,Detroit,MI
11097,Dewitt,MI
11098,Dexter,MI
11099,Dimondale,MI
11100,Dodgeville,MI
11101,Dollar Bay,MI
11102,Dorr,MI
11103,Douglas,MI
11104,Dowagiac,MI
11105,Dowling,MI
11106,Drummond Island,MI
11107,Dryden,MI
11108,Dundee,MI
11109,Durand,MI
11110,Eagle,MI
11111,East China,MI
11112,East Jordan,MI
11113,East Lansing,MI
11114,East Leroy,MI
11115,East Tawas,MI
11116,Eastlake,MI
11117,Eastpointe,MI
11118,Eastport,MI
11119,Eaton Rapids,MI
11120,Eau Claire,MI
11121,Eben Junction,MI
11122,Eckerman,MI
11123,Ecorse,MI
11124,Edenville,MI
11125,Edmore,MI
11126,Edwardsburg,MI
11127,Elberta,MI
11128,Elk Rapids,MI
11129,Elkton,MI
11130,Ellsworth,MI
11131,Elmira,MI
11132,Elsie,MI
11133,Elwell,MI
11134,Emmett,MI
11135,Empire,MI
11136,Engadine,MI
11137,Erie,MI
11138,Escanaba,MI
11139,Essexville,MI
11140,Evart,MI
11141,Ewen,MI
11142,Fair Haven,MI
11143,Fairgrove,MI
11144,Fairview,MI
11145,Falmouth,MI
11146,Farmington,MI
11147,Farmington Hills,MI
11148,Farwell,MI
11149,Felch,MI
11150,Fennville,MI
11151,Fenton,MI
11152,Fenwick,MI
11153,Ferndale,MI
11154,Ferrysburg,MI
11155,Fife Lake,MI
11156,Filer City,MI
11157,Filion,MI
11158,Flat Rock,MI
11159,Flint,MI
11160,Flushing,MI
11161,Forestville,MI
11162,Fort Gratiot,MI
11163,Foster City,MI
11164,Fostoria,MI
11165,Fountain,MI
11166,Fowler,MI
11167,Fowlerville,MI
11168,Frankenmuth,MI
11169,Frankfort,MI
11170,Franklin,MI
11171,Fraser,MI
11172,Frederic,MI
11173,Free Soil,MI
11174,Freeland,MI
11175,Freeport,MI
11176,Fremont,MI
11177,Fruitport,MI
11178,Fulton,MI
11179,Gaastra,MI
11180,Gagetown,MI
11181,Gaines,MI
11182,Galesburg,MI
11183,Galien,MI
11184,Garden,MI
11185,Garden City,MI
11186,Gaylord,MI
11187,Genesee,MI
11188,Germfask,MI
11189,Gladstone,MI
11190,Gladwin,MI
11191,Glen Arbor,MI
11192,Glennie,MI
11193,Gobles,MI
11194,Goetzville,MI
11195,Goodells,MI
11196,Goodrich,MI
11197,Gould City,MI
11198,Gowen,MI
11199,Grand Blanc,MI
11200,Grand Haven,MI
11201,Grand Junction,MI
11202,Grand Ledge,MI
11203,Grand Marais,MI
11204,Grand Rapids,MI
11205,Grandville,MI
11206,Grant,MI
11207,Grass Lake,MI
11208,Grawn,MI
11209,Grayling,MI
11210,Greenbush,MI
11211,Greenland,MI
11212,Greenville,MI
11213,Gregory,MI
11214,Grosse Ile,MI
11215,Grosse Pointe,MI
11216,Gulliver,MI
11217,Gwinn,MI
11218,Hadley,MI
11219,Hale,MI
11220,Hamburg,MI
11221,Hamilton,MI
11222,Hamtramck,MI
11223,Hancock,MI
11224,Hanover,MI
11225,Harbert,MI
11226,Harbor Beach,MI
11227,Harbor Springs,MI
11228,Harper Woods,MI
11229,Harrietta,MI
11230,Harrison,MI
11231,Harrison Township,MI
11232,Harrisville,MI
11233,Harsens Island,MI
11234,Hart,MI
11235,Hartford,MI
11236,Hartland,MI
11237,Haslett,MI
11238,Hastings,MI
11239,Hawks,MI
11240,Hazel Park,MI
11241,Hemlock,MI
11242,Henderson,MI
11243,Hermansville,MI
11244,Herron,MI
11245,Hersey,MI
11246,Hesperia,MI
11247,Hessel,MI
11248,Hickory Corners,MI
11249,Higgins Lake,MI
11250,Highland,MI
11251,Highland Park,MI
11252,Hillman,MI
11253,Hillsdale,MI
11254,Holland,MI
11255,Holly,MI
11256,Holt,MI
11257,Holton,MI
11258,Homer,MI
11259,Honor,MI
11260,Hope,MI
11261,Hopkins,MI
11262,Horton,MI
11263,Houghton,MI
11264,Houghton Lake,MI
11265,Houghton Lake Heights,MI
11266,Howard City,MI
11267,Howell,MI
11268,Hubbard Lake,MI
11269,Hubbardston,MI
11270,Hubbell,MI
11271,Hudson,MI
11272,Hudsonville,MI
11273,Hulbert,MI
11274,Huntington Woods,MI
11275,Ida,MI
11276,Idlewild,MI
11277,Imlay City,MI
11278,Indian River,MI
11279,Ingalls,MI
11280,Inkster,MI
11281,Interlochen,MI
11282,Ionia,MI
11283,Iron Mountain,MI
11284,Iron River,MI
11285,Irons,MI
11286,Ironwood,MI
11287,Ishpeming,MI
11288,Ithaca,MI
11289,Jackson,MI
11290,Jasper,MI
11291,Jeddo,MI
11292,Jenison,MI
11293,Jerome,MI
11294,Johannesburg,MI
11295,Jones,MI
11296,Jonesville,MI
11297,Kalamazoo,MI
11298,Kaleva,MI
11299,Kalkaska,MI
11300,Kawkawlin,MI
11301,Kearsarge,MI
11302,Keego Harbor,MI
11303,Kent City,MI
11304,Kewadin,MI
11305,Kincheloe,MI
11306,Kinde,MI
11307,Kingsford,MI
11308,Kingsley,MI
11309,Kingston,MI
11310,Kinross,MI
11311,La Salle,MI
11312,Lachine,MI
11313,Lacota,MI
11314,Laingsburg,MI
11315,Lake,MI
11316,Lake Ann,MI
11317,Lake City,MI
11318,Lake George,MI
11319,Lake Leelanau,MI
11320,Lake Linden,MI
11321,Lake Odessa,MI
11322,Lake Orion,MI
11323,Lakeland,MI
11324,Lakeside,MI
11325,Lakeview,MI
11326,Lambertville,MI
11327,Lamont,MI
11328,Lanse,MI
11329,Lansing,MI
11330,Lapeer,MI
11331,Lawrence,MI
11332,Lawton,MI
11333,Leland,MI
11334,Lennon,MI
11335,Leonard,MI
11336,Leonidas,MI
11337,Leroy,MI
11338,Leslie,MI
11339,Levering,MI
11340,Lewiston,MI
11341,Lexington,MI
11342,Lincoln,MI
11343,Lincoln Park,MI
11344,Linden,MI
11345,Linwood,MI
11346,Litchfield,MI
11347,Little Lake,MI
11348,Livonia,MI
11349,Long Lake,MI
11350,Loretto,MI
11351,Lowell,MI
11352,Ludington,MI
11353,Luna Pier,MI
11354,Lupton,MI
11355,Luther,MI
11356,Luzerne,MI
11357,Lyons,MI
11358,Macatawa,MI
11359,Mackinac Island,MI
11360,Mackinaw City,MI
11361,Macomb,MI
11362,Madison Heights,MI
11363,Mancelona,MI
11364,Manchester,MI
11365,Manistee,MI
11366,Manistique,MI
11367,Manitou Beach,MI
11368,Manton,MI
11369,Maple City,MI
11370,Maple Rapids,MI
11371,Marcellus,MI
11372,Marenisco,MI
11373,Marine City,MI
11374,Marion,MI
11375,Marlette,MI
11376,Marne,MI
11377,Marquette,MI
11378,Marshall,MI
11379,Martin,MI
11380,Marysville,MI
11381,Mason,MI
11382,Mass City,MI
11383,Mattawan,MI
11384,Maybee,MI
11385,Mayville,MI
11386,McBain,MI
11387,Mcbrides,MI
11388,McMillan,MI
11389,Mears,MI
11390,Mecosta,MI
11391,Melvin,MI
11392,Melvindale,MI
11393,Memphis,MI
11394,Mendon,MI
11395,Menominee,MI
11396,Merrill,MI
11397,Merritt,MI
11398,Mesick,MI
11399,Metamora,MI
11400,Michigamme,MI
11401,Michigan Center,MI
11402,Middleton,MI
11403,Middleville,MI
11404,Midland,MI
11405,Mikado,MI
11406,Milan,MI
11407,Milford,MI
11408,Millersburg,MI
11409,Millington,MI
11410,Minden City,MI
11411,Mio,MI
11412,Mohawk,MI
11413,Moline,MI
11414,Monroe,MI
11415,Montague,MI
11416,Montgomery,MI
11417,Montrose,MI
11418,Moran,MI
11419,Morenci,MI
11420,Morley,MI
11421,Morrice,MI
11422,Mosherville,MI
11423,Mount Clemens,MI
11424,Mount Morris,MI
11425,Mount Pleasant,MI
11426,Muir,MI
11427,Mulliken,MI
11428,Munger,MI
11429,Munising,MI
11430,Munith,MI
11431,Muskegon,MI
11432,Nadeau,MI
11433,Nahma,MI
11434,Napoleon,MI
11435,Nashville,MI
11436,National City,MI
11437,Naubinway,MI
11438,Nazareth,MI
11439,Negaunee,MI
11440,New Baltimore,MI
11441,New Boston,MI
11442,New Buffalo,MI
11443,New Era,MI
11444,New Haven,MI
11445,New Hudson,MI
11446,New Lothrop,MI
11447,New Troy,MI
11448,Newaygo,MI
11449,Newberry,MI
11450,Newport,MI
11451,Niles,MI
11452,Nisula,MI
11453,North Adams,MI
11454,North Branch,MI
11455,North Muskegon,MI
11456,North Star,MI
11457,North Street,MI
11458,Northport,MI
11459,Northville,MI
11460,Norvell,MI
11461,Norway,MI
11462,Nottawa,MI
11463,Novi,MI
11464,Nunica,MI
11465,Oak Park,MI
11466,Oakland,MI
11467,Oakland Township,MI
11468,Oakley,MI
11469,Oden,MI
11470,Okemos,MI
11471,Olivet,MI
11472,Omena,MI
11473,Omer,MI
11474,Onaway,MI
11475,Onekama,MI
11476,Onondaga,MI
11477,Onsted,MI
11478,Ontonagon,MI
11479,Orleans,MI
11480,Ortonville,MI
11481,Oscoda,MI
11482,Osseo,MI
11483,Ossineke,MI
11484,Otisville,MI
11485,Otsego,MI
11486,Ottawa Lake,MI
11487,Otter Lake,MI
11488,Ovid,MI
11489,Owendale,MI
11490,Owosso,MI
11491,Oxford,MI
11492,Painesdale,MI
11493,Palmer,MI
11494,Palms,MI
11495,Palmyra,MI
11496,Palo,MI
11497,Paradise,MI
11498,Paris,MI
11499,Parma,MI
11500,Paw Paw,MI
11501,Peck,MI
11502,Pelkie,MI
11503,Pellston,MI
11504,Pentwater,MI
11505,Perkins,MI
11506,Perrinton,MI
11507,Perronville,MI
11508,Perry,MI
11509,Petersburg,MI
11510,Petoskey,MI
11511,Pewamo,MI
11512,Pickford,MI
11513,Pierson,MI
11514,Pigeon,MI
11515,Pinckney,MI
11516,Pinconning,MI
11517,Pittsford,MI
11518,Plainwell,MI
11519,Pleasant Lake,MI
11520,Pleasant Ridge,MI
11521,Plymouth,MI
11522,Pointe Aux Pins,MI
11523,Pompeii,MI
11524,Pontiac,MI
11525,Port Austin,MI
11526,Port Hope,MI
11527,Port Huron,MI
11528,Port Sanilac,MI
11529,Portage,MI
11530,Portland,MI
11531,Posen,MI
11532,Potterville,MI
11533,Powers,MI
11534,Prescott,MI
11535,Presque Isle,MI
11536,Prudenville,MI
11537,Pullman,MI
11538,Quincy,MI
11539,Quinnesec,MI
11540,Ralph,MI
11541,Ramsay,MI
11542,Rapid City,MI
11543,Rapid River,MI
11544,Ravenna,MI
11545,Ray,MI
11546,Reading,MI
11547,Redford,MI
11548,Reed City,MI
11549,Reese,MI
11550,Remus,MI
11551,Republic,MI
11552,Rhodes,MI
11553,Richland,MI
11554,Richmond,MI
11555,Riga,MI
11556,River Rouge,MI
11557,Riverdale,MI
11558,Riverside,MI
11559,Riverview,MI
11560,Rives Junction,MI
11561,Rochester,MI
11562,Rochester Hills,MI
11563,Rock,MI
11564,Rockford,MI
11565,Rockland,MI
11566,Rockwood,MI
11567,Rodney,MI
11568,Rogers City,MI
11569,Romeo,MI
11570,Romulus,MI
11571,Roscommon,MI
11572,Rose City,MI
11573,Rosebush,MI
11574,Roseville,MI
11575,Rothbury,MI
11576,Royal Oak,MI
11577,Rudyard,MI
11578,Rumely,MI
11579,Ruth,MI
11580,Saginaw,MI
11581,Sagola,MI
11582,Saint Charles,MI
11583,Saint Clair,MI
11584,Saint Clair Shores,MI
11585,Saint Helen,MI
11586,Saint Ignace,MI
11587,Saint Johns,MI
11588,Saint Joseph,MI
11589,Saint Louis,MI
11590,Saline,MI
11591,Samaria,MI
11592,Sand Creek,MI
11593,Sand Lake,MI
11594,Sandusky,MI
11595,Sanford,MI
11596,Saranac,MI
11597,Saugatuck,MI
11598,Sault Sainte Marie,MI
11599,Sawyer,MI
11600,Schoolcraft,MI
11601,Scotts,MI
11602,Scottville,MI
11603,Sears,MI
11604,Sebewaing,MI
11605,Seney,MI
11606,Shelby,MI
11607,Shelby Township,MI
11608,Shelbyville,MI
11609,Shepherd,MI
11610,Sheridan,MI
11611,Sherwood,MI
11612,Shingleton,MI
11613,Sidnaw,MI
11614,Sidney,MI
11615,Silverwood,MI
11616,Six Lakes,MI
11617,Skandia,MI
11618,Skanee,MI
11619,Smiths Creek,MI
11620,Snover,MI
11621,Sodus,MI
11622,Somerset Center,MI
11623,South Boardman,MI
11624,South Branch,MI
11625,South Haven,MI
11626,South Lyon,MI
11627,South Range,MI
11628,South Rockwood,MI
11629,Southfield,MI
11630,Southgate,MI
11631,Spalding,MI
11632,Sparta,MI
11633,Spring Arbor,MI
11634,Spring Lake,MI
11635,Springfield,MI
11636,Springport,MI
11637,Spruce,MI
11638,Standish,MI
11639,Stanton,MI
11640,Stanwood,MI
11641,Stephenson,MI
11642,Sterling,MI
11643,Sterling Heights,MI
11644,Stevensville,MI
11645,Stockbridge,MI
11646,Sturgis,MI
11647,Sumner,MI
11648,Sunfield,MI
11649,Suttons Bay,MI
11650,Swartz Creek,MI
11651,Tawas City,MI
11652,Taylor,MI
11653,Tecumseh,MI
11654,Tekonsha,MI
11655,Temperance,MI
11656,Thompsonville,MI
11657,Three Oaks,MI
11658,Three Rivers,MI
11659,Tipton,MI
11660,Toivola,MI
11661,Topinabee,MI
11662,Traverse City,MI
11663,Trenary,MI
11664,Trenton,MI
11665,Trout Creek,MI
11666,Trout Lake,MI
11667,Troy,MI
11668,Trufant,MI
11669,Turner,MI
11670,Tustin,MI
11671,Twin Lake,MI
11672,Twining,MI
11673,Ubly,MI
11674,Union,MI
11675,Union City,MI
11676,Union Pier,MI
11677,Unionville,MI
11678,University Center,MI
11679,Utica,MI
11680,Vandalia,MI
11681,Vanderbilt,MI
11682,Vassar,MI
11683,Vermontville,MI
11684,Vernon,MI
11685,Vestaburg,MI
11686,Vicksburg,MI
11687,Vulcan,MI
11688,Wakefield,MI
11689,Waldron,MI
11690,Walhalla,MI
11691,Walkerville,MI
11692,Wallace,MI
11693,Walled Lake,MI
11694,Walloon Lake,MI
11695,Warren,MI
11696,Washington,MI
11697,Washington Township,MI
11698,Waterford,MI
11699,Watersmeet,MI
11700,Watervliet,MI
11701,Watton,MI
11702,Wayland,MI
11703,Wayne,MI
11704,Webberville,MI
11705,Weidman,MI
11706,Wells,MI
11707,Wellston,MI
11708,West Bloomfield,MI
11709,West Branch,MI
11710,West Olive,MI
11711,Westland,MI
11712,Weston,MI
11713,Westphalia,MI
11714,Wetmore,MI
11715,Wheeler,MI
11716,White Cloud,MI
11717,White Lake,MI
11718,White Pigeon,MI
11719,White Pine,MI
11720,Whitehall,MI
11721,Whitmore Lake,MI
11722,Whittaker,MI
11723,Whittemore,MI
11724,Williamsburg,MI
11725,Williamston,MI
11726,Willis,MI
11727,Wilson,MI
11728,Winn,MI
11729,Wixom,MI
11730,Wolverine,MI
11731,Woodland,MI
11732,Wyandotte,MI
11733,Wyoming,MI
11734,Yale,MI
11735,Ypsilanti,MI
11736,Zeeland,MI
11737,Ada,MN
11738,Adams,MN
11739,Adrian,MN
11740,Afton,MN
11741,Aitkin,MN
11742,Akeley,MN
11743,Albany,MN
11744,Albert Lea,MN
11745,Alberta,MN
11746,Albertville,MN
11747,Alborn,MN
11748,Alden,MN
11749,Aldrich,MN
11750,Alexandria,MN
11751,Alpha,MN
11752,Altura,MN
11753,Alvarado,MN
11754,Amboy,MN
11755,Andover,MN
11756,Angle Inlet,MN
11757,Angora,MN
11758,Annandale,MN
11759,Anoka,MN
11760,Apple Valley,MN
11761,Appleton,MN
11762,Arco,MN
11763,Argyle,MN
11764,Arlington,MN
11765,Ashby,MN
11766,Askov,MN
11767,Atwater,MN
11768,Audubon,MN
11769,Aurora,MN
11770,Austin,MN
11771,Avoca,MN
11772,Avon,MN
11773,Babbitt,MN
11774,Backus,MN
11775,Badger,MN
11776,Bagley,MN
11777,Balaton,MN
11778,Barnesville,MN
11779,Barnum,MN
11780,Barrett,MN
11781,Barry,MN
11782,Battle Lake,MN
11783,Baudette,MN
11784,Baxter,MN
11785,Bayport,MN
11786,Beardsley,MN
11787,Beaver Bay,MN
11788,Beaver Creek,MN
11789,Becker,MN
11790,Bejou,MN
11791,Belgrade,MN
11792,Belle Plaine,MN
11793,Bellingham,MN
11794,Beltrami,MN
11795,Belview,MN
11796,Bemidji,MN
11797,Bena,MN
11798,Benson,MN
11799,Bertha,MN
11800,Bethel,MN
11801,Big Falls,MN
11802,Big Lake,MN
11803,Bigelow,MN
11804,Bigfork,MN
11805,Bingham Lake,MN
11806,Birchdale,MN
11807,Bird Island,MN
11808,Biwabik,MN
11809,Blackduck,MN
11810,Blaine,MN
11811,Blomkest,MN
11812,Blooming Prairie,MN
11813,Bloomington,MN
11814,Blue Earth,MN
11815,Bluffton,MN
11816,Bock,MN
11817,Borup,MN
11818,Bovey,MN
11819,Bowlus,MN
11820,Boyd,MN
11821,Braham,MN
11822,Brainerd,MN
11823,Brandon,MN
11824,Breckenridge,MN
11825,Brewster,MN
11826,Bricelyn,MN
11827,Brimson,MN
11828,Britt,MN
11829,Brook Park,MN
11830,Brooklyn Center,MN
11831,Brooks,MN
11832,Brookston,MN
11833,Brooten,MN
11834,Browerville,MN
11835,Browns Valley,MN
11836,Brownsdale,MN
11837,Brownsville,MN
11838,Brownton,MN
11839,Bruno,MN
11840,Buffalo,MN
11841,Buffalo Lake,MN
11842,Buhl,MN
11843,Burnsville,MN
11844,Burtrum,MN
11845,Butterfield,MN
11846,Byron,MN
11847,Caledonia,MN
11848,Callaway,MN
11849,Calumet,MN
11850,Cambridge,MN
11851,Campbell,MN
11852,Canby,MN
11853,Cannon Falls,MN
11854,Canton,MN
11855,Canyon,MN
11856,Carlos,MN
11857,Carlton,MN
11858,Carver,MN
11859,Cass Lake,MN
11860,Cedar,MN
11861,Center City,MN
11862,Ceylon,MN
11863,Champlin,MN
11864,Chandler,MN
11865,Chanhassen,MN
11866,Chaska,MN
11867,Chatfield,MN
11868,Chisago City,MN
11869,Chisholm,MN
11870,Chokio,MN
11871,Circle Pines,MN
11872,Clara City,MN
11873,Claremont,MN
11874,Clarissa,MN
11875,Clarkfield,MN
11876,Clarks Grove,MN
11877,Clear Lake,MN
11878,Clearbrook,MN
11879,Clearwater,MN
11880,Clements,MN
11881,Cleveland,MN
11882,Climax,MN
11883,Clinton,MN
11884,Clitherall,MN
11885,Clontarf,MN
11886,Cloquet,MN
11887,Cohasset,MN
11888,Cokato,MN
11889,Cold Spring,MN
11890,Coleraine,MN
11891,Collegeville,MN
11892,Cologne,MN
11893,Columbia Heights,MN
11894,Comfrey,MN
11895,Comstock,MN
11896,Conger,MN
11897,Cook,MN
11898,Coon Rapids,MN
11899,Correll,MN
11900,Cosmos,MN
11901,Cottage Grove,MN
11902,Cotton,MN
11903,Cottonwood,MN
11904,Courtland,MN
11905,Crane Lake,MN
11906,Cromwell,MN
11907,Crookston,MN
11908,Crosby,MN
11909,Crosslake,MN
11910,Crystal,MN
11911,Currie,MN
11912,Cushing,MN
11913,Cyrus,MN
11914,Dakota,MN
11915,Dalbo,MN
11916,Dalton,MN
11917,Danube,MN
11918,Danvers,MN
11919,Darfur,MN
11920,Darwin,MN
11921,Dassel,MN
11922,Dawson,MN
11923,Dayton,MN
11924,Deer Creek,MN
11925,Deer River,MN
11926,Deerwood,MN
11927,Delano,MN
11928,Delavan,MN
11929,Dennison,MN
11930,Dent,MN
11931,Detroit Lakes,MN
11932,Dexter,MN
11933,Dilworth,MN
11934,Dodge Center,MN
11935,Donaldson,MN
11936,Donnelly,MN
11937,Dover,MN
11938,Dovray,MN
11939,Duluth,MN
11940,Dumont,MN
11941,Dundas,MN
11942,Dunnell,MN
11943,Eagan,MN
11944,Eagle Bend,MN
11945,Eagle Lake,MN
11946,East Grand Forks,MN
11947,Easton,MN
11948,Echo,MN
11949,Eden Prairie,MN
11950,Eden Valley,MN
11951,Edgerton,MN
11952,Edina,MN
11953,Effie,MN
11954,Eitzen,MN
11955,Elbow Lake,MN
11956,Elgin,MN
11957,Elizabeth,MN
11958,Elk River,MN
11959,Elko New Market,MN
11960,Elkton,MN
11961,Ellendale,MN
11962,Ellsworth,MN
11963,Elmore,MN
11964,Elrosa,MN
11965,Ely,MN
11966,Elysian,MN
11967,Embarrass,MN
11968,Emily,MN
11969,Emmons,MN
11970,Erhard,MN
11971,Erskine,MN
11972,Esko,MN
11973,Essig,MN
11974,Euclid,MN
11975,Evansville,MN
11976,Eveleth,MN
11977,Excelsior,MN
11978,Eyota,MN
11979,Fairfax,MN
11980,Fairmont,MN
11981,Faribault,MN
11982,Farmington,MN
11983,Farwell,MN
11984,Federal Dam,MN
11985,Felton,MN
11986,Fergus Falls,MN
11987,Fertile,MN
11988,Fifty Lakes,MN
11989,Finland,MN
11990,Finlayson,MN
11991,Fisher,MN
11992,Flensburg,MN
11993,Flom,MN
11994,Floodwood,MN
11995,Foley,MN
11996,Forbes,MN
11997,Forest Lake,MN
11998,Foreston,MN
11999,Fort Ripley,MN
12000,Fosston,MN
12001,Fountain,MN
12002,Foxhome,MN
12003,Franklin,MN
12004,Frazee,MN
12005,Freeborn,MN
12006,Freeport,MN
12007,Frontenac,MN
12008,Frost,MN
12009,Fulda,MN
12010,Garden City,MN
12011,Garfield,MN
12012,Garrison,MN
12013,Garvin,MN
12014,Gary,MN
12015,Gatzke,MN
12016,Gaylord,MN
12017,Geneva,MN
12018,Georgetown,MN
12019,Ghent,MN
12020,Gibbon,MN
12021,Gilbert,MN
12022,Glencoe,MN
12023,Glenville,MN
12024,Glenwood,MN
12025,Glyndon,MN
12026,Golden Valley,MN
12027,Gonvick,MN
12028,Good Thunder,MN
12029,Goodhue,MN
12030,Goodland,MN
12031,Goodridge,MN
12032,Graceville,MN
12033,Granada,MN
12034,Grand Marais,MN
12035,Grand Meadow,MN
12036,Grand Portage,MN
12037,Grand Rapids,MN
12038,Grandy,MN
12039,Granite Falls,MN
12040,Grasston,MN
12041,Green Isle,MN
12042,Greenbush,MN
12043,Greenwald,MN
12044,Grey Eagle,MN
12045,Grove City,MN
12046,Grygla,MN
12047,Gully,MN
12048,Hackensack,MN
12049,Hallock,MN
12050,Halma,MN
12051,Halstad,MN
12052,Hamburg,MN
12053,Hamel,MN
12054,Hampton,MN
12055,Hancock,MN
12056,Hanley Falls,MN
12057,Hanover,MN
12058,Hanska,MN
12059,Hardwick,MN
12060,Harmony,MN
12061,Harris,MN
12062,Hartland,MN
12063,Hastings,MN
12064,Hawley,MN
12065,Hayfield,MN
12066,Hayward,MN
12067,Hector,MN
12068,Henderson,MN
12069,Hendricks,MN
12070,Hendrum,MN
12071,Henning,MN
12072,Henriette,MN
12073,Herman,MN
12074,Heron Lake,MN
12075,Hewitt,MN
12076,Hibbing,MN
12077,Hill City,MN
12078,Hillman,MN
12079,Hills,MN
12080,Hinckley,MN
12081,Hines,MN
12082,Hitterdal,MN
12083,Hoffman,MN
12084,Hokah,MN
12085,Holdingford,MN
12086,Holland,MN
12087,Hollandale,MN
12088,Holloway,MN
12089,Holyoke,MN
12090,Hope,MN
12091,Hopkins,MN
12092,Houston,MN
12093,Hovland,MN
12094,Howard Lake,MN
12095,Hoyt Lakes,MN
12096,Hugo,MN
12097,Humboldt,MN
12098,Hutchinson,MN
12099,Ihlen,MN
12100,International Falls,MN
12101,Inver Grove Heights,MN
12102,Iona,MN
12103,Iron,MN
12104,Ironton,MN
12105,Isabella,MN
12106,Isanti,MN
12107,Isle,MN
12108,Ivanhoe,MN
12109,Jackson,MN
12110,Jacobson,MN
12111,Janesville,MN
12112,Jasper,MN
12113,Jeffers,MN
12114,Jordan,MN
12115,Kabetogama,MN
12116,Kanaranzi,MN
12117,Kandiyohi,MN
12118,Karlstad,MN
12119,Kasota,MN
12120,Kasson,MN
12121,Keewatin,MN
12122,Kelliher,MN
12123,Kellogg,MN
12124,Kennedy,MN
12125,Kenneth,MN
12126,Kensington,MN
12127,Kent,MN
12128,Kenyon,MN
12129,Kerkhoven,MN
12130,Kerrick,MN
12131,Kettle River,MN
12132,Kiester,MN
12133,Kilkenny,MN
12134,Kimball,MN
12135,Kinney,MN
12136,Knife River,MN
12137,La Crescent,MN
12138,La Salle,MN
12139,Lafayette,MN
12140,Lake Benton,MN
12141,Lake Bronson,MN
12142,Lake City,MN
12143,Lake Crystal,MN
12144,Lake Elmo,MN
12145,Lake George,MN
12146,Lake Lillian,MN
12147,Lake Park,MN
12148,Lake Wilson,MN
12149,Lakefield,MN
12150,Lakeland,MN
12151,Lakeville,MN
12152,Lamberton,MN
12153,Lancaster,MN
12154,Lanesboro,MN
12155,Lansing,MN
12156,Laporte,MN
12157,Le Center,MN
12158,Le Roy,MN
12159,Le Sueur,MN
12160,Lengby,MN
12161,Leonard,MN
12162,Leota,MN
12163,Lester Prairie,MN
12164,Lewiston,MN
12165,Lewisville,MN
12166,Lindstrom,MN
12167,Lismore,MN
12168,Litchfield,MN
12169,Little Falls,MN
12170,Littlefork,MN
12171,Loman,MN
12172,Long Lake,MN
12173,Long Prairie,MN
12174,Longville,MN
12175,Lonsdale,MN
12176,Loretto,MN
12177,Lowry,MN
12178,Lucan,MN
12179,Lutsen,MN
12180,Luverne,MN
12181,Lyle,MN
12182,Lynd,MN
12183,Mabel,MN
12184,Madelia,MN
12185,Madison,MN
12186,Madison Lake,MN
12187,Magnolia,MN
12188,Mahnomen,MN
12189,Mahtomedi,MN
12190,Makinen,MN
12191,Mankato,MN
12192,Mantorville,MN
12193,Maple Grove,MN
12194,Maple Lake,MN
12195,Maple Plain,MN
12196,Mapleton,MN
12197,Maplewood,MN
12198,Marble,MN
12199,Marcell,MN
12200,Margie,MN
12201,Marietta,MN
12202,Marine On Saint Croix,MN
12203,Marshall,MN
12204,Max,MN
12205,Mayer,MN
12206,Maynard,MN
12207,Mazeppa,MN
12208,McGrath,MN
12209,Mcgregor,MN
12210,Mcintosh,MN
12211,Meadowlands,MN
12212,Medford,MN
12213,Melrose,MN
12214,Menahga,MN
12215,Mendota,MN
12216,Mendota Heights,MN
12217,Mentor,MN
12218,Merrifield,MN
12219,Middle River,MN
12220,Milaca,MN
12221,Milan,MN
12222,Millville,MN
12223,Milroy,MN
12224,Miltona,MN
12225,Minneapolis,MN
12226,Minneota,MN
12227,Minnesota City,MN
12228,Minnesota Lake,MN
12229,Minnetonka,MN
12230,Mizpah,MN
12231,Montevideo,MN
12232,Montgomery,MN
12233,Monticello,MN
12234,Montrose,MN
12235,Moorhead,MN
12236,Moose Lake,MN
12237,Mora,MN
12238,Morgan,MN
12239,Morris,MN
12240,Morristown,MN
12241,Morton,MN
12242,Motley,MN
12243,Mound,MN
12244,Mountain Iron,MN
12245,Mountain Lake,MN
12246,Murdock,MN
12247,Nashua,MN
12248,Nashwauk,MN
12249,Naytahwaush,MN
12250,Nelson,MN
12251,Nerstrand,MN
12252,Nett Lake,MN
12253,Nevis,MN
12254,New Auburn,MN
12255,New Brighton,MN
12256,New Germany,MN
12257,New London,MN
12258,New Munich,MN
12259,New Prague,MN
12260,New Richland,MN
12261,New Ulm,MN
12262,New York Mills,MN
12263,Newfolden,MN
12264,Newport,MN
12265,Nicollet,MN
12266,Nielsville,MN
12267,Nisswa,MN
12268,Norcross,MN
12269,North Branch,MN
12270,Northfield,MN
12271,Northome,MN
12272,Northrop,MN
12273,Norwood Young America,MN
12274,Oak Park,MN
12275,Oakdale,MN
12276,Odessa,MN
12277,Odin,MN
12278,Ogema,MN
12279,Ogilvie,MN
12280,Okabena,MN
12281,Oklee,MN
12282,Olivia,MN
12283,Onamia,MN
12284,Ormsby,MN
12285,Oronoco,MN
12286,Orr,MN
12287,Ortonville,MN
12288,Osage,MN
12289,Osakis,MN
12290,Oslo,MN
12291,Osseo,MN
12292,Ostrander,MN
12293,Ottertail,MN
12294,Outing,MN
12295,Owatonna,MN
12296,Palisade,MN
12297,Park Rapids,MN
12298,Parkers Prairie,MN
12299,Paynesville,MN
12300,Pease,MN
12301,Pelican Rapids,MN
12302,Pemberton,MN
12303,Pengilly,MN
12304,Pennington,MN
12305,Pennock,MN
12306,Pequot Lakes,MN
12307,Perham,MN
12308,Perley,MN
12309,Peterson,MN
12310,Pierz,MN
12311,Pillager,MN
12312,Pine City,MN
12313,Pine Island,MN
12314,Pine River,MN
12315,Pipestone,MN
12316,Plainview,MN
12317,Plato,MN
12318,Plummer,MN
12319,Plymouth,MN
12320,Ponemah,MN
12321,Ponsford,MN
12322,Porter,MN
12323,Preston,MN
12324,Princeton,MN
12325,Prinsburg,MN
12326,Prior Lake,MN
12327,Puposky,MN
12328,Racine,MN
12329,Ramsey,MN
12330,Randall,MN
12331,Randolph,MN
12332,Ranier,MN
12333,Raymond,MN
12334,Reading,MN
12335,Reads Landing,MN
12336,Red Lake,MN
12337,Red Lake Falls,MN
12338,Red Wing,MN
12339,Redby,MN
12340,Redwood Falls,MN
12341,Remer,MN
12342,Renville,MN
12343,Revere,MN
12344,Rice,MN
12345,Richmond,MN
12346,Richville,MN
12347,Rochert,MN
12348,Rochester,MN
12349,Rockford,MN
12350,Rockville,MN
12351,Rogers,MN
12352,Rollingstone,MN
12353,Roosevelt,MN
12354,Roscoe,MN
12355,Rose Creek,MN
12356,Roseau,MN
12357,Rosemount,MN
12358,Rothsay,MN
12359,Round Lake,MN
12360,Royalton,MN
12361,Rush City,MN
12362,Rushford,MN
12363,Rushmore,MN
12364,Russell,MN
12365,Ruthton,MN
12366,Sabin,MN
12367,Sacred Heart,MN
12368,Saginaw,MN
12369,Saint Bonifacius,MN
12370,Saint Charles,MN
12371,Saint Clair,MN
12372,Saint Cloud,MN
12373,Saint Francis,MN
12374,Saint Hilaire,MN
12375,Saint James,MN
12376,Saint Joseph,MN
12377,Saint Louis Park,MN
12378,Saint Martin,MN
12379,Saint Michael,MN
12380,Saint Paul,MN
12381,Saint Paul Park,MN
12382,Saint Peter,MN
12383,Saint Stephen,MN
12384,Saint Vincent,MN
12385,Salol,MN
12386,Sanborn,MN
12387,Sandstone,MN
12388,Sargeant,MN
12389,Sartell,MN
12390,Sauk Centre,MN
12391,Sauk Rapids,MN
12392,Savage,MN
12393,Sawyer,MN
12394,Scandia,MN
12395,Schroeder,MN
12396,Seaforth,MN
12397,Sebeka,MN
12398,Shafer,MN
12399,Shakopee,MN
12400,Shelly,MN
12401,Sherburn,MN
12402,Shevlin,MN
12403,Side Lake,MN
12404,Silver Bay,MN
12405,Silver Lake,MN
12406,Slayton,MN
12407,Sleepy Eye,MN
12408,Solway,MN
12409,Soudan,MN
12410,South Haven,MN
12411,South Saint Paul,MN
12412,Spicer,MN
12413,Spring Grove,MN
12414,Spring Lake,MN
12415,Spring Park,MN
12416,Spring Valley,MN
12417,Springfield,MN
12418,Squaw Lake,MN
12419,Stacy,MN
12420,Stanchfield,MN
12421,Staples,MN
12422,Starbuck,MN
12423,Steen,MN
12424,Stephen,MN
12425,Stewart,MN
12426,Stewartville,MN
12427,Stillwater,MN
12428,Storden,MN
12429,Strandquist,MN
12430,Strathcona,MN
12431,Sturgeon Lake,MN
12432,Sunburg,MN
12433,Swan River,MN
12434,Swanville,MN
12435,Swatara,MN
12436,Taconite,MN
12437,Talmoon,MN
12438,Tamarack,MN
12439,Taopi,MN
12440,Taunton,MN
12441,Taylors Falls,MN
12442,Tenstrike,MN
12443,Thief River Falls,MN
12444,Tintah,MN
12445,Tofte,MN
12446,Tower,MN
12447,Tracy,MN
12448,Trail,MN
12449,Trimont,MN
12450,Truman,MN
12451,Twin Lakes,MN
12452,Twin Valley,MN
12453,Two Harbors,MN
12454,Tyler,MN
12455,Ulen,MN
12456,Underwood,MN
12457,Upsala,MN
12458,Utica,MN
12459,Vadnais Heights,MN
12460,Vergas,MN
12461,Vermillion,MN
12462,Verndale,MN
12463,Vernon Center,MN
12464,Vesta,MN
12465,Victoria,MN
12466,Viking,MN
12467,Villard,MN
12468,Vining,MN
12469,Virginia,MN
12470,Wabasha,MN
12471,Wabasso,MN
12472,Waconia,MN
12473,Wadena,MN
12474,Wahkon,MN
12475,Waite Park,MN
12476,Waldorf,MN
12477,Walker,MN
12478,Walnut Grove,MN
12479,Waltham,MN
12480,Wanamingo,MN
12481,Wanda,MN
12482,Wannaska,MN
12483,Warba,MN
12484,Warren,MN
12485,Warroad,MN
12486,Warsaw,MN
12487,Waseca,MN
12488,Waskish,MN
12489,Watertown,MN
12490,Waterville,MN
12491,Watkins,MN
12492,Watson,MN
12493,Waubun,MN
12494,Waverly,MN
12495,Wayzata,MN
12496,Webster,MN
12497,Welch,MN
12498,Welcome,MN
12499,Wells,MN
12500,Wendell,MN
12501,West Concord,MN
12502,West Saint Paul,MN
12503,West Union,MN
12504,Westbrook,MN
12505,Wheaton,MN
12506,White Bear Lake,MN
12507,White Earth,MN
12508,Willernie,MN
12509,Williams,MN
12510,Willmar,MN
12511,Willow River,MN
12512,Wilmont,MN
12513,Windom,MN
12514,Winger,MN
12515,Winnebago,MN
12516,Winona,MN
12517,Winsted,MN
12518,Winthrop,MN
12519,Winton,MN
12520,Wirt,MN
12521,Wolverton,MN
12522,Wood Lake,MN
12523,Woodbury,MN
12524,Woodstock,MN
12525,Worthington,MN
12526,Wrenshall,MN
12527,Wright,MN
12528,Wykoff,MN
12529,Wyoming,MN
12530,Young America,MN
12531,Zimmerman,MN
12532,Zumbro Falls,MN
12533,Zumbrota,MN
12534,Adrian,MO
12535,Advance,MO
12536,Agency,MO
12537,Alba,MO
12538,Albany,MO
12539,Aldrich,MO
12540,Alexandria,MO
12541,Allendale,MO
12542,Alma,MO
12543,Altamont,MO
12544,Altenburg,MO
12545,Alton,MO
12546,Amazonia,MO
12547,Amity,MO
12548,Amoret,MO
12549,Amsterdam,MO
12550,Anabel,MO
12551,Anderson,MO
12552,Annada,MO
12553,Annapolis,MO
12554,Anniston,MO
12555,Appleton City,MO
12556,Arbela,MO
12557,Arbyrd,MO
12558,Arcadia,MO
12559,Archie,MO
12560,Arcola,MO
12561,Argyle,MO
12562,Armstrong,MO
12563,Arnold,MO
12564,Arrow Rock,MO
12565,Asbury,MO
12566,Ash Grove,MO
12567,Ashburn,MO
12568,Ashland,MO
12569,Atlanta,MO
12570,Augusta,MO
12571,Aurora,MO
12572,Auxvasse,MO
12573,Ava,MO
12574,Avilla,MO
12575,Bakersfield,MO
12576,Ballwin,MO
12577,Baring,MO
12578,Barnard,MO
12579,Barnett,MO
12580,Barnhart,MO
12581,Bates City,MO
12582,Beaufort,MO
12583,Belgrade,MO
12584,Bell City,MO
12585,Belle,MO
12586,Belleview,MO
12587,Bellflower,MO
12588,Belton,MO
12589,Benton,MO
12590,Benton City,MO
12591,Berger,MO
12592,Bernie,MO
12593,Bertrand,MO
12594,Bethany,MO
12595,Bethel,MO
12596,Beulah,MO
12597,Bevier,MO
12598,Billings,MO
12599,Birch Tree,MO
12600,Bismarck,MO
12601,Bixby,MO
12602,Black,MO
12603,Blackburn,MO
12604,Blackwater,MO
12605,Blackwell,MO
12606,Blairstown,MO
12607,Bland,MO
12608,Blodgett,MO
12609,Bloomfield,MO
12610,Bloomsdale,MO
12611,Blue Eye,MO
12612,Blue Springs,MO
12613,Blythedale,MO
12614,Bogard,MO
12615,Bois D Arc,MO
12616,Bolckow,MO
12617,Bolivar,MO
12618,Bonne Terre,MO
12619,Bonnots Mill,MO
12620,Boonville,MO
12621,Boss,MO
12622,Bosworth,MO
12623,Bourbon,MO
12624,Bowling Green,MO
12625,Bradleyville,MO
12626,Bragg City,MO
12627,Braggadocio,MO
12628,Brandsville,MO
12629,Branson,MO
12630,Brashear,MO
12631,Braymer,MO
12632,Breckenridge,MO
12633,Bridgeton,MO
12634,Brighton,MO
12635,Brinktown,MO
12636,Brixey,MO
12637,Bronaugh,MO
12638,Brookfield,MO
12639,Brookline,MO
12640,Broseley,MO
12641,Browning,MO
12642,Brownwood,MO
12643,Brumley,MO
12644,Bruner,MO
12645,Brunswick,MO
12646,Bucklin,MO
12647,Buckner,MO
12648,Bucyrus,MO
12649,Buffalo,MO
12650,Bunceton,MO
12651,Bunker,MO
12652,Burfordville,MO
12653,Burlington Junction,MO
12654,Butler,MO
12655,Butterfield,MO
12656,Cabool,MO
12657,Cadet,MO
12658,Cainsville,MO
12659,Cairo,MO
12660,Caledonia,MO
12661,Calhoun,MO
12662,California,MO
12663,Callao,MO
12664,Camden,MO
12665,Camden Point,MO
12666,Camdenton,MO
12667,Cameron,MO
12668,Campbell,MO
12669,Canalou,MO
12670,Canton,MO
12671,Cape Fair,MO
12672,Cape Girardeau,MO
12673,Cardwell,MO
12674,Carl Junction,MO
12675,Carrollton,MO
12676,Carterville,MO
12677,Carthage,MO
12678,Caruthersville,MO
12679,Cassville,MO
12680,Catawissa,MO
12681,Catron,MO
12682,Caulfield,MO
12683,Cedar Hill,MO
12684,Cedarcreek,MO
12685,Center,MO
12686,Centertown,MO
12687,Centerview,MO
12688,Centerville,MO
12689,Centralia,MO
12690,Chadwick,MO
12691,Chaffee,MO
12692,Chamois,MO
12693,Charleston,MO
12694,Cherryville,MO
12695,Chesterfield,MO
12696,Chestnutridge,MO
12697,Chilhowee,MO
12698,Chillicothe,MO
12699,Chula,MO
12700,Clarence,MO
12701,Clark,MO
12702,Clarksburg,MO
12703,Clarksdale,MO
12704,Clarksville,MO
12705,Clarkton,MO
12706,Clayton,MO
12707,Clearmont,MO
12708,Cleveland,MO
12709,Clever,MO
12710,Clifton Hill,MO
12711,Climax Springs,MO
12712,Clinton,MO
12713,Clubb,MO
12714,Clyde,MO
12715,Coatsville,MO
12716,Coffey,MO
12717,Cole Camp,MO
12718,Collins,MO
12719,Columbia,MO
12720,Commerce,MO
12721,Conception,MO
12722,Conception Junction,MO
12723,Concordia,MO
12724,Conway,MO
12725,Cook Sta,MO
12726,Cooter,MO
12727,Corder,MO
12728,Cosby,MO
12729,Couch,MO
12730,Cowgill,MO
12731,Craig,MO
12732,Crane,MO
12733,Creighton,MO
12734,Crocker,MO
12735,Cross Timbers,MO
12736,Crystal City,MO
12737,Cuba,MO
12738,Curryville,MO
12739,Dadeville,MO
12740,Daisy,MO
12741,Dalton,MO
12742,Darlington,MO
12743,Davisville,MO
12744,Dawn,MO
12745,De Kalb,MO
12746,De Soto,MO
12747,De Witt,MO
12748,Dearborn,MO
12749,Deepwater,MO
12750,Deerfield,MO
12751,Deering,MO
12752,Defiance,MO
12753,Delta,MO
12754,Denver,MO
12755,Des Arc,MO
12756,Devils Elbow,MO
12757,Dexter,MO
12758,Diamond,MO
12759,Dittmer,MO
12760,Dixon,MO
12761,Doe Run,MO
12762,Doniphan,MO
12763,Dora,MO
12764,Dover,MO
12765,Downing,MO
12766,Drexel,MO
12767,Drury,MO
12768,Dudley,MO
12769,Duenweg,MO
12770,Duke,MO
12771,Dunnegan,MO
12772,Durham,MO
12773,Dutchtown,MO
12774,Eagle Rock,MO
12775,Eagleville,MO
12776,Earth City,MO
12777,East Lynne,MO
12778,East Prairie,MO
12779,Easton,MO
12780,Edgar Springs,MO
12781,Edgerton,MO
12782,Edina,MO
12783,Edwards,MO
12784,El Dorado Springs,MO
12785,Eldon,MO
12786,Eldridge,MO
12787,Elk Creek,MO
12788,Elkland,MO
12789,Ellington,MO
12790,Ellsinore,MO
12791,Elmer,MO
12792,Elmo,MO
12793,Elsberry,MO
12794,Emden,MO
12795,Eminence,MO
12796,Emma,MO
12797,Eolia,MO
12798,Essex,MO
12799,Ethel,MO
12800,Eugene,MO
12801,Eunice,MO
12802,Eureka,MO
12803,Everton,MO
12804,Ewing,MO
12805,Excello,MO
12806,Excelsior Springs,MO
12807,Exeter,MO
12808,Fair Grove,MO
12809,Fair Play,MO
12810,Fairdealing,MO
12811,Fairfax,MO
12812,Fairview,MO
12813,Falcon,MO
12814,Farber,MO
12815,Farley,MO
12816,Farmington,MO
12817,Farrar,MO
12818,Faucett,MO
12819,Fayette,MO
12820,Fenton,MO
12821,Ferguson,MO
12822,Festus,MO
12823,Fillmore,MO
12824,Fisk,MO
12825,Flemington,MO
12826,Fletcher,MO
12827,Florence,MO
12828,Florissant,MO
12829,Foley,MO
12830,Fordland,MO
12831,Forest City,MO
12832,Foristell,MO
12833,Forsyth,MO
12834,Fort Leonard Wood,MO
12835,Fortuna,MO
12836,Foster,MO
12837,Frankford,MO
12838,Franklin,MO
12839,Fredericktown,MO
12840,Freeburg,MO
12841,Freeman,MO
12842,Freistatt,MO
12843,Fremont,MO
12844,French Village,MO
12845,Friedheim,MO
12846,Frohna,MO
12847,Fulton,MO
12848,Gainesville,MO
12849,Galena,MO
12850,Gallatin,MO
12851,Galt,MO
12852,Garden City,MO
12853,Garrison,MO
12854,Gatewood,MO
12855,Gentry,MO
12856,Gerald,MO
12857,Gibbs,MO
12858,Gibson,MO
12859,Gideon,MO
12860,Gilliam,MO
12861,Gilman City,MO
12862,Gipsy,MO
12863,Glasgow,MO
12864,Glenallen,MO
12865,Glenwood,MO
12866,Gobler,MO
12867,Golden,MO
12868,Golden City,MO
12869,Goodman,MO
12870,Gorin,MO
12871,Gower,MO
12872,Graff,MO
12873,Graham,MO
12874,Grain Valley,MO
12875,Granby,MO
12876,Grandin,MO
12877,Grandview,MO
12878,Grant City,MO
12879,Gravois Mills,MO
12880,Gray Summit,MO
12881,Grayridge,MO
12882,Green Castle,MO
12883,Green City,MO
12884,Green Ridge,MO
12885,Greenfield,MO
12886,Greentop,MO
12887,Greenville,MO
12888,Greenwood,MO
12889,Grovespring,MO
12890,Grubville,MO
12891,Guilford,MO
12892,Hale,MO
12893,Half Way,MO
12894,Hallsville,MO
12895,Halltown,MO
12896,Hamilton,MO
12897,Hannibal,MO
12898,Hardenville,MO
12899,Hardin,MO
12900,Harris,MO
12901,Harrisburg,MO
12902,Harrisonville,MO
12903,Hartsburg,MO
12904,Hartshorn,MO
12905,Hartville,MO
12906,Harviell,MO
12907,Harwood,MO
12908,Hatfield,MO
12909,Hawk Point,MO
12910,Hayti,MO
12911,Hazelwood,MO
12912,Helena,MO
12913,Hematite,MO
12914,Henley,MO
12915,Henrietta,MO
12916,Herculaneum,MO
12917,Hermann,MO
12918,Hermitage,MO
12919,Higbee,MO
12920,Higginsville,MO
12921,High Hill,MO
12922,High Ridge,MO
12923,Highlandville,MO
12924,Hillsboro,MO
12925,Holcomb,MO
12926,Holden,MO
12927,Holland,MO
12928,Holliday,MO
12929,Hollister,MO
12930,Holt,MO
12931,Holts Summit,MO
12932,Hopkins,MO
12933,Hornersville,MO
12934,House Springs,MO
12935,Houston,MO
12936,Houstonia,MO
12937,Huggins,MO
12938,Hughesville,MO
12939,Humansville,MO
12940,Hume,MO
12941,Humphreys,MO
12942,Hunnewell,MO
12943,Huntsville,MO
12944,Hurdland,MO
12945,Hurley,MO
12946,Iberia,MO
12947,Imperial,MO
12948,Independence,MO
12949,Ionia,MO
12950,Irondale,MO
12951,Ironton,MO
12952,Isabella,MO
12953,Jackson,MO
12954,Jacksonville,MO
12955,Jadwin,MO
12956,Jameson,MO
12957,Jamesport,MO
12958,Jamestown,MO
12959,Jasper,MO
12960,Jefferson City,MO
12961,Jerico Springs,MO
12962,Jerome,MO
12963,Jonesburg,MO
12964,Joplin,MO
12965,Kahoka,MO
12966,Kaiser,MO
12967,Kansas City,MO
12968,Kearney,MO
12969,Kelso,MO
12970,Kennett,MO
12971,Kewanee,MO
12972,Keytesville,MO
12973,Kidder,MO
12974,Kimberling City,MO
12975,Kimmswick,MO
12976,King City,MO
12977,Kingdom City,MO
12978,Kingston,MO
12979,Kingsville,MO
12980,Kirbyville,MO
12981,Kirksville,MO
12982,Kirkwood,MO
12983,Kissee Mills,MO
12984,Knob Noster,MO
12985,Knox City,MO
12986,Koeltztown,MO
12987,Koshkonong,MO
12988,La Belle,MO
12989,La Grange,MO
12990,La Monte,MO
12991,La Plata,MO
12992,La Russell,MO
12993,Labadie,MO
12994,Laclede,MO
12995,Laddonia,MO
12996,Lake Ozark,MO
12997,Lake Saint Louis,MO
12998,Lamar,MO
12999,Lampe,MO
13000,Lanagan,MO
13001,Lancaster,MO
13002,Laquey,MO
13003,Laredo,MO
13004,Latham,MO
13005,Lathrop,MO
13006,Lawson,MO
13007,Leadwood,MO
13008,Leasburg,MO
13009,Lebanon,MO
13010,Lees Summit,MO
13011,Leeton,MO
13012,Lenox,MO
13013,Lentner,MO
13014,Leonard,MO
13015,Leopold,MO
13016,Leslie,MO
13017,Lesterville,MO
13018,Levasy,MO
13019,Lewistown,MO
13020,Lexington,MO
13021,Liberal,MO
13022,Liberty,MO
13023,Licking,MO
13024,Lilbourn,MO
13025,Lincoln,MO
13026,Linn,MO
13027,Linn Creek,MO
13028,Linneus,MO
13029,Livonia,MO
13030,Lock Springs,MO
13031,Lockwood,MO
13032,Lodi,MO
13033,Lohman,MO
13034,Lone Jack,MO
13035,Lonedell,MO
13036,Long Lane,MO
13037,Loose Creek,MO
13038,Louisburg,MO
13039,Louisiana,MO
13040,Lowndes,MO
13041,Lowry City,MO
13042,Lucerne,MO
13043,Ludlow,MO
13044,Luebbering,MO
13045,Luray,MO
13046,Lynchburg,MO
13047,Macks Creek,MO
13048,Macomb,MO
13049,Macon,MO
13050,Madison,MO
13051,Maitland,MO
13052,Malden,MO
13053,Malta Bend,MO
13054,Mansfield,MO
13055,Marble Hill,MO
13056,Marceline,MO
13057,Marionville,MO
13058,Marquand,MO
13059,Marshall,MO
13060,Marshfield,MO
13061,Marston,MO
13062,Marthasville,MO
13063,Martinsburg,MO
13064,Martinsville,MO
13065,Maryland Heights,MO
13066,Maryville,MO
13067,Matthews,MO
13068,Maysville,MO
13069,Mayview,MO
13070,Maywood,MO
13071,McFall,MO
13072,McGee,MO
13073,Meadville,MO
13074,Memphis,MO
13075,Mendon,MO
13076,Mercer,MO
13077,Meta,MO
13078,Metz,MO
13079,Mexico,MO
13080,Miami,MO
13081,Middle Brook,MO
13082,Middletown,MO
13083,Milan,MO
13084,Mill Spring,MO
13085,Miller,MO
13086,Millersville,MO
13087,Milo,MO
13088,Mindenmines,MO
13089,Mineral Point,MO
13090,Missouri City,MO
13091,Moberly,MO
13092,Mokane,MO
13093,Monett,MO
13094,Monroe City,MO
13095,Montgomery City,MO
13096,Monticello,MO
13097,Montreal,MO
13098,Montrose,MO
13099,Moody,MO
13100,Mooresville,MO
13101,Mora,MO
13102,Morehouse,MO
13103,Morley,MO
13104,Morrison,MO
13105,Morrisville,MO
13106,Moscow Mills,MO
13107,Mound City,MO
13108,Moundville,MO
13109,Mount Sterling,MO
13110,Mount Vernon,MO
13111,Mountain Grove,MO
13112,Mountain View,MO
13113,Myrtle,MO
13114,Napoleon,MO
13115,Naylor,MO
13116,Neck City,MO
13117,Neelyville,MO
13118,Nelson,MO
13119,Neosho,MO
13120,Nevada,MO
13121,New Bloomfield,MO
13122,New Boston,MO
13123,New Cambria,MO
13124,New Florence,MO
13125,New Franklin,MO
13126,New Hampton,MO
13127,New Haven,MO
13128,New London,MO
13129,New Madrid,MO
13130,New Melle,MO
13131,Newark,MO
13132,Newburg,MO
13133,Newtown,MO
13134,Niangua,MO
13135,Nixa,MO
13136,Noble,MO
13137,Noel,MO
13138,Norborne,MO
13139,North Kansas City,MO
13140,Norwood,MO
13141,Novelty,MO
13142,Novinger,MO
13143,O Fallon,MO
13144,O'Fallon,MO
13145,Oak Grove,MO
13146,Oak Ridge,MO
13147,Odessa,MO
13148,Old Appleton,MO
13149,Old Monroe,MO
13150,Oldfield,MO
13151,Olean,MO
13152,Olivette,MO
13153,Oran,MO
13154,Oregon,MO
13155,Oronogo,MO
13156,Orrick,MO
13157,Osage Beach,MO
13158,Osborn,MO
13159,Osceola,MO
13160,Otterville,MO
13161,Owensville,MO
13162,Oxly,MO
13163,Ozark,MO
13164,Pacific,MO
13165,Palmyra,MO
13166,Paris,MO
13167,Park Hills,MO
13168,Parma,MO
13169,Parnell,MO
13170,Patterson,MO
13171,Patton,MO
13172,Pattonsburg,MO
13173,Peace Valley,MO
13174,Peculiar,MO
13175,Perkins,MO
13176,Perry,MO
13177,Perryville,MO
13178,Pevely,MO
13179,Philadelphia,MO
13180,Phillipsburg,MO
13181,Pickering,MO
13182,Piedmont,MO
13183,Pierce City,MO
13184,Pilot Grove,MO
13185,Pilot Knob,MO
13186,Pineville,MO
13187,Pittsburg,MO
13188,Plato,MO
13189,Platte City,MO
13190,Plattsburg,MO
13191,Pleasant Hill,MO
13192,Pleasant Hope,MO
13193,Point Lookout,MO
13194,Polk,MO
13195,Pollock,MO
13196,Polo,MO
13197,Pomona,MO
13198,Ponce De Leon,MO
13199,Pontiac,MO
13200,Poplar Bluff,MO
13201,Portage Des Sioux,MO
13202,Portageville,MO
13203,Portland,MO
13204,Potosi,MO
13205,Pottersville,MO
13206,Powell,MO
13207,Powersite,MO
13208,Powersville,MO
13209,Prairie Home,MO
13210,Preston,MO
13211,Princeton,MO
13212,Protem,MO
13213,Purcell,MO
13214,Purdin,MO
13215,Purdy,MO
13216,Puxico,MO
13217,Queen City,MO
13218,Quincy,MO
13219,Qulin,MO
13220,Racine,MO
13221,Ravenwood,MO
13222,Raymondville,MO
13223,Raymore,MO
13224,Raytown,MO
13225,Rayville,MO
13226,Rea,MO
13227,Redford,MO
13228,Reeds,MO
13229,Reeds Spring,MO
13230,Renick,MO
13231,Republic,MO
13232,Revere,MO
13233,Rhineland,MO
13234,Rich Hill,MO
13235,Richards,MO
13236,Richland,MO
13237,Richmond,MO
13238,Richwoods,MO
13239,Ridgedale,MO
13240,Ridgeway,MO
13241,Risco,MO
13242,Riverside,MO
13243,Roach,MO
13244,Robertsville,MO
13245,Roby,MO
13246,Rocheport,MO
13247,Rock Port,MO
13248,Rockaway Beach,MO
13249,Rockbridge,MO
13250,Rockville,MO
13251,Rocky Comfort,MO
13252,Rocky Mount,MO
13253,Rogersville,MO
13254,Rolla,MO
13255,Rombauer,MO
13256,Roscoe,MO
13257,Rosebud,MO
13258,Rosendale,MO
13259,Rothville,MO
13260,Rueter,MO
13261,Rush Hill,MO
13262,Rushville,MO
13263,Russellville,MO
13264,Rutledge,MO
13265,Saint Albans,MO
13266,Saint Ann,MO
13267,Saint Charles,MO
13268,Saint Clair,MO
13269,Saint Elizabeth,MO
13270,Saint James,MO
13271,Saint Joseph,MO
13272,Saint Louis,MO
13273,Saint Mary,MO
13274,Saint Patrick,MO
13275,Saint Peters,MO
13276,Saint Robert,MO
13277,Saint Thomas,MO
13278,Sainte Genevieve,MO
13279,Salem,MO
13280,Salisbury,MO
13281,Santa Fe,MO
13282,Sarcoxie,MO
13283,Savannah,MO
13284,Saverton,MO
13285,Schell City,MO
13286,Scott City,MO
13287,Sedalia,MO
13288,Sedgewickville,MO
13289,Seligman,MO
13290,Senath,MO
13291,Seneca,MO
13292,Seymour,MO
13293,Shelbina,MO
13294,Shelbyville,MO
13295,Sheldon,MO
13296,Shell Knob,MO
13297,Sheridan,MO
13298,Sibley,MO
13299,Sikeston,MO
13300,Silex,MO
13301,Silva,MO
13302,Skidmore,MO
13303,Slater,MO
13304,Smithton,MO
13305,Smithville,MO
13306,Solo,MO
13307,South Greenfield,MO
13308,South West City,MO
13309,Sparta,MO
13310,Spickard,MO
13311,Spokane,MO
13312,Springfield,MO
13313,Squires,MO
13314,Stanberry,MO
13315,Stanton,MO
13316,Stark City,MO
13317,Steedman,MO
13318,Steele,MO
13319,Steelville,MO
13320,Stella,MO
13321,Stewartsville,MO
13322,Stockton,MO
13323,Stotts City,MO
13324,Stoutland,MO
13325,Stoutsville,MO
13326,Stover,MO
13327,Strafford,MO
13328,Strasburg,MO
13329,Sturdivant,MO
13330,Sturgeon,MO
13331,Success,MO
13332,Sullivan,MO
13333,Summersville,MO
13334,Sumner,MO
13335,Sunrise Beach,MO
13336,Sweet Springs,MO
13337,Syracuse,MO
13338,Tallapoosa,MO
13339,Taneyville,MO
13340,Tarkio,MO
13341,Taylor,MO
13342,Tebbetts,MO
13343,Tecumseh,MO
13344,Thayer,MO
13345,Theodosia,MO
13346,Thompson,MO
13347,Thornfield,MO
13348,Tiff,MO
13349,Tiff City,MO
13350,Tina,MO
13351,Tipton,MO
13352,Trenton,MO
13353,Trimble,MO
13354,Triplett,MO
13355,Troy,MO
13356,Truesdale,MO
13357,Truxton,MO
13358,Tunas,MO
13359,Turney,MO
13360,Tuscumbia,MO
13361,Udall,MO
13362,Ulman,MO
13363,Union,MO
13364,Union Star,MO
13365,Uniontown,MO
13366,Unionville,MO
13367,Urbana,MO
13368,Urich,MO
13369,Utica,MO
13370,Valles Mines,MO
13371,Valley Park,MO
13372,Van Buren,MO
13373,Vandalia,MO
13374,Vanduser,MO
13375,Vanzant,MO
13376,Verona,MO
13377,Versailles,MO
13378,Viburnum,MO
13379,Vichy,MO
13380,Vienna,MO
13381,Villa Ridge,MO
13382,Vulcan,MO
13383,Waldron,MO
13384,Walker,MO
13385,Walnut Grove,MO
13386,Walnut Shade,MO
13387,Wappapello,MO
13388,Wardell,MO
13389,Warrensburg,MO
13390,Warrenton,MO
13391,Warsaw,MO
13392,Washburn,MO
13393,Washington,MO
13394,Wasola,MO
13395,Watson,MO
13396,Waverly,MO
13397,Wayland,MO
13398,Waynesville,MO
13399,Weatherby,MO
13400,Weaubleau,MO
13401,Webb City,MO
13402,Wellington,MO
13403,Wellsville,MO
13404,Wentworth,MO
13405,Wentzville,MO
13406,Wesco,MO
13407,West Alton,MO
13408,West Plains,MO
13409,Westboro,MO
13410,Weston,MO
13411,Westphalia,MO
13412,Wheatland,MO
13413,Wheaton,MO
13414,Wheeling,MO
13415,Whiteman Air Force Base,MO
13416,Whiteoak,MO
13417,Whiteside,MO
13418,Whitewater,MO
13419,Wildwood,MO
13420,Willard,MO
13421,Williamsburg,MO
13422,Williamstown,MO
13423,Williamsville,MO
13424,Willow Springs,MO
13425,Windsor,MO
13426,Windyville,MO
13427,Winfield,MO
13428,Winigan,MO
13429,Winona,MO
13430,Winston,MO
13431,Wooldridge,MO
13432,Worth,MO
13433,Worthington,MO
13434,Wright City,MO
13435,Wyaconda,MO
13436,Wyatt,MO
13437,Yukon,MO
13438,Zalma,MO
13439,Zanoni,MO
13440,Rota,MP
13441,Saipan,MP
13442,Tinian,MP
13443,Abbeville,MS
13444,Aberdeen,MS
13445,Ackerman,MS
13446,Alligator,MS
13447,Amory,MS
13448,Anguilla,MS
13449,Arcola,MS
13450,Artesia,MS
13451,Ashland,MS
13452,Avon,MS
13453,Bailey,MS
13454,Baldwyn,MS
13455,Banner,MS
13456,Bassfield,MS
13457,Batesville,MS
13458,Bay Saint Louis,MS
13459,Bay Springs,MS
13460,Beaumont,MS
13461,Belden,MS
13462,Bellefontaine,MS
13463,Belmont,MS
13464,Belzoni,MS
13465,Benoit,MS
13466,Benton,MS
13467,Bentonia,MS
13468,Beulah,MS
13469,Big Creek,MS
13470,Biloxi,MS
13471,Blue Mountain,MS
13472,Blue Springs,MS
13473,Bogue Chitto,MS
13474,Bolton,MS
13475,Booneville,MS
13476,Boyle,MS
13477,Brandon,MS
13478,Braxton,MS
13479,Brookhaven,MS
13480,Brooklyn,MS
13481,Brooksville,MS
13482,Bruce,MS
13483,Buckatunna,MS
13484,Bude,MS
13485,Burnsville,MS
13486,Byhalia,MS
13487,Byram,MS
13488,Caledonia,MS
13489,Calhoun City,MS
13490,Camden,MS
13491,Canton,MS
13492,Carriere,MS
13493,Carrollton,MS
13494,Carson,MS
13495,Carthage,MS
13496,Cary,MS
13497,Cascilla,MS
13498,Cedarbluff,MS
13499,Centreville,MS
13500,Charleston,MS
13501,Chatham,MS
13502,Chunky,MS
13503,Clara,MS
13504,Clarksdale,MS
13505,Cleveland,MS
13506,Clinton,MS
13507,Coahoma,MS
13508,Coffeeville,MS
13509,Coila,MS
13510,Coldwater,MS
13511,Collins,MS
13512,Collinsville,MS
13513,Columbia,MS
13514,Columbus,MS
13515,Como,MS
13516,Conehatta,MS
13517,Corinth,MS
13518,Courtland,MS
13519,Crawford,MS
13520,Crenshaw,MS
13521,Crosby,MS
13522,Crowder,MS
13523,Cruger,MS
13524,Crystal Springs,MS
13525,D Lo,MS
13526,Daleville,MS
13527,Darling,MS
13528,De Kalb,MS
13529,Decatur,MS
13530,Delta City,MS
13531,Dennis,MS
13532,Derma,MS
13533,Diamondhead,MS
13534,Diberville,MS
13535,Doddsville,MS
13536,Drew,MS
13537,Duck Hill,MS
13538,Dumas,MS
13539,Duncan,MS
13540,Dundee,MS
13541,Durant,MS
13542,Ecru,MS
13543,Edwards,MS
13544,Ellisville,MS
13545,Enid,MS
13546,Enterprise,MS
13547,Ethel,MS
13548,Etta,MS
13549,Eupora,MS
13550,Falkner,MS
13551,Fayette,MS
13552,Fernwood,MS
13553,Flora,MS
13554,Florence,MS
13555,Flowood,MS
13556,Forest,MS
13557,Foxworth,MS
13558,French Camp,MS
13559,Friars Point,MS
13560,Fulton,MS
13561,Gattman,MS
13562,Gautier,MS
13563,Georgetown,MS
13564,Glen,MS
13565,Glen Allan,MS
13566,Glendora,MS
13567,Gloster,MS
13568,Golden,MS
13569,Goodman,MS
13570,Gore Springs,MS
13571,Grace,MS
13572,Greenville,MS
13573,Greenwood,MS
13574,Greenwood Springs,MS
13575,Grenada,MS
13576,Gulfport,MS
13577,Gunnison,MS
13578,Guntown,MS
13579,Hamilton,MS
13580,Harrisville,MS
13581,Hattiesburg,MS
13582,Hazlehurst,MS
13583,Heidelberg,MS
13584,Hermanville,MS
13585,Hernando,MS
13586,Hickory,MS
13587,Hickory Flat,MS
13588,Holcomb,MS
13589,Hollandale,MS
13590,Holly Bluff,MS
13591,Holly Springs,MS
13592,Horn Lake,MS
13593,Houlka,MS
13594,Houston,MS
13595,Indianola,MS
13596,Inverness,MS
13597,Isola,MS
13598,Itta Bena,MS
13599,Iuka,MS
13600,Jackson,MS
13601,Jayess,MS
13602,Jonestown,MS
13603,Kilmichael,MS
13604,Kiln,MS
13605,Kokomo,MS
13606,Kosciusko,MS
13607,Lake,MS
13608,Lake Cormorant,MS
13609,Lamar,MS
13610,Lambert,MS
13611,Lauderdale,MS
13612,Laurel,MS
13613,Lawrence,MS
13614,Leakesville,MS
13615,Leland,MS
13616,Lena,MS
13617,Lexington,MS
13618,Liberty,MS
13619,Little Rock,MS
13620,Long Beach,MS
13621,Lorman,MS
13622,Louin,MS
13623,Louise,MS
13624,Louisville,MS
13625,Lucedale,MS
13626,Lula,MS
13627,Lumberton,MS
13628,Lyon,MS
13629,Maben,MS
13630,Macon,MS
13631,Madison,MS
13632,Magee,MS
13633,Magnolia,MS
13634,Mantachie,MS
13635,Mantee,MS
13636,Marietta,MS
13637,Marion,MS
13638,Marks,MS
13639,Mathiston,MS
13640,Mayersville,MS
13641,Mayhew,MS
13642,McCall Creek,MS
13643,McCarley,MS
13644,Mccomb,MS
13645,McCool,MS
13646,McHenry,MS
13647,McLain,MS
13648,Meadville,MS
13649,Mendenhall,MS
13650,Meridian,MS
13651,Merigold,MS
13652,Metcalfe,MS
13653,Michigan City,MS
13654,Midnight,MS
13655,Minter City,MS
13656,Mississippi State,MS
13657,Mize,MS
13658,Monticello,MS
13659,Mooreville,MS
13660,Moorhead,MS
13661,Morgan City,MS
13662,Morton,MS
13663,Moselle,MS
13664,Moss Point,MS
13665,Mound Bayou,MS
13666,Mount Olive,MS
13667,Myrtle,MS
13668,Natchez,MS
13669,Neely,MS
13670,Nesbit,MS
13671,Nettleton,MS
13672,New Albany,MS
13673,New Augusta,MS
13674,New Site,MS
13675,Newhebron,MS
13676,Newton,MS
13677,North Carrollton,MS
13678,Noxapater,MS
13679,Oak Vale,MS
13680,Oakland,MS
13681,Ocean Springs,MS
13682,Okolona,MS
13683,Olive Branch,MS
13684,Osyka,MS
13685,Ovett,MS
13686,Oxford,MS
13687,Pace,MS
13688,Pachuta,MS
13689,Panther Burn,MS
13690,Parchman,MS
13691,Paris,MS
13692,Pascagoula,MS
13693,Pass Christian,MS
13694,Pattison,MS
13695,Paulding,MS
13696,Pearl,MS
13697,Pearlington,MS
13698,Pelahatchie,MS
13699,Perkinston,MS
13700,Petal,MS
13701,Pheba,MS
13702,Philadelphia,MS
13703,Philipp,MS
13704,Picayune,MS
13705,Pickens,MS
13706,Piney Woods,MS
13707,Pinola,MS
13708,Pittsboro,MS
13709,Plantersville,MS
13710,Pontotoc,MS
13711,Pope,MS
13712,Poplarville,MS
13713,Port Gibson,MS
13714,Porterville,MS
13715,Potts Camp,MS
13716,Prairie,MS
13717,Prentiss,MS
13718,Preston,MS
13719,Pulaski,MS
13720,Purvis,MS
13721,Quitman,MS
13722,Raleigh,MS
13723,Randolph,MS
13724,Raymond,MS
13725,Red Banks,MS
13726,Redwood,MS
13727,Rena Lara,MS
13728,Richland,MS
13729,Richton,MS
13730,Ridgeland,MS
13731,Rienzi,MS
13732,Ripley,MS
13733,Robinsonville,MS
13734,Rolling Fork,MS
13735,Rome,MS
13736,Rose Hill,MS
13737,Rosedale,MS
13738,Roxie,MS
13739,Ruleville,MS
13740,Ruth,MS
13741,Sallis,MS
13742,Saltillo,MS
13743,Sandersville,MS
13744,Sandy Hook,MS
13745,Sarah,MS
13746,Sardis,MS
13747,Satartia,MS
13748,Saucier,MS
13749,Schlater,MS
13750,Scobey,MS
13751,Scooba,MS
13752,Scott,MS
13753,Sebastopol,MS
13754,Seminary,MS
13755,Senatobia,MS
13756,Shannon,MS
13757,Shaw,MS
13758,Shelby,MS
13759,Sherman,MS
13760,Shubuta,MS
13761,Shuqualak,MS
13762,Sidon,MS
13763,Silver City,MS
13764,Silver Creek,MS
13765,Sledge,MS
13766,Smithdale,MS
13767,Smithville,MS
13768,Sontag,MS
13769,Soso,MS
13770,Southaven,MS
13771,Star,MS
13772,Starkville,MS
13773,State Line,MS
13774,Steens,MS
13775,Stennis Space Center,MS
13776,Stewart,MS
13777,Stoneville,MS
13778,Stonewall,MS
13779,Stringer,MS
13780,Sturgis,MS
13781,Summit,MS
13782,Sumner,MS
13783,Sumrall,MS
13784,Sunflower,MS
13785,Taylor,MS
13786,Taylorsville,MS
13787,Tchula,MS
13788,Terry,MS
13789,Thaxton,MS
13790,Tillatoba,MS
13791,Tinsley,MS
13792,Tiplersville,MS
13793,Tippo,MS
13794,Tishomingo,MS
13795,Toomsuba,MS
13796,Tougaloo,MS
13797,Tremont,MS
13798,Tunica,MS
13799,Tupelo,MS
13800,Tutwiler,MS
13801,Tylertown,MS
13802,Union,MS
13803,Union Church,MS
13804,Utica,MS
13805,Vaiden,MS
13806,Valley Park,MS
13807,Vance,MS
13808,Vancleave,MS
13809,Vardaman,MS
13810,Vaughan,MS
13811,Verona,MS
13812,Vicksburg,MS
13813,Vossburg,MS
13814,Walls,MS
13815,Walnut,MS
13816,Walnut Grove,MS
13817,Walthall,MS
13818,Water Valley,MS
13819,Waterford,MS
13820,Waveland,MS
13821,Waynesboro,MS
13822,Webb,MS
13823,Weir,MS
13824,Wesson,MS
13825,West,MS
13826,West Point,MS
13827,Whitfield,MS
13828,Wiggins,MS
13829,Winona,MS
13830,Winstonville,MS
13831,Woodland,MS
13832,Woodville,MS
13833,Yazoo City,MS
13834,Absarokee,MT
13835,Acton,MT
13836,Alberton,MT
13837,Alder,MT
13838,Alzada,MT
13839,Anaconda,MT
13840,Angela,MT
13841,Antelope,MT
13842,Arlee,MT
13843,Ashland,MT
13844,Augusta,MT
13845,Avon,MT
13846,Babb,MT
13847,Bainville,MT
13848,Baker,MT
13849,Ballantine,MT
13850,Basin,MT
13851,Bearcreek,MT
13852,Belfry,MT
13853,Belgrade,MT
13854,Belt,MT
13855,Biddle,MT
13856,Big Arm,MT
13857,Big Sandy,MT
13858,Big Sky,MT
13859,Big Timber,MT
13860,Bigfork,MT
13861,Bighorn,MT
13862,Billings,MT
13863,Birney,MT
13864,Black Eagle,MT
13865,Bloomfield,MT
13866,Bonner,MT
13867,Boulder,MT
13868,Box Elder,MT
13869,Boyd,MT
13870,Boyes,MT
13871,Bozeman,MT
13872,Brady,MT
13873,Bridger,MT
13874,Broadus,MT
13875,Broadview,MT
13876,Brockton,MT
13877,Brockway,MT
13878,Browning,MT
13879,Brusett,MT
13880,Buffalo,MT
13881,Busby,MT
13882,Butte,MT
13883,Bynum,MT
13884,Cameron,MT
13885,Canyon Creek,MT
13886,Capitol,MT
13887,Cardwell,MT
13888,Carter,MT
13889,Cascade,MT
13890,Charlo,MT
13891,Chester,MT
13892,Chinook,MT
13893,Choteau,MT
13894,Circle,MT
13895,Clancy,MT
13896,Clinton,MT
13897,Clyde Park,MT
13898,Coffee Creek,MT
13899,Cohagen,MT
13900,Colstrip,MT
13901,Columbia Falls,MT
13902,Columbus,MT
13903,Condon,MT
13904,Conner,MT
13905,Conrad,MT
13906,Cooke City,MT
13907,Coram,MT
13908,Corvallis,MT
13909,Crane,MT
13910,Crow Agency,MT
13911,Culbertson,MT
13912,Custer,MT
13913,Cut Bank,MT
13914,Dagmar,MT
13915,Darby,MT
13916,Dayton,MT
13917,De Borgia,MT
13918,Decker,MT
13919,Deer Lodge,MT
13920,Dell,MT
13921,Denton,MT
13922,Dillon,MT
13923,Divide,MT
13924,Dixon,MT
13925,Dodson,MT
13926,Drummond,MT
13927,Dupuyer,MT
13928,Dutton,MT
13929,East Glacier Park,MT
13930,East Helena,MT
13931,Edgar,MT
13932,Ekalaka,MT
13933,Elliston,MT
13934,Elmo,MT
13935,Emigrant,MT
13936,Ennis,MT
13937,Essex,MT
13938,Ethridge,MT
13939,Eureka,MT
13940,Fairfield,MT
13941,Fairview,MT
13942,Fallon,MT
13943,Fishtail,MT
13944,Flaxville,MT
13945,Florence,MT
13946,Floweree,MT
13947,Forest Grove,MT
13948,Forsyth,MT
13949,Fort Benton,MT
13950,Fort Harrison,MT
13951,Fort Peck,MT
13952,Fort Shaw,MT
13953,Fort Smith,MT
13954,Fortine,MT
13955,Frazer,MT
13956,Frenchtown,MT
13957,Froid,MT
13958,Fromberg,MT
13959,Galata,MT
13960,Gallatin Gateway,MT
13961,Gardiner,MT
13962,Garrison,MT
13963,Garryowen,MT
13964,Geraldine,MT
13965,Geyser,MT
13966,Gildford,MT
13967,Glasgow,MT
13968,Glen,MT
13969,Glendive,MT
13970,Glentana,MT
13971,Gold Creek,MT
13972,Grass Range,MT
13973,Great Falls,MT
13974,Greycliff,MT
13975,Hall,MT
13976,Hamilton,MT
13977,Hammond,MT
13978,Hardin,MT
13979,Harlem,MT
13980,Harlowton,MT
13981,Harrison,MT
13982,Hathaway,MT
13983,Haugan,MT
13984,Havre,MT
13985,Hays,MT
13986,Heart Butte,MT
13987,Helena,MT
13988,Helmville,MT
13989,Heron,MT
13990,Highwood,MT
13991,Hilger,MT
13992,Hingham,MT
13993,Hinsdale,MT
13994,Hobson,MT
13995,Hogeland,MT
13996,Homestead,MT
13997,Hot Springs,MT
13998,Hungry Horse,MT
13999,Huntley,MT
14000,Huson,MT
14001,Hysham,MT
14002,Ingomar,MT
14003,Inverness,MT
14004,Ismay,MT
14005,Jackson,MT
14006,Jefferson City,MT
14007,Joliet,MT
14008,Joplin,MT
14009,Jordan,MT
14010,Judith Gap,MT
14011,Kalispell,MT
14012,Kevin,MT
14013,Kila,MT
14014,Kinsey,MT
14015,Kremlin,MT
14016,Lakeside,MT
14017,Lambert,MT
14018,Lame Deer,MT
14019,Larslan,MT
14020,Laurel,MT
14021,Lavina,MT
14022,Ledger,MT
14023,Lewistown,MT
14024,Libby,MT
14025,Lima,MT
14026,Lincoln,MT
14027,Lindsay,MT
14028,Livingston,MT
14029,Lloyd,MT
14030,Lodge Grass,MT
14031,Lolo,MT
14032,Loma,MT
14033,Lonepine,MT
14034,Loring,MT
14035,Lothair,MT
14036,Malta,MT
14037,Manhattan,MT
14038,Marion,MT
14039,Martin City,MT
14040,Martinsdale,MT
14041,Marysville,MT
14042,McAllister,MT
14043,McLeod,MT
14044,Medicine Lake,MT
14045,Melrose,MT
14046,Melstone,MT
14047,Melville,MT
14048,Miles City,MT
14049,Milltown,MT
14050,Missoula,MT
14051,Moccasin,MT
14052,Molt,MT
14053,Monarch,MT
14054,Moore,MT
14055,Mosby,MT
14056,Musselshell,MT
14057,Nashua,MT
14058,Neihart,MT
14059,Norris,MT
14060,Noxon,MT
14061,Nye,MT
14062,Oilmont,MT
14063,Olive,MT
14064,Olney,MT
14065,Opheim,MT
14066,Otter,MT
14067,Outlook,MT
14068,Ovando,MT
14069,Pablo,MT
14070,Paradise,MT
14071,Park City,MT
14072,Peerless,MT
14073,Pendroy,MT
14074,Philipsburg,MT
14075,Pinesdale,MT
14076,Plains,MT
14077,Plentywood,MT
14078,Plevna,MT
14079,Polaris,MT
14080,Polebridge,MT
14081,Polson,MT
14082,Pompeys Pillar,MT
14083,Pony,MT
14084,Poplar,MT
14085,Powderville,MT
14086,Power,MT
14087,Pray,MT
14088,Proctor,MT
14089,Pryor,MT
14090,Ramsay,MT
14091,Rapelje,MT
14092,Ravalli,MT
14093,Raymond,MT
14094,Raynesford,MT
14095,Red Lodge,MT
14096,Redstone,MT
14097,Reed Point,MT
14098,Reserve,MT
14099,Rexford,MT
14100,Richey,MT
14101,Richland,MT
14102,Ringling,MT
14103,Roberts,MT
14104,Rollins,MT
14105,Ronan,MT
14106,Roscoe,MT
14107,Rosebud,MT
14108,Roundup,MT
14109,Roy,MT
14110,Rudyard,MT
14111,Ryegate,MT
14112,Saco,MT
14113,Saint Ignatius,MT
14114,Saint Marie,MT
14115,Saint Regis,MT
14116,Saint Xavier,MT
14117,Saltese,MT
14118,Sand Coulee,MT
14119,Sand Springs,MT
14120,Sanders,MT
14121,Savage,MT
14122,Scobey,MT
14123,Seeley Lake,MT
14124,Shawmut,MT
14125,Shelby,MT
14126,Shepherd,MT
14127,Sheridan,MT
14128,Sidney,MT
14129,Silver Gate,MT
14130,Silver Star,MT
14131,Simms,MT
14132,Somers,MT
14133,Springdale,MT
14134,Stanford,MT
14135,Stevensville,MT
14136,Stockett,MT
14137,Stryker,MT
14138,Sula,MT
14139,Sumatra,MT
14140,Sun River,MT
14141,Sunburst,MT
14142,Superior,MT
14143,Sweet Grass,MT
14144,Terry,MT
14145,Thompson Falls,MT
14146,Three Forks,MT
14147,Toston,MT
14148,Townsend,MT
14149,Trego,MT
14150,Trout Creek,MT
14151,Troy,MT
14152,Turner,MT
14153,Twin Bridges,MT
14154,Two Dot,MT
14155,Ulm,MT
14156,Valier,MT
14157,Vandalia,MT
14158,Vaughn,MT
14159,Victor,MT
14160,Vida,MT
14161,Virginia City,MT
14162,Volborg,MT
14163,Warm Springs,MT
14164,West Glacier,MT
14165,West Yellowstone,MT
14166,Westby,MT
14167,White Sulphur Springs,MT
14168,Whitefish,MT
14169,Whitehall,MT
14170,Whitetail,MT
14171,Whitewater,MT
14172,Whitlash,MT
14173,Wibaux,MT
14174,Willard,MT
14175,Willow Creek,MT
14176,Wilsall,MT
14177,Winifred,MT
14178,Winnett,MT
14179,Winston,MT
14180,Wisdom,MT
14181,Wise River,MT
14182,Wolf Creek,MT
14183,Wolf Point,MT
14184,Worden,MT
14185,Wyola,MT
14186,Zortman,MT
14187,Zurich,MT
14188,Aberdeen,NC
14189,Advance,NC
14190,Ahoskie,NC
14191,Alamance,NC
14192,Albemarle,NC
14193,Albertson,NC
14194,Alexander,NC
14195,Alexis,NC
14196,Alliance,NC
14197,Almond,NC
14198,Altamahaw,NC
14199,Andrews,NC
14200,Angier,NC
14201,Ansonville,NC
14202,Apex,NC
14203,Arapahoe,NC
14204,Ararat,NC
14205,Arden,NC
14206,Ash,NC
14207,Asheboro,NC
14208,Asheville,NC
14209,Atkinson,NC
14210,Atlantic,NC
14211,Atlantic Beach,NC
14212,Aulander,NC
14213,Aurora,NC
14214,Autryville,NC
14215,Avon,NC
14216,Ayden,NC
14217,Aydlett,NC
14218,Badin,NC
14219,Bahama,NC
14220,Bailey,NC
14221,Bakersville,NC
14222,Balsam,NC
14223,Balsam Grove,NC
14224,Banner Elk,NC
14225,Barco,NC
14226,Barnardsville,NC
14227,Bat Cave,NC
14228,Bath,NC
14229,Battleboro,NC
14230,Bayboro,NC
14231,Bear Creek,NC
14232,Beaufort,NC
14233,Belews Creek,NC
14234,Belhaven,NC
14235,Belmont,NC
14236,Belvidere,NC
14237,Bennett,NC
14238,Benson,NC
14239,Bessemer City,NC
14240,Bethel,NC
14241,Beulaville,NC
14242,Biscoe,NC
14243,Black Creek,NC
14244,Black Mountain,NC
14245,Bladenboro,NC
14246,Blanch,NC
14247,Blounts Creek,NC
14248,Blowing Rock,NC
14249,Boiling Springs,NC
14250,Bolivia,NC
14251,Bolton,NC
14252,Bonlee,NC
14253,Boomer,NC
14254,Boone,NC
14255,Boonville,NC
14256,Bostic,NC
14257,Brasstown,NC
14258,Brevard,NC
14259,Bridgeton,NC
14260,Broadway,NC
14261,Browns Summit,NC
14262,Brunswick,NC
14263,Bryson City,NC
14264,Buies Creek,NC
14265,Bullock,NC
14266,Bunn,NC
14267,Bunnlevel,NC
14268,Burgaw,NC
14269,Burlington,NC
14270,Burnsville,NC
14271,Butner,NC
14272,Buxton,NC
14273,Calabash,NC
14274,Calypso,NC
14275,Camden,NC
14276,Cameron,NC
14277,Camp Lejeune,NC
14278,Candler,NC
14279,Candor,NC
14280,Canton,NC
14281,Caroleen,NC
14282,Carolina Beach,NC
14283,Carrboro,NC
14284,Carthage,NC
14285,Cary,NC
14286,Casar,NC
14287,Cashiers,NC
14288,Castalia,NC
14289,Castle Hayne,NC
14290,Catawba,NC
14291,Cedar Grove,NC
14292,Cedar Island,NC
14293,Cedar Mountain,NC
14294,Cerro Gordo,NC
14295,Chadbourn,NC
14296,Chapel Hill,NC
14297,Charlotte,NC
14298,Cherokee,NC
14299,Cherry Point,NC
14300,Cherryville,NC
14301,Chimney Rock,NC
14302,China Grove,NC
14303,Chinquapin,NC
14304,Chocowinity,NC
14305,Claremont,NC
14306,Clarendon,NC
14307,Clarkton,NC
14308,Clayton,NC
14309,Clemmons,NC
14310,Cleveland,NC
14311,Cliffside,NC
14312,Climax,NC
14313,Clinton,NC
14314,Clyde,NC
14315,Coats,NC
14316,Cofield,NC
14317,Coinjock,NC
14318,Colerain,NC
14319,Colfax,NC
14320,Collettsville,NC
14321,Columbia,NC
14322,Columbus,NC
14323,Como,NC
14324,Concord,NC
14325,Conetoe,NC
14326,Connelly Springs,NC
14327,Conover,NC
14328,Conway,NC
14329,Cooleemee,NC
14330,Corapeake,NC
14331,Cordova,NC
14332,Cornelius,NC
14333,Corolla,NC
14334,Council,NC
14335,Cove City,NC
14336,Cramerton,NC
14337,Creedmoor,NC
14338,Creston,NC
14339,Creswell,NC
14340,Crossnore,NC
14341,Crouse,NC
14342,Crumpler,NC
14343,Cullowhee,NC
14344,Cumberland,NC
14345,Currie,NC
14346,Currituck,NC
14347,Dallas,NC
14348,Danbury,NC
14349,Davidson,NC
14350,Davis,NC
14351,Deep Gap,NC
14352,Deep Run,NC
14353,Delco,NC
14354,Denton,NC
14355,Denver,NC
14356,Dillsboro,NC
14357,Dobson,NC
14358,Dover,NC
14359,Drexel,NC
14360,Dublin,NC
14361,Dudley,NC
14362,Dunn,NC
14363,Durham,NC
14364,Eagle Springs,NC
14365,East Bend,NC
14366,East Flat Rock,NC
14367,East Spencer,NC
14368,Eden,NC
14369,Edenton,NC
14370,Edward,NC
14371,Efland,NC
14372,Elizabeth City,NC
14373,Elizabethtown,NC
14374,Elk Park,NC
14375,Elkin,NC
14376,Ellenboro,NC
14377,Ellerbe,NC
14378,Elm City,NC
14379,Elon,NC
14380,Emerald Isle,NC
14381,Enfield,NC
14382,Engelhard,NC
14383,Ennice,NC
14384,Ernul,NC
14385,Erwin,NC
14386,Ether,NC
14387,Etowah,NC
14388,Eure,NC
14389,Everetts,NC
14390,Evergreen,NC
14391,Fair Bluff,NC
14392,Fairfield,NC
14393,Fairmont,NC
14394,Fairview,NC
14395,Faison,NC
14396,Faith,NC
14397,Falcon,NC
14398,Falkland,NC
14399,Fallston,NC
14400,Farmville,NC
14401,Fayetteville,NC
14402,Ferguson,NC
14403,Flat Rock,NC
14404,Fleetwood,NC
14405,Fletcher,NC
14406,Fontana Dam,NC
14407,Forest City,NC
14408,Fort Bragg,NC
14409,Fountain,NC
14410,Four Oaks,NC
14411,Franklin,NC
14412,Franklinton,NC
14413,Franklinville,NC
14414,Fremont,NC
14415,Frisco,NC
14416,Fuquay Varina,NC
14417,Garland,NC
14418,Garner,NC
14419,Garysburg,NC
14420,Gaston,NC
14421,Gastonia,NC
14422,Gates,NC
14423,Gatesville,NC
14424,Germanton,NC
14425,Gerton,NC
14426,Gibson,NC
14427,Gibsonville,NC
14428,Glade Valley,NC
14429,Glen Alpine,NC
14430,Glendale Springs,NC
14431,Glenville,NC
14432,Gloucester,NC
14433,Godwin,NC
14434,Gold Hill,NC
14435,Goldsboro,NC
14436,Goldston,NC
14437,Graham,NC
14438,Grandy,NC
14439,Granite Falls,NC
14440,Granite Quarry,NC
14441,Grantsboro,NC
14442,Grassy Creek,NC
14443,Green Mountain,NC
14444,Greensboro,NC
14445,Greenville,NC
14446,Grifton,NC
14447,Grimesland,NC
14448,Grover,NC
14449,Gulf,NC
14450,Halifax,NC
14451,Hallsboro,NC
14452,Hamilton,NC
14453,Hamlet,NC
14454,Hampstead,NC
14455,Hamptonville,NC
14456,Harbinger,NC
14457,Harkers Island,NC
14458,Harmony,NC
14459,Harrells,NC
14460,Harrellsville,NC
14461,Harris,NC
14462,Harrisburg,NC
14463,Hassell,NC
14464,Hatteras,NC
14465,Havelock,NC
14466,Haw River,NC
14467,Hayesville,NC
14468,Hays,NC
14469,Henderson,NC
14470,Hendersonville,NC
14471,Henrico,NC
14472,Henrietta,NC
14473,Hertford,NC
14474,Hickory,NC
14475,Hiddenite,NC
14476,High Point,NC
14477,High Shoals,NC
14478,Highfalls,NC
14479,Highlands,NC
14480,Hildebran,NC
14481,Hillsborough,NC
14482,Hobbsville,NC
14483,Hobgood,NC
14484,Hobucken,NC
14485,Hoffman,NC
14486,Hollister,NC
14487,Holly Ridge,NC
14488,Holly Springs,NC
14489,Hookerton,NC
14490,Hope Mills,NC
14491,Horse Shoe,NC
14492,Hot Springs,NC
14493,Hubert,NC
14494,Hudson,NC
14495,Huntersville,NC
14496,Hurdle Mills,NC
14497,Icard,NC
14498,Indian Trail,NC
14499,Iron Station,NC
14500,Ivanhoe,NC
14501,Jackson,NC
14502,Jackson Springs,NC
14503,Jacksonville,NC
14504,Jamestown,NC
14505,Jamesville,NC
14506,Jarvisburg,NC
14507,Jefferson,NC
14508,Jonas Ridge,NC
14509,Jonesville,NC
14510,Julian,NC
14511,Kannapolis,NC
14512,Kelford,NC
14513,Kelly,NC
14514,Kenansville,NC
14515,Kenly,NC
14516,Kernersville,NC
14517,Kill Devil Hills,NC
14518,King,NC
14519,Kings Mountain,NC
14520,Kinston,NC
14521,Kittrell,NC
14522,Kitty Hawk,NC
14523,Knightdale,NC
14524,Knotts Island,NC
14525,Kure Beach,NC
14526,La Grange,NC
14527,Lake Junaluska,NC
14528,Lake Lure,NC
14529,Lake Toxaway,NC
14530,Lake Waccamaw,NC
14531,Lakeview,NC
14532,Landis,NC
14533,Lansing,NC
14534,Lattimore,NC
14535,Laurel Hill,NC
14536,Laurel Springs,NC
14537,Laurinburg,NC
14538,Lawndale,NC
14539,Lawsonville,NC
14540,Leasburg,NC
14541,Leicester,NC
14542,Leland,NC
14543,Lemon Springs,NC
14544,Lenoir,NC
14545,Lewiston Woodville,NC
14546,Lewisville,NC
14547,Lexington,NC
14548,Liberty,NC
14549,Lilesville,NC
14550,Lillington,NC
14551,Lincolnton,NC
14552,Linden,NC
14553,Linville,NC
14554,Linwood,NC
14555,Little Switzerland,NC
14556,Littleton,NC
14557,Locust,NC
14558,Longwood,NC
14559,Louisburg,NC
14560,Lowell,NC
14561,Lowgap,NC
14562,Lowland,NC
14563,Lucama,NC
14564,Lumber Bridge,NC
14565,Lumberton,NC
14566,Macclesfield,NC
14567,Macon,NC
14568,Madison,NC
14569,Maggie Valley,NC
14570,Magnolia,NC
14571,Maiden,NC
14572,Manns Harbor,NC
14573,Manson,NC
14574,Manteo,NC
14575,Maple,NC
14576,Maple Hill,NC
14577,Marble,NC
14578,Margarettsville,NC
14579,Marietta,NC
14580,Marion,NC
14581,Mars Hill,NC
14582,Marshall,NC
14583,Marshallberg,NC
14584,Marshville,NC
14585,Marston,NC
14586,Matthews,NC
14587,Maury,NC
14588,Maxton,NC
14589,Mayodan,NC
14590,Maysville,NC
14591,McAdenville,NC
14592,McFarlan,NC
14593,McGrady,NC
14594,McLeansville,NC
14595,Mebane,NC
14596,Merritt,NC
14597,Merry Hill,NC
14598,Micaville,NC
14599,Micro,NC
14600,Middleburg,NC
14601,Middlesex,NC
14602,Midland,NC
14603,Midway Park,NC
14604,Mill Spring,NC
14605,Millers Creek,NC
14606,Mills River,NC
14607,Milton,NC
14608,Mineral Springs,NC
14609,Minneapolis,NC
14610,Misenheimer,NC
14611,Mocksville,NC
14612,Moncure,NC
14613,Monroe,NC
14614,Montezuma,NC
14615,Montreat,NC
14616,Mooresboro,NC
14617,Mooresville,NC
14618,Moravian Falls,NC
14619,Morehead City,NC
14620,Morganton,NC
14621,Morrisville,NC
14622,Morven,NC
14623,Mount Airy,NC
14624,Mount Gilead,NC
14625,Mount Holly,NC
14626,Mount Olive,NC
14627,Mount Pleasant,NC
14628,Mount Ulla,NC
14629,Mountain Home,NC
14630,Moyock,NC
14631,Murfreesboro,NC
14632,Murphy,NC
14633,Nags Head,NC
14634,Nakina,NC
14635,Nashville,NC
14636,Nebo,NC
14637,New Bern,NC
14638,New Hill,NC
14639,New London,NC
14640,Newland,NC
14641,Newport,NC
14642,Newton,NC
14643,Newton Grove,NC
14644,Norlina,NC
14645,Norman,NC
14646,North Wilkesboro,NC
14647,Norwood,NC
14648,Oak City,NC
14649,Oak Island,NC
14650,Oak Ridge,NC
14651,Oakboro,NC
14652,Ocean Isle Beach,NC
14653,Ocracoke,NC
14654,Old Fort,NC
14655,Olin,NC
14656,Olivia,NC
14657,Oriental,NC
14658,Orrum,NC
14659,Otto,NC
14660,Oxford,NC
14661,Pantego,NC
14662,Parkton,NC
14663,Parmele,NC
14664,Peachland,NC
14665,Pelham,NC
14666,Pembroke,NC
14667,Pendleton,NC
14668,Penrose,NC
14669,Pfafftown,NC
14670,Pikeville,NC
14671,Pilot Mountain,NC
14672,Pine Hall,NC
14673,Pine Level,NC
14674,Pinebluff,NC
14675,Pinehurst,NC
14676,Pineola,NC
14677,Pinetops,NC
14678,Pinetown,NC
14679,Pineville,NC
14680,Piney Creek,NC
14681,Pink Hill,NC
14682,Pinnacle,NC
14683,Pisgah Forest,NC
14684,Pittsboro,NC
14685,Pleasant Garden,NC
14686,Pleasant Hill,NC
14687,Plumtree,NC
14688,Plymouth,NC
14689,Point Harbor,NC
14690,Polkton,NC
14691,Polkville,NC
14692,Pollocksville,NC
14693,Pope Army Airfield,NC
14694,Poplar Branch,NC
14695,Powells Point,NC
14696,Powellsville,NC
14697,Princeton,NC
14698,Proctorville,NC
14699,Prospect Hill,NC
14700,Providence,NC
14701,Purlear,NC
14702,Raeford,NC
14703,Raleigh,NC
14704,Ramseur,NC
14705,Randleman,NC
14706,Red Springs,NC
14707,Reidsville,NC
14708,Rex,NC
14709,Rhodhiss,NC
14710,Rich Square,NC
14711,Richfield,NC
14712,Richlands,NC
14713,Ridgecrest,NC
14714,Ridgeway,NC
14715,Riegelwood,NC
14716,Roanoke Rapids,NC
14717,Roaring Gap,NC
14718,Roaring River,NC
14719,Robbins,NC
14720,Robbinsville,NC
14721,Robersonville,NC
14722,Rockingham,NC
14723,Rockwell,NC
14724,Rocky Mount,NC
14725,Rocky Point,NC
14726,Rodanthe,NC
14727,Roduco,NC
14728,Rolesville,NC
14729,Ronda,NC
14730,Roper,NC
14731,Rose Hill,NC
14732,Roseboro,NC
14733,Rosman,NC
14734,Rougemont,NC
14735,Rowland,NC
14736,Roxboro,NC
14737,Roxobel,NC
14738,Ruffin,NC
14739,Rural Hall,NC
14740,Rutherford College,NC
14741,Rutherfordton,NC
14742,Saint Pauls,NC
14743,Salemburg,NC
14744,Salisbury,NC
14745,Salter Path,NC
14746,Saluda,NC
14747,Salvo,NC
14748,Sandy Ridge,NC
14749,Sanford,NC
14750,Sapphire,NC
14751,Saratoga,NC
14752,Saxapahaw,NC
14753,Scaly Mountain,NC
14754,Scotland Neck,NC
14755,Scottville,NC
14756,Scranton,NC
14757,Seaboard,NC
14758,Seagrove,NC
14759,Sealevel,NC
14760,Sedalia,NC
14761,Selma,NC
14762,Semora,NC
14763,Seven Springs,NC
14764,Severn,NC
14765,Shallotte,NC
14766,Shannon,NC
14767,Sharpsburg,NC
14768,Shawboro,NC
14769,Shelby,NC
14770,Sherrills Ford,NC
14771,Shiloh,NC
14772,Siler City,NC
14773,Siloam,NC
14774,Simpson,NC
14775,Sims,NC
14776,Smithfield,NC
14777,Smyrna,NC
14778,Sneads Ferry,NC
14779,Snow Camp,NC
14780,Snow Hill,NC
14781,Sophia,NC
14782,South Mills,NC
14783,Southern Pines,NC
14784,Southmont,NC
14785,Southport,NC
14786,Sparta,NC
14787,Speed,NC
14788,Spencer,NC
14789,Spindale,NC
14790,Spring Hope,NC
14791,Spring Lake,NC
14792,Spruce Pine,NC
14793,Stacy,NC
14794,Staley,NC
14795,Stanfield,NC
14796,Stanley,NC
14797,Stantonsburg,NC
14798,Star,NC
14799,State Road,NC
14800,Statesville,NC
14801,Stedman,NC
14802,Stella,NC
14803,Stem,NC
14804,Stokes,NC
14805,Stokesdale,NC
14806,Stoneville,NC
14807,Stony Point,NC
14808,Stovall,NC
14809,Stumpy Point,NC
14810,Sugar Grove,NC
14811,Summerfield,NC
14812,Sunbury,NC
14813,Sunset Beach,NC
14814,Supply,NC
14815,Surf City,NC
14816,Swannanoa,NC
14817,Swanquarter,NC
14818,Swansboro,NC
14819,Sylva,NC
14820,Tabor City,NC
14821,Tar Heel,NC
14822,Tarawa Terrace,NC
14823,Tarboro,NC
14824,Taylorsville,NC
14825,Teachey,NC
14826,Terrell,NC
14827,Thomasville,NC
14828,Thurmond,NC
14829,Timberlake,NC
14830,Tobaccoville,NC
14831,Todd,NC
14832,Topton,NC
14833,Townsville,NC
14834,Traphill,NC
14835,Trenton,NC
14836,Trinity,NC
14837,Troutman,NC
14838,Troy,NC
14839,Tryon,NC
14840,Tuckasegee,NC
14841,Turkey,NC
14842,Tyner,NC
14843,Union Grove,NC
14844,Union Mills,NC
14845,Valdese,NC
14846,Vale,NC
14847,Vanceboro,NC
14848,Vandemere,NC
14849,Vass,NC
14850,Vilas,NC
14851,Waco,NC
14852,Wade,NC
14853,Wadesboro,NC
14854,Wagram,NC
14855,Wake Forest,NC
14856,Walkertown,NC
14857,Wallace,NC
14858,Walnut Cove,NC
14859,Walstonburg,NC
14860,Wanchese,NC
14861,Warne,NC
14862,Warrensville,NC
14863,Warrenton,NC
14864,Warsaw,NC
14865,Washington,NC
14866,Waves,NC
14867,Waxhaw,NC
14868,Waynesville,NC
14869,Weaverville,NC
14870,Webster,NC
14871,Welcome,NC
14872,Weldon,NC
14873,Wendell,NC
14874,West End,NC
14875,West Jefferson,NC
14876,Westfield,NC
14877,Whitakers,NC
14878,White Oak,NC
14879,Whiteville,NC
14880,Whitsett,NC
14881,Whittier,NC
14882,Wilkesboro,NC
14883,Willard,NC
14884,Williamston,NC
14885,Williston,NC
14886,Willow Spring,NC
14887,Wilmington,NC
14888,Wilson,NC
14889,Wilsons Mills,NC
14890,Windsor,NC
14891,Winfall,NC
14892,Wingate,NC
14893,Winnabow,NC
14894,Winston Salem,NC
14895,Winterville,NC
14896,Winton,NC
14897,Wise,NC
14898,Woodland,NC
14899,Woodleaf,NC
14900,Wrightsville Beach,NC
14901,Yadkinville,NC
14902,Yanceyville,NC
14903,Youngsville,NC
14904,Zebulon,NC
14905,Zionville,NC
14906,Zirconia,NC
14907,Abercrombie,ND
14908,Absaraka,ND
14909,Adams,ND
14910,Agate,ND
14911,Alamo,ND
14912,Alexander,ND
14913,Almont,ND
14914,Alsen,ND
14915,Ambrose,ND
14916,Amenia,ND
14917,Amidon,ND
14918,Anamoose,ND
14919,Aneta,ND
14920,Antler,ND
14921,Argusville,ND
14922,Arnegard,ND
14923,Arthur,ND
14924,Arvilla,ND
14925,Ashley,ND
14926,Ayr,ND
14927,Baldwin,ND
14928,Balfour,ND
14929,Balta,ND
14930,Bantry,ND
14931,Barney,ND
14932,Bathgate,ND
14933,Beach,ND
14934,Belcourt,ND
14935,Belfield,ND
14936,Benedict,ND
14937,Berlin,ND
14938,Berthold,ND
14939,Beulah,ND
14940,Binford,ND
14941,Bisbee,ND
14942,Bismarck,ND
14943,Blanchard,ND
14944,Bottineau,ND
14945,Bowbells,ND
14946,Bowdon,ND
14947,Bowman,ND
14948,Braddock,ND
14949,Brocket,ND
14950,Buchanan,ND
14951,Buffalo,ND
14952,Burlington,ND
14953,Butte,ND
14954,Buxton,ND
14955,Caledonia,ND
14956,Calvin,ND
14957,Cando,ND
14958,Cannon Ball,ND
14959,Carpio,ND
14960,Carrington,ND
14961,Carson,ND
14962,Cartwright,ND
14963,Casselton,ND
14964,Cathay,ND
14965,Cavalier,ND
14966,Cayuga,ND
14967,Center,ND
14968,Chaseley,ND
14969,Christine,ND
14970,Churchs Ferry,ND
14971,Cleveland,ND
14972,Clifford,ND
14973,Cogswell,ND
14974,Coleharbor,ND
14975,Colfax,ND
14976,Columbus,ND
14977,Cooperstown,ND
14978,Courtenay,ND
14979,Crary,ND
14980,Crosby,ND
14981,Crystal,ND
14982,Cummings,ND
14983,Dahlen,ND
14984,Davenport,ND
14985,Dawson,ND
14986,Dazey,ND
14987,Deering,ND
14988,Denhoff,ND
14989,Des Lacs,ND
14990,Devils Lake,ND
14991,Dickey,ND
14992,Dickinson,ND
14993,Dodge,ND
14994,Donnybrook,ND
14995,Douglas,ND
14996,Drake,ND
14997,Drayton,ND
14998,Driscoll,ND
14999,Dunn Center,ND
15000,Dunseith,ND
15001,Edgeley,ND
15002,Edinburg,ND
15003,Edmore,ND
15004,Egeland,ND
15005,Elgin,ND
15006,Ellendale,ND
15007,Emerado,ND
15008,Enderlin,ND
15009,Epping,ND
15010,Erie,ND
15011,Esmond,ND
15012,Fairdale,ND
15013,Fairfield,ND
15014,Fairmount,ND
15015,Fargo,ND
15016,Fessenden,ND
15017,Fingal,ND
15018,Finley,ND
15019,Flasher,ND
15020,Flaxton,ND
15021,Forbes,ND
15022,Fordville,ND
15023,Forest River,ND
15024,Forman,ND
15025,Fort Ransom,ND
15026,Fort Totten,ND
15027,Fort Yates,ND
15028,Fortuna,ND
15029,Fredonia,ND
15030,Fullerton,ND
15031,Gackle,ND
15032,Galesburg,ND
15033,Gardner,ND
15034,Garrison,ND
15035,Gilby,ND
15036,Gladstone,ND
15037,Glasston,ND
15038,Glen Ullin,ND
15039,Glenburn,ND
15040,Glenfield,ND
15041,Golden Valley,ND
15042,Golva,ND
15043,Goodrich,ND
15044,Grace City,ND
15045,Grafton,ND
15046,Grand Forks,ND
15047,Grand Forks Afb,ND
15048,Grandin,ND
15049,Granville,ND
15050,Grassy Butte,ND
15051,Grenora,ND
15052,Gwinner,ND
15053,Hague,ND
15054,Halliday,ND
15055,Hamilton,ND
15056,Hampden,ND
15057,Hankinson,ND
15058,Hannaford,ND
15059,Hannah,ND
15060,Hansboro,ND
15061,Harvey,ND
15062,Harwood,ND
15063,Hatton,ND
15064,Havana,ND
15065,Hazelton,ND
15066,Hazen,ND
15067,Hebron,ND
15068,Hensel,ND
15069,Hettinger,ND
15070,Hillsboro,ND
15071,Hoople,ND
15072,Hope,ND
15073,Horace,ND
15074,Hunter,ND
15075,Hurdsfield,ND
15076,Inkster,ND
15077,Jamestown,ND
15078,Jessie,ND
15079,Jud,ND
15080,Karlsruhe,ND
15081,Kathryn,ND
15082,Keene,ND
15083,Kenmare,ND
15084,Kensal,ND
15085,Killdeer,ND
15086,Kindred,ND
15087,Kintyre,ND
15088,Knox,ND
15089,Kramer,ND
15090,Kulm,ND
15091,Lakota,ND
15092,Lamoure,ND
15093,Langdon,ND
15094,Lankin,ND
15095,Lansford,ND
15096,Larimore,ND
15097,Lawton,ND
15098,Leeds,ND
15099,Lefor,ND
15100,Lehr,ND
15101,Leonard,ND
15102,Lidgerwood,ND
15103,Lignite,ND
15104,Linton,ND
15105,Lisbon,ND
15106,Litchville,ND
15107,Luverne,ND
15108,Maddock,ND
15109,Maida,ND
15110,Makoti,ND
15111,Mandan,ND
15112,Mandaree,ND
15113,Manning,ND
15114,Mantador,ND
15115,Manvel,ND
15116,Mapleton,ND
15117,Marion,ND
15118,Marmarth,ND
15119,Marshall,ND
15120,Martin,ND
15121,Max,ND
15122,Maxbass,ND
15123,Mayville,ND
15124,Mcclusky,ND
15125,Mcgregor,ND
15126,Mchenry,ND
15127,Mcleod,ND
15128,Mcville,ND
15129,Medina,ND
15130,Medora,ND
15131,Mekinock,ND
15132,Menoken,ND
15133,Mercer,ND
15134,Michigan,ND
15135,Milnor,ND
15136,Milton,ND
15137,Minnewaukan,ND
15138,Minot,ND
15139,Minot Afb,ND
15140,Minto,ND
15141,Moffit,ND
15142,Mohall,ND
15143,Montpelier,ND
15144,Mooreton,ND
15145,Mott,ND
15146,Mountain,ND
15147,Munich,ND
15148,Mylo,ND
15149,Napoleon,ND
15150,Neche,ND
15151,Nekoma,ND
15152,New England,ND
15153,New Leipzig,ND
15154,New Rockford,ND
15155,New Salem,ND
15156,New Town,ND
15157,Newburg,ND
15158,Niagara,ND
15159,Nome,ND
15160,Noonan,ND
15161,Northwood,ND
15162,Norwich,ND
15163,Oakes,ND
15164,Oberon,ND
15165,Oriska,ND
15166,Osnabrock,ND
15167,Page,ND
15168,Palermo,ND
15169,Park River,ND
15170,Parshall,ND
15171,Pekin,ND
15172,Pembina,ND
15173,Penn,ND
15174,Perth,ND
15175,Petersburg,ND
15176,Pettibone,ND
15177,Pillsbury,ND
15178,Pingree,ND
15179,Pisek,ND
15180,Plaza,ND
15181,Portal,ND
15182,Portland,ND
15183,Powers Lake,ND
15184,Raleigh,ND
15185,Ray,ND
15186,Reeder,ND
15187,Regan,ND
15188,Regent,ND
15189,Reynolds,ND
15190,Rhame,ND
15191,Richardton,ND
15192,Riverdale,ND
15193,Robinson,ND
15194,Rocklake,ND
15195,Rogers,ND
15196,Rolette,ND
15197,Rolla,ND
15198,Roseglen,ND
15199,Ross,ND
15200,Rugby,ND
15201,Ruso,ND
15202,Rutland,ND
15203,Ryder,ND
15204,Saint Anthony,ND
15205,Saint John,ND
15206,Saint Michael,ND
15207,Saint Thomas,ND
15208,Sanborn,ND
15209,Sarles,ND
15210,Sawyer,ND
15211,Scranton,ND
15212,Selfridge,ND
15213,Sentinel Butte,ND
15214,Sharon,ND
15215,Sheldon,ND
15216,Sherwood,ND
15217,Sheyenne,ND
15218,Shields,ND
15219,Solen,ND
15220,Souris,ND
15221,South Heart,ND
15222,Spiritwood,ND
15223,Stanley,ND
15224,Stanton,ND
15225,Starkweather,ND
15226,Steele,ND
15227,Sterling,ND
15228,Stirum,ND
15229,Strasburg,ND
15230,Streeter,ND
15231,Surrey,ND
15232,Sutton,ND
15233,Sykeston,ND
15234,Tappen,ND
15235,Taylor,ND
15236,Thompson,ND
15237,Tioga,ND
15238,Tokio,ND
15239,Tolley,ND
15240,Tolna,ND
15241,Tower City,ND
15242,Towner,ND
15243,Trenton,ND
15244,Turtle Lake,ND
15245,Tuttle,ND
15246,Underwood,ND
15247,Upham,ND
15248,Valley City,ND
15249,Velva,ND
15250,Verona,ND
15251,Voltaire,ND
15252,Wahpeton,ND
15253,Walcott,ND
15254,Wales,ND
15255,Walhalla,ND
15256,Warwick,ND
15257,Washburn,ND
15258,Watford City,ND
15259,Webster,ND
15260,West Fargo,ND
15261,Westhope,ND
15262,Wheatland,ND
15263,White Earth,ND
15264,Wildrose,ND
15265,Williston,ND
15266,Willow City,ND
15267,Wilton,ND
15268,Wimbledon,ND
15269,Wing,ND
15270,Wishek,ND
15271,Wolford,ND
15272,Woodworth,ND
15273,Wyndmere,ND
15274,York,ND
15275,Ypsilanti,ND
15276,Zahl,ND
15277,Zap,ND
15278,Zeeland,ND
15279,Abie,NE
15280,Adams,NE
15281,Ainsworth,NE
15282,Albion,NE
15283,Alda,NE
15284,Alexandria,NE
15285,Allen,NE
15286,Alliance,NE
15287,Alma,NE
15288,Alvo,NE
15289,Amelia,NE
15290,Ames,NE
15291,Amherst,NE
15292,Angora,NE
15293,Anselmo,NE
15294,Ansley,NE
15295,Arapahoe,NE
15296,Arcadia,NE
15297,Archer,NE
15298,Arlington,NE
15299,Arnold,NE
15300,Arthur,NE
15301,Ashby,NE
15302,Ashland,NE
15303,Ashton,NE
15304,Atkinson,NE
15305,Atlanta,NE
15306,Auburn,NE
15307,Aurora,NE
15308,Avoca,NE
15309,Axtell,NE
15310,Ayr,NE
15311,Bancroft,NE
15312,Barneston,NE
15313,Bartlett,NE
15314,Bartley,NE
15315,Bassett,NE
15316,Battle Creek,NE
15317,Bayard,NE
15318,Beatrice,NE
15319,Beaver City,NE
15320,Beaver Crossing,NE
15321,Bee,NE
15322,Beemer,NE
15323,Belden,NE
15324,Belgrade,NE
15325,Bellevue,NE
15326,Bellwood,NE
15327,Belvidere,NE
15328,Benedict,NE
15329,Benkelman,NE
15330,Bennet,NE
15331,Bennington,NE
15332,Bertrand,NE
15333,Big Springs,NE
15334,Bingham,NE
15335,Bladen,NE
15336,Blair,NE
15337,Bloomfield,NE
15338,Bloomington,NE
15339,Blue Hill,NE
15340,Blue Springs,NE
15341,Boelus,NE
15342,Boys Town,NE
15343,Bradshaw,NE
15344,Brady,NE
15345,Brainard,NE
15346,Brewster,NE
15347,Bridgeport,NE
15348,Bristow,NE
15349,Broadwater,NE
15350,Brock,NE
15351,Broken Bow,NE
15352,Brownville,NE
15353,Brule,NE
15354,Bruning,NE
15355,Bruno,NE
15356,Brunswick,NE
15357,Burchard,NE
15358,Burr,NE
15359,Burwell,NE
15360,Bushnell,NE
15361,Butte,NE
15362,Byron,NE
15363,Cairo,NE
15364,Callaway,NE
15365,Cambridge,NE
15366,Campbell,NE
15367,Carleton,NE
15368,Carroll,NE
15369,Cedar Bluffs,NE
15370,Cedar Creek,NE
15371,Cedar Rapids,NE
15372,Center,NE
15373,Central City,NE
15374,Ceresco,NE
15375,Chadron,NE
15376,Chambers,NE
15377,Champion,NE
15378,Chapman,NE
15379,Chappell,NE
15380,Chester,NE
15381,Clarks,NE
15382,Clarkson,NE
15383,Clatonia,NE
15384,Clay Center,NE
15385,Clearwater,NE
15386,Cody,NE
15387,Coleridge,NE
15388,Colon,NE
15389,Columbus,NE
15390,Comstock,NE
15391,Concord,NE
15392,Cook,NE
15393,Cordova,NE
15394,Cortland,NE
15395,Cozad,NE
15396,Crab Orchard,NE
15397,Craig,NE
15398,Crawford,NE
15399,Creighton,NE
15400,Creston,NE
15401,Crete,NE
15402,Crofton,NE
15403,Crookston,NE
15404,Culbertson,NE
15405,Curtis,NE
15406,Dakota City,NE
15407,Dalton,NE
15408,Danbury,NE
15409,Dannebrog,NE
15410,Davenport,NE
15411,Davey,NE
15412,David City,NE
15413,Dawson,NE
15414,Daykin,NE
15415,De Witt,NE
15416,Decatur,NE
15417,Denton,NE
15418,Deshler,NE
15419,Deweese,NE
15420,Dickens,NE
15421,Diller,NE
15422,Dix,NE
15423,Dixon,NE
15424,Dodge,NE
15425,Doniphan,NE
15426,Dorchester,NE
15427,Douglas,NE
15428,Du Bois,NE
15429,Dunbar,NE
15430,Duncan,NE
15431,Dunning,NE
15432,Dwight,NE
15433,Eagle,NE
15434,Eddyville,NE
15435,Edgar,NE
15436,Edison,NE
15437,Elba,NE
15438,Elgin,NE
15439,Elk Creek,NE
15440,Elkhorn,NE
15441,Ellsworth,NE
15442,Elm Creek,NE
15443,Elmwood,NE
15444,Elsie,NE
15445,Elsmere,NE
15446,Elwood,NE
15447,Elyria,NE
15448,Emerson,NE
15449,Emmet,NE
15450,Enders,NE
15451,Endicott,NE
15452,Ericson,NE
15453,Eustis,NE
15454,Ewing,NE
15455,Exeter,NE
15456,Fairbury,NE
15457,Fairfield,NE
15458,Fairmont,NE
15459,Falls City,NE
15460,Farnam,NE
15461,Farwell,NE
15462,Filley,NE
15463,Firth,NE
15464,Fordyce,NE
15465,Fort Calhoun,NE
15466,Franklin,NE
15467,Fremont,NE
15468,Friend,NE
15469,Fullerton,NE
15470,Funk,NE
15471,Garland,NE
15472,Geneva,NE
15473,Genoa,NE
15474,Gering,NE
15475,Gibbon,NE
15476,Gilead,NE
15477,Giltner,NE
15478,Glenvil,NE
15479,Goehner,NE
15480,Gordon,NE
15481,Gothenburg,NE
15482,Grafton,NE
15483,Grand Island,NE
15484,Grant,NE
15485,Greeley,NE
15486,Greenwood,NE
15487,Gresham,NE
15488,Gretna,NE
15489,Guide Rock,NE
15490,Gurley,NE
15491,Haigler,NE
15492,Hallam,NE
15493,Halsey,NE
15494,Hampton,NE
15495,Hardy,NE
15496,Harrisburg,NE
15497,Harrison,NE
15498,Hartington,NE
15499,Harvard,NE
15500,Hastings,NE
15501,Hay Springs,NE
15502,Hayes Center,NE
15503,Hazard,NE
15504,Heartwell,NE
15505,Hebron,NE
15506,Hemingford,NE
15507,Henderson,NE
15508,Hendley,NE
15509,Herman,NE
15510,Hershey,NE
15511,Hickman,NE
15512,Hildreth,NE
15513,Holbrook,NE
15514,Holdrege,NE
15515,Holstein,NE
15516,Homer,NE
15517,Hooper,NE
15518,Hordville,NE
15519,Hoskins,NE
15520,Howells,NE
15521,Hubbard,NE
15522,Hubbell,NE
15523,Humboldt,NE
15524,Humphrey,NE
15525,Hyannis,NE
15526,Imperial,NE
15527,Inavale,NE
15528,Indianola,NE
15529,Inland,NE
15530,Inman,NE
15531,Ithaca,NE
15532,Jackson,NE
15533,Jansen,NE
15534,Johnson,NE
15535,Johnstown,NE
15536,Julian,NE
15537,Juniata,NE
15538,Kearney,NE
15539,Kenesaw,NE
15540,Kennard,NE
15541,Keystone,NE
15542,Kilgore,NE
15543,Kimball,NE
15544,La Vista,NE
15545,Lakeside,NE
15546,Laurel,NE
15547,Lawrence,NE
15548,Lebanon,NE
15549,Leigh,NE
15550,Lemoyne,NE
15551,Lewellen,NE
15552,Lewiston,NE
15553,Lexington,NE
15554,Liberty,NE
15555,Lincoln,NE
15556,Lindsay,NE
15557,Linwood,NE
15558,Lisco,NE
15559,Litchfield,NE
15560,Lodgepole,NE
15561,Long Pine,NE
15562,Loomis,NE
15563,Lorton,NE
15564,Louisville,NE
15565,Loup City,NE
15566,Lyman,NE
15567,Lynch,NE
15568,Lyons,NE
15569,Macy,NE
15570,Madison,NE
15571,Madrid,NE
15572,Magnet,NE
15573,Malcolm,NE
15574,Malmo,NE
15575,Manley,NE
15576,Marquette,NE
15577,Marsland,NE
15578,Martell,NE
15579,Maskell,NE
15580,Mason City,NE
15581,Max,NE
15582,Maxwell,NE
15583,Maywood,NE
15584,McCook,NE
15585,McCool Junction,NE
15586,Mcgrew,NE
15587,Mclean,NE
15588,Mead,NE
15589,Meadow Grove,NE
15590,Melbeta,NE
15591,Memphis,NE
15592,Merna,NE
15593,Merriman,NE
15594,Milford,NE
15595,Miller,NE
15596,Milligan,NE
15597,Mills,NE
15598,Minatare,NE
15599,Minden,NE
15600,Mitchell,NE
15601,Monroe,NE
15602,Moorefield,NE
15603,Morrill,NE
15604,Morse Bluff,NE
15605,Mullen,NE
15606,Murdock,NE
15607,Murray,NE
15608,Naper,NE
15609,Naponee,NE
15610,Nebraska City,NE
15611,Nehawka,NE
15612,Neligh,NE
15613,Nelson,NE
15614,Nemaha,NE
15615,Nenzel,NE
15616,Newcastle,NE
15617,Newman Grove,NE
15618,Newport,NE
15619,Nickerson,NE
15620,Niobrara,NE
15621,Norfolk,NE
15622,North Bend,NE
15623,North Loup,NE
15624,North Platte,NE
15625,Oak,NE
15626,Oakdale,NE
15627,Oakland,NE
15628,Oconto,NE
15629,Odell,NE
15630,Odessa,NE
15631,Offutt Afb,NE
15632,Ogallala,NE
15633,Ohiowa,NE
15634,Omaha,NE
15635,Oneill,NE
15636,Ong,NE
15637,Orchard,NE
15638,Ord,NE
15639,Orleans,NE
15640,Osceola,NE
15641,Oshkosh,NE
15642,Osmond,NE
15643,Otoe,NE
15644,Overton,NE
15645,Oxford,NE
15646,Page,NE
15647,Palisade,NE
15648,Palmer,NE
15649,Palmyra,NE
15650,Panama,NE
15651,Papillion,NE
15652,Parks,NE
15653,Pawnee City,NE
15654,Paxton,NE
15655,Pender,NE
15656,Peru,NE
15657,Petersburg,NE
15658,Phillips,NE
15659,Pickrell,NE
15660,Pierce,NE
15661,Pilger,NE
15662,Plainview,NE
15663,Platte Center,NE
15664,Plattsmouth,NE
15665,Pleasant Dale,NE
15666,Pleasanton,NE
15667,Plymouth,NE
15668,Polk,NE
15669,Ponca,NE
15670,Potter,NE
15671,Prague,NE
15672,Primrose,NE
15673,Purdum,NE
15674,Randolph,NE
15675,Ravenna,NE
15676,Raymond,NE
15677,Red Cloud,NE
15678,Republican City,NE
15679,Reynolds,NE
15680,Rising City,NE
15681,Riverdale,NE
15682,Riverton,NE
15683,Roca,NE
15684,Rockville,NE
15685,Rogers,NE
15686,Rosalie,NE
15687,Roseland,NE
15688,Royal,NE
15689,Rulo,NE
15690,Rushville,NE
15691,Ruskin,NE
15692,Saint Edward,NE
15693,Saint Helena,NE
15694,Saint Libory,NE
15695,Saint Paul,NE
15696,Salem,NE
15697,Sargent,NE
15698,Saronville,NE
15699,Schuyler,NE
15700,Scotia,NE
15701,Scottsbluff,NE
15702,Scribner,NE
15703,Seneca,NE
15704,Seward,NE
15705,Shelby,NE
15706,Shelton,NE
15707,Shickley,NE
15708,Shubert,NE
15709,Sidney,NE
15710,Silver Creek,NE
15711,Smithfield,NE
15712,Snyder,NE
15713,South Bend,NE
15714,South Sioux City,NE
15715,Spalding,NE
15716,Sparks,NE
15717,Spencer,NE
15718,Sprague,NE
15719,Springfield,NE
15720,Springview,NE
15721,St Columbans,NE
15722,Stamford,NE
15723,Stanton,NE
15724,Staplehurst,NE
15725,Stapleton,NE
15726,Steele City,NE
15727,Steinauer,NE
15728,Stella,NE
15729,Sterling,NE
15730,Stockville,NE
15731,Strang,NE
15732,Stratton,NE
15733,Stromsburg,NE
15734,Stuart,NE
15735,Sumner,NE
15736,Superior,NE
15737,Surprise,NE
15738,Sutherland,NE
15739,Sutton,NE
15740,Swanton,NE
15741,Syracuse,NE
15742,Table Rock,NE
15743,Talmage,NE
15744,Taylor,NE
15745,Tecumseh,NE
15746,Tekamah,NE
15747,Thedford,NE
15748,Thurston,NE
15749,Tilden,NE
15750,Tobias,NE
15751,Trenton,NE
15752,Trumbull,NE
15753,Tryon,NE
15754,Uehling,NE
15755,Ulysses,NE
15756,Unadilla,NE
15757,Union,NE
15758,Upland,NE
15759,Utica,NE
15760,Valentine,NE
15761,Valley,NE
15762,Valparaiso,NE
15763,Venango,NE
15764,Verdigre,NE
15765,Verdon,NE
15766,Virginia,NE
15767,Waco,NE
15768,Wahoo,NE
15769,Wakefield,NE
15770,Wallace,NE
15771,Walthill,NE
15772,Walton,NE
15773,Washington,NE
15774,Waterbury,NE
15775,Waterloo,NE
15776,Wauneta,NE
15777,Wausa,NE
15778,Waverly,NE
15779,Wayne,NE
15780,Weeping Water,NE
15781,Wellfleet,NE
15782,West Point,NE
15783,Western,NE
15784,Westerville,NE
15785,Weston,NE
15786,Whiteclay,NE
15787,Whitman,NE
15788,Whitney,NE
15789,Wilber,NE
15790,Wilcox,NE
15791,Willow Island,NE
15792,Wilsonville,NE
15793,Winnebago,NE
15794,Winnetoon,NE
15795,Winside,NE
15796,Winslow,NE
15797,Wisner,NE
15798,Wolbach,NE
15799,Wood Lake,NE
15800,Wood River,NE
15801,Wymore,NE
15802,Wynot,NE
15803,York,NE
15804,Yutan,NE
15805,Acworth,NH
15806,Alstead,NH
15807,Alton,NH
15808,Alton Bay,NH
15809,Amherst,NH
15810,Andover,NH
15811,Antrim,NH
15812,Ashland,NH
15813,Ashuelot,NH
15814,Atkinson,NH
15815,Auburn,NH
15816,Barnstead,NH
15817,Barrington,NH
15818,Bartlett,NH
15819,Bath,NH
15820,Bedford,NH
15821,Belmont,NH
15822,Bennington,NH
15823,Berlin,NH
15824,Bethlehem,NH
15825,Bow,NH
15826,Bradford,NH
15827,Bretton Woods,NH
15828,Bristol,NH
15829,Brookline,NH
15830,Campton,NH
15831,Canaan,NH
15832,Candia,NH
15833,Canterbury,NH
15834,Center Barnstead,NH
15835,Center Conway,NH
15836,Center Harbor,NH
15837,Center Ossipee,NH
15838,Center Sandwich,NH
15839,Center Tuftonboro,NH
15840,Charlestown,NH
15841,Chester,NH
15842,Chesterfield,NH
15843,Chichester,NH
15844,Chocorua,NH
15845,Claremont,NH
15846,Colebrook,NH
15847,Concord,NH
15848,Contoocook,NH
15849,Conway,NH
15850,Cornish,NH
15851,Danbury,NH
15852,Danville,NH
15853,Deerfield,NH
15854,Derry,NH
15855,Dover,NH
15856,Drewsville,NH
15857,Dublin,NH
15858,Dunbarton,NH
15859,Durham,NH
15860,East Andover,NH
15861,East Hampstead,NH
15862,East Kingston,NH
15863,East Wakefield,NH
15864,Eaton Center,NH
15865,Effingham,NH
15866,Elkins,NH
15867,Enfield,NH
15868,Epping,NH
15869,Epsom,NH
15870,Errol,NH
15871,Etna,NH
15872,Exeter,NH
15873,Farmington,NH
15874,Fitzwilliam,NH
15875,Francestown,NH
15876,Franconia,NH
15877,Franklin,NH
15878,Freedom,NH
15879,Fremont,NH
15880,Georges Mills,NH
15881,Gilford,NH
15882,Gilmanton,NH
15883,Gilmanton Iron Works,NH
15884,Gilsum,NH
15885,Glen,NH
15886,Glencliff,NH
15887,Goffstown,NH
15888,Gorham,NH
15889,Goshen,NH
15890,Grafton,NH
15891,Grantham,NH
15892,Greenfield,NH
15893,Greenland,NH
15894,Greenville,NH
15895,Groveton,NH
15896,Hampstead,NH
15897,Hampton,NH
15898,Hampton Falls,NH
15899,Hancock,NH
15900,Hanover,NH
15901,Harrisville,NH
15902,Haverhill,NH
15903,Hebron,NH
15904,Henniker,NH
15905,Hill,NH
15906,Hillsborough,NH
15907,Hinsdale,NH
15908,Holderness,NH
15909,Hollis,NH
15910,Hooksett,NH
15911,Hudson,NH
15912,Intervale,NH
15913,Jackson,NH
15914,Jaffrey,NH
15915,Jefferson,NH
15916,Kearsarge,NH
15917,Keene,NH
15918,Kingston,NH
15919,Laconia,NH
15920,Lancaster,NH
15921,Lebanon,NH
15922,Lee,NH
15923,Lempster,NH
15924,Lincoln,NH
15925,Lisbon,NH
15926,Litchfield,NH
15927,Littleton,NH
15928,Londonderry,NH
15929,Loudon,NH
15930,Lyme,NH
15931,Lyndeborough,NH
15932,Madbury,NH
15933,Madison,NH
15934,Manchester,NH
15935,Marlborough,NH
15936,Marlow,NH
15937,Melvin Village,NH
15938,Meredith,NH
15939,Meriden,NH
15940,Merrimack,NH
15941,Milan,NH
15942,Milford,NH
15943,Milton,NH
15944,Milton Mills,NH
15945,Mirror Lake,NH
15946,Monroe,NH
15947,Mont Vernon,NH
15948,Moultonborough,NH
15949,Nashua,NH
15950,Nelson,NH
15951,New Boston,NH
15952,New Castle,NH
15953,New Durham,NH
15954,New Hampton,NH
15955,New Ipswich,NH
15956,New London,NH
15957,Newbury,NH
15958,Newfields,NH
15959,Newmarket,NH
15960,Newport,NH
15961,Newton,NH
15962,North Conway,NH
15963,North Hampton,NH
15964,North Haverhill,NH
15965,North Sandwich,NH
15966,North Stratford,NH
15967,North Sutton,NH
15968,North Walpole,NH
15969,North Woodstock,NH
15970,Northwood,NH
15971,Nottingham,NH
15972,Orford,NH
15973,Ossipee,NH
15974,Pelham,NH
15975,Peterborough,NH
15976,Piermont,NH
15977,Pike,NH
15978,Pittsburg,NH
15979,Pittsfield,NH
15980,Plainfield,NH
15981,Plaistow,NH
15982,Plymouth,NH
15983,Portsmouth,NH
15984,Randolph,NH
15985,Raymond,NH
15986,Rindge,NH
15987,Rochester,NH
15988,Rollinsford,NH
15989,Rumney,NH
15990,Rye,NH
15991,Rye Beach,NH
15992,Salem,NH
15993,Salisbury,NH
15994,Sanbornton,NH
15995,Sanbornville,NH
15996,Sandown,NH
15997,Seabrook,NH
15998,Silver Lake,NH
15999,Somersworth,NH
16000,South Acworth,NH
16001,South Sutton,NH
16002,South Tamworth,NH
16003,Spofford,NH
16004,Springfield,NH
16005,Stoddard,NH
16006,Strafford,NH
16007,Stratham,NH
16008,Sugar Hill,NH
16009,Sullivan,NH
16010,Sunapee,NH
16011,Suncook,NH
16012,Swanzey,NH
16013,Tamworth,NH
16014,Temple,NH
16015,Thornton,NH
16016,Tilton,NH
16017,Troy,NH
16018,Twin Mountain,NH
16019,Union,NH
16020,Walpole,NH
16021,Warner,NH
16022,Warren,NH
16023,Washington,NH
16024,Waterville Valley,NH
16025,Weare,NH
16026,Wentworth,NH
16027,West Chesterfield,NH
16028,West Lebanon,NH
16029,West Nottingham,NH
16030,West Ossipee,NH
16031,West Stewartstown,NH
16032,Westmoreland,NH
16033,Whitefield,NH
16034,Wilmot,NH
16035,Wilton,NH
16036,Winchester,NH
16037,Windham,NH
16038,Wolfeboro,NH
16039,Wonalancet,NH
16040,Woodstock,NH
16041,Woodsville,NH
16042,Absecon,NJ
16043,Allamuchy,NJ
16044,Allendale,NJ
16045,Allenhurst,NJ
16046,Allentown,NJ
16047,Allenwood,NJ
16048,Alloway,NJ
16049,Alpine,NJ
16050,Andover,NJ
16051,Annandale,NJ
16052,Asbury,NJ
16053,Asbury Park,NJ
16054,Atco,NJ
16055,Atlantic City,NJ
16056,Atlantic Highlands,NJ
16057,Audubon,NJ
16058,Augusta,NJ
16059,Avalon,NJ
16060,Avenel,NJ
16061,Avon By The Sea,NJ
16062,Barnegat,NJ
16063,Barnegat Light,NJ
16064,Barrington,NJ
16065,Basking Ridge,NJ
16066,Bayonne,NJ
16067,Bayville,NJ
16068,Beach Haven,NJ
16069,Beachwood,NJ
16070,Bedminster,NJ
16071,Belford,NJ
16072,Belle Mead,NJ
16073,Belleville,NJ
16074,Bellmawr,NJ
16075,Belmar,NJ
16076,Belvidere,NJ
16077,Bergenfield,NJ
16078,Berkeley Heights,NJ
16079,Berlin,NJ
16080,Bernardsville,NJ
16081,Beverly,NJ
16082,Birmingham,NJ
16083,Blackwood,NJ
16084,Blairstown,NJ
16085,Bloomfield,NJ
16086,Bloomingdale,NJ
16087,Bloomsbury,NJ
16088,Bogota,NJ
16089,Boonton,NJ
16090,Bordentown,NJ
16091,Bound Brook,NJ
16092,Bradley Beach,NJ
16093,Branchville,NJ
16094,Brick,NJ
16095,Bridgeport,NJ
16096,Bridgeton,NJ
16097,Bridgewater,NJ
16098,Brielle,NJ
16099,Brigantine,NJ
16100,Brookside,NJ
16101,Browns Mills,NJ
16102,Budd Lake,NJ
16103,Buena,NJ
16104,Burlington,NJ
16105,Butler,NJ
16106,Caldwell,NJ
16107,Califon,NJ
16108,Camden,NJ
16109,Cape May,NJ
16110,Cape May Court House,NJ
16111,Cape May Point,NJ
16112,Carlstadt,NJ
16113,Carteret,NJ
16114,Cedar Grove,NJ
16115,Cedar Knolls,NJ
16116,Cedarville,NJ
16117,Changewater,NJ
16118,Chatham,NJ
16119,Chatsworth,NJ
16120,Cherry Hill,NJ
16121,Chester,NJ
16122,Chesterfield,NJ
16123,Clark,NJ
16124,Clarksboro,NJ
16125,Clayton,NJ
16126,Clementon,NJ
16127,Cliffside Park,NJ
16128,Cliffwood,NJ
16129,Clifton,NJ
16130,Clinton,NJ
16131,Closter,NJ
16132,Collingswood,NJ
16133,Colonia,NJ
16134,Colts Neck,NJ
16135,Columbia,NJ
16136,Columbus,NJ
16137,Convent Station,NJ
16138,Cookstown,NJ
16139,Cranbury,NJ
16140,Cranford,NJ
16141,Cream Ridge,NJ
16142,Cresskill,NJ
16143,Dayton,NJ
16144,Deal,NJ
16145,Deepwater,NJ
16146,Delaware,NJ
16147,Delmont,NJ
16148,Demarest,NJ
16149,Denville,NJ
16150,Dorchester,NJ
16151,Dorothy,NJ
16152,Dover,NJ
16153,Dumont,NJ
16154,Dunellen,NJ
16155,East Brunswick,NJ
16156,East Hanover,NJ
16157,East Orange,NJ
16158,East Rutherford,NJ
16159,East Windsor,NJ
16160,Eatontown,NJ
16161,Edgewater,NJ
16162,Edgewater Park,NJ
16163,Edison,NJ
16164,Egg Harbor City,NJ
16165,Egg Harbor Township,NJ
16166,Elizabeth,NJ
16167,Elizabethport,NJ
16168,Elmer,NJ
16169,Elmwood Park,NJ
16170,Elwood,NJ
16171,Emerson,NJ
16172,Englewood,NJ
16173,Englewood Cliffs,NJ
16174,Englishtown,NJ
16175,Essex Fells,NJ
16176,Estell Manor,NJ
16177,Fair Haven,NJ
16178,Fair Lawn,NJ
16179,Fairfield,NJ
16180,Fairton,NJ
16181,Fairview,NJ
16182,Fanwood,NJ
16183,Far Hills,NJ
16184,Farmingdale,NJ
16185,Flagtown,NJ
16186,Flanders,NJ
16187,Flemington,NJ
16188,Florence,NJ
16189,Florham Park,NJ
16190,Fords,NJ
16191,Forked River,NJ
16192,Fort Lee,NJ
16193,Fort Monmouth,NJ
16194,Fortescue,NJ
16195,Franklin,NJ
16196,Franklin Lakes,NJ
16197,Franklin Park,NJ
16198,Franklinville,NJ
16199,Freehold,NJ
16200,Frenchtown,NJ
16201,Garfield,NJ
16202,Garwood,NJ
16203,Gibbsboro,NJ
16204,Gibbstown,NJ
16205,Gillette,NJ
16206,Gladstone,NJ
16207,Glassboro,NJ
16208,Glen Gardner,NJ
16209,Glen Ridge,NJ
16210,Glen Rock,NJ
16211,Glendora,NJ
16212,Glenwood,NJ
16213,Gloucester City,NJ
16214,Great Meadows,NJ
16215,Green Village,NJ
16216,Greenwich,NJ
16217,Grenloch,NJ
16218,Hackensack,NJ
16219,Hackettstown,NJ
16220,Haddon Heights,NJ
16221,Haddonfield,NJ
16222,Hainesport,NJ
16223,Haledon,NJ
16224,Hamburg,NJ
16225,Hammonton,NJ
16226,Hampton,NJ
16227,Hancocks Bridge,NJ
16228,Harrington Park,NJ
16229,Harrison,NJ
16230,Harrisonville,NJ
16231,Hasbrouck Heights,NJ
16232,Haskell,NJ
16233,Haworth,NJ
16234,Hawthorne,NJ
16235,Hazlet,NJ
16236,Heislerville,NJ
16237,Helmetta,NJ
16238,Hewitt,NJ
16239,Hibernia,NJ
16240,High Bridge,NJ
16241,Highland Lakes,NJ
16242,Highland Park,NJ
16243,Highlands,NJ
16244,Hightstown,NJ
16245,Hillsborough,NJ
16246,Hillsdale,NJ
16247,Hillside,NJ
16248,Ho Ho Kus,NJ
16249,Hoboken,NJ
16250,Holmdel,NJ
16251,Hopatcong,NJ
16252,Hope,NJ
16253,Hopewell,NJ
16254,Howell,NJ
16255,Irvington,NJ
16256,Iselin,NJ
16257,Island Heights,NJ
16258,Jackson,NJ
16259,Jersey City,NJ
16260,Jobstown,NJ
16261,Johnsonburg,NJ
16262,Joint Base Mdl,NJ
16263,Juliustown,NJ
16264,Keansburg,NJ
16265,Kearny,NJ
16266,Keasbey,NJ
16267,Kendall Park,NJ
16268,Kenilworth,NJ
16269,Kenvil,NJ
16270,Keyport,NJ
16271,Kingston,NJ
16272,Lafayette,NJ
16273,Lake Hiawatha,NJ
16274,Lake Hopatcong,NJ
16275,Lakehurst,NJ
16276,Lakewood,NJ
16277,Lambertville,NJ
16278,Landing,NJ
16279,Landisville,NJ
16280,Lanoka Harbor,NJ
16281,Lavallette,NJ
16282,Lawnside,NJ
16283,Lawrence,NJ
16284,Lawrence Township,NJ
16285,Layton,NJ
16286,Lebanon,NJ
16287,Ledgewood,NJ
16288,Leesburg,NJ
16289,Leonardo,NJ
16290,Leonia,NJ
16291,Lincoln Park,NJ
16292,Lincroft,NJ
16293,Linden,NJ
16294,Linwood,NJ
16295,Little Falls,NJ
16296,Little Ferry,NJ
16297,Little Silver,NJ
16298,Livingston,NJ
16299,Lodi,NJ
16300,Long Branch,NJ
16301,Long Valley,NJ
16302,Longport,NJ
16303,Lumberton,NJ
16304,Lyndhurst,NJ
16305,Lyons,NJ
16306,Madison,NJ
16307,Magnolia,NJ
16308,Mahwah,NJ
16309,Malaga,NJ
16310,Manahawkin,NJ
16311,Manasquan,NJ
16312,Manchester Township,NJ
16313,Mantoloking,NJ
16314,Mantua,NJ
16315,Manville,NJ
16316,Maple Shade,NJ
16317,Maplewood,NJ
16318,Margate City,NJ
16319,Marlboro,NJ
16320,Marlton,NJ
16321,Marmora,NJ
16322,Martinsville,NJ
16323,Matawan,NJ
16324,Mauricetown,NJ
16325,Mays Landing,NJ
16326,Maywood,NJ
16327,Medford,NJ
16328,Medford Lakes,NJ
16329,Mendham,NJ
16330,Merchantville,NJ
16331,Metuchen,NJ
16332,Mickleton,NJ
16333,Middlesex,NJ
16334,Middletown,NJ
16335,Midland Park,NJ
16336,Milford,NJ
16337,Millburn,NJ
16338,Millington,NJ
16339,Millstone Township,NJ
16340,Milltown,NJ
16341,Millville,NJ
16342,Milmay,NJ
16343,Mine Hill,NJ
16344,Minotola,NJ
16345,Monmouth Beach,NJ
16346,Monmouth Junction,NJ
16347,Monroe Township,NJ
16348,Monroeville,NJ
16349,Montague,NJ
16350,Montclair,NJ
16351,Montvale,NJ
16352,Montville,NJ
16353,Moonachie,NJ
16354,Moorestown,NJ
16355,Morganville,NJ
16356,Morris Plains,NJ
16357,Morristown,NJ
16358,Mount Arlington,NJ
16359,Mount Ephraim,NJ
16360,Mount Freedom,NJ
16361,Mount Holly,NJ
16362,Mount Laurel,NJ
16363,Mount Royal,NJ
16364,Mount Tabor,NJ
16365,Mountain Lakes,NJ
16366,Mountainside,NJ
16367,Mullica Hill,NJ
16368,National Park,NJ
16369,Neptune,NJ
16370,Neptune City,NJ
16371,Neshanic Station,NJ
16372,Netcong,NJ
16373,New Brunswick,NJ
16374,New Egypt,NJ
16375,New Gretna,NJ
16376,New Lisbon,NJ
16377,New Milford,NJ
16378,New Providence,NJ
16379,New Vernon,NJ
16380,Newark,NJ
16381,Newfield,NJ
16382,Newfoundland,NJ
16383,Newport,NJ
16384,Newton,NJ
16385,Newtonville,NJ
16386,North Arlington,NJ
16387,North Bergen,NJ
16388,North Brunswick,NJ
16389,Northfield,NJ
16390,Northvale,NJ
16391,Norwood,NJ
16392,Nutley,NJ
16393,Oak Ridge,NJ
16394,Oakhurst,NJ
16395,Oakland,NJ
16396,Oaklyn,NJ
16397,Ocean City,NJ
16398,Ocean Gate,NJ
16399,Ocean Grove,NJ
16400,Ocean View,NJ
16401,Oceanport,NJ
16402,Ogdensburg,NJ
16403,Old Bridge,NJ
16404,Oldwick,NJ
16405,Oradell,NJ
16406,Orange,NJ
16407,Oxford,NJ
16408,Palisades Park,NJ
16409,Palmyra,NJ
16410,Paramus,NJ
16411,Park Ridge,NJ
16412,Parlin,NJ
16413,Parsippany,NJ
16414,Passaic,NJ
16415,Paterson,NJ
16416,Paulsboro,NJ
16417,Peapack,NJ
16418,Pedricktown,NJ
16419,Pemberton,NJ
16420,Pennington,NJ
16421,Penns Grove,NJ
16422,Pennsauken,NJ
16423,Pennsville,NJ
16424,Pequannock,NJ
16425,Perth Amboy,NJ
16426,Phillipsburg,NJ
16427,Pine Beach,NJ
16428,Pine Brook,NJ
16429,Piscataway,NJ
16430,Pitman,NJ
16431,Pittstown,NJ
16432,Plainfield,NJ
16433,Plainsboro,NJ
16434,Pleasantville,NJ
16435,Point Pleasant Beach,NJ
16436,Pomona,NJ
16437,Pompton Lakes,NJ
16438,Pompton Plains,NJ
16439,Port Elizabeth,NJ
16440,Port Monmouth,NJ
16441,Port Murray,NJ
16442,Port Norris,NJ
16443,Port Reading,NJ
16444,Port Republic,NJ
16445,Pottersville,NJ
16446,Princeton,NJ
16447,Princeton Junction,NJ
16448,Prospect Park,NJ
16449,Quinton,NJ
16450,Rahway,NJ
16451,Ramsey,NJ
16452,Rancocas,NJ
16453,Randolph,NJ
16454,Raritan,NJ
16455,Red Bank,NJ
16456,Richland,NJ
16457,Richwood,NJ
16458,Ridgefield,NJ
16459,Ridgefield Park,NJ
16460,Ridgewood,NJ
16461,Ringoes,NJ
16462,Ringwood,NJ
16463,Rio Grande,NJ
16464,River Edge,NJ
16465,Riverdale,NJ
16466,Riverside,NJ
16467,Riverton,NJ
16468,Robbinsville,NJ
16469,Rochelle Park,NJ
16470,Rockaway,NJ
16471,Rocky Hill,NJ
16472,Roebling,NJ
16473,Roosevelt,NJ
16474,Roseland,NJ
16475,Roselle,NJ
16476,Roselle Park,NJ
16477,Rosenhayn,NJ
16478,Rumson,NJ
16479,Runnemede,NJ
16480,Rutherford,NJ
16481,Saddle Brook,NJ
16482,Saddle River,NJ
16483,Salem,NJ
16484,Sayreville,NJ
16485,Schooleys Mountain,NJ
16486,Scotch Plains,NJ
16487,Sea Girt,NJ
16488,Sea Isle City,NJ
16489,Seaside Heights,NJ
16490,Seaside Park,NJ
16491,Secaucus,NJ
16492,Sewaren,NJ
16493,Sewell,NJ
16494,Shiloh,NJ
16495,Short Hills,NJ
16496,Shrewsbury,NJ
16497,Sicklerville,NJ
16498,Skillman,NJ
16499,Somerdale,NJ
16500,Somers Point,NJ
16501,Somerset,NJ
16502,Somerville,NJ
16503,South Amboy,NJ
16504,South Bound Brook,NJ
16505,South Dennis,NJ
16506,South Hackensack,NJ
16507,South Orange,NJ
16508,South Plainfield,NJ
16509,South River,NJ
16510,South Seaville,NJ
16511,Sparta,NJ
16512,Spotswood,NJ
16513,Spring Lake,NJ
16514,Springfield,NJ
16515,Stanhope,NJ
16516,Stewartsville,NJ
16517,Stirling,NJ
16518,Stockholm,NJ
16519,Stockton,NJ
16520,Stone Harbor,NJ
16521,Stratford,NJ
16522,Strathmere,NJ
16523,Succasunna,NJ
16524,Summit,NJ
16525,Sussex,NJ
16526,Swedesboro,NJ
16527,Teaneck,NJ
16528,Tenafly,NJ
16529,Teterboro,NJ
16530,Thorofare,NJ
16531,Three Bridges,NJ
16532,Titusville,NJ
16533,Toms River,NJ
16534,Totowa,NJ
16535,Towaco,NJ
16536,Township Of Washington,NJ
16537,Trenton,NJ
16538,Tuckerton,NJ
16539,Union,NJ
16540,Union City,NJ
16541,Vauxhall,NJ
16542,Ventnor City,NJ
16543,Vernon,NJ
16544,Verona,NJ
16545,Vienna,NJ
16546,Villas,NJ
16547,Vincentown,NJ
16548,Vineland,NJ
16549,Voorhees,NJ
16550,Waldwick,NJ
16551,Wallington,NJ
16552,Wallpack Center,NJ
16553,Wanaque,NJ
16554,Waretown,NJ
16555,Warren,NJ
16556,Washington,NJ
16557,Watchung,NJ
16558,Waterford Works,NJ
16559,Wayne,NJ
16560,Weehawken,NJ
16561,Wenonah,NJ
16562,West Berlin,NJ
16563,West Caldwell,NJ
16564,West Creek,NJ
16565,West Deptford,NJ
16566,West Long Branch,NJ
16567,West Milford,NJ
16568,West New York,NJ
16569,West Orange,NJ
16570,Westfield,NJ
16571,Westville,NJ
16572,Westwood,NJ
16573,Wharton,NJ
16574,Whippany,NJ
16575,Whitehouse Station,NJ
16576,Wildwood,NJ
16577,Williamstown,NJ
16578,Willingboro,NJ
16579,Windsor,NJ
16580,Winslow,NJ
16581,Wood Ridge,NJ
16582,Woodbine,NJ
16583,Woodbridge,NJ
16584,Woodbury,NJ
16585,Woodbury Heights,NJ
16586,Woodcliff Lake,NJ
16587,Woodstown,NJ
16588,Wrightstown,NJ
16589,Wyckoff,NJ
16590,Zarephath,NJ
16591,Abiquiu,NM
16592,Alamogordo,NM
16593,Albuquerque,NM
16594,Alcalde,NM
16595,Algodones,NM
16596,Alto,NM
16597,Amalia,NM
16598,Amistad,NM
16599,Angel Fire,NM
16600,Animas,NM
16601,Anthony,NM
16602,Anton Chico,NM
16603,Aragon,NM
16604,Arenas Valley,NM
16605,Arrey,NM
16606,Arroyo Hondo,NM
16607,Arroyo Seco,NM
16608,Artesia,NM
16609,Aztec,NM
16610,Bard,NM
16611,Bayard,NM
16612,Belen,NM
16613,Bent,NM
16614,Berino,NM
16615,Bernalillo,NM
16616,Blanco,NM
16617,Bloomfield,NM
16618,Bluewater,NM
16619,Bosque,NM
16620,Bosque Farms,NM
16621,Brimhall,NM
16622,Broadview,NM
16623,Buckhorn,NM
16624,Buena Vista,NM
16625,Caballo,NM
16626,Canjilon,NM
16627,Cannon Afb,NM
16628,Canones,NM
16629,Capitan,NM
16630,Capulin,NM
16631,Carlsbad,NM
16632,Carrizozo,NM
16633,Carson,NM
16634,Casa Blanca,NM
16635,Causey,NM
16636,Cebolla,NM
16637,Cedar Crest,NM
16638,Cerrillos,NM
16639,Cerro,NM
16640,Chacon,NM
16641,Chama,NM
16642,Chamberino,NM
16643,Chamisal,NM
16644,Chaparral,NM
16645,Chimayo,NM
16646,Church Rock,NM
16647,Cimarron,NM
16648,Claunch,NM
16649,Clayton,NM
16650,Cleveland,NM
16651,Cliff,NM
16652,Clines Corners,NM
16653,Cloudcroft,NM
16654,Clovis,NM
16655,Cochiti Lake,NM
16656,Cochiti Pueblo,NM
16657,Columbus,NM
16658,Conchas Dam,NM
16659,Continental Divide,NM
16660,Cordova,NM
16661,Corona,NM
16662,Corrales,NM
16663,Costilla,NM
16664,Counselor,NM
16665,Coyote,NM
16666,Crossroads,NM
16667,Crownpoint,NM
16668,Cuba,NM
16669,Cubero,NM
16670,Cuervo,NM
16671,Datil,NM
16672,Deming,NM
16673,Derry,NM
16674,Des Moines,NM
16675,Dexter,NM
16676,Dixon,NM
16677,Dora,NM
16678,Dulce,NM
16679,Eagle Nest,NM
16680,Edgewood,NM
16681,El Prado,NM
16682,El Rito,NM
16683,Elephant Butte,NM
16684,Elida,NM
16685,Embudo,NM
16686,Encino,NM
16687,Espanola,NM
16688,Estancia,NM
16689,Eunice,NM
16690,Farmington,NM
16691,Faywood,NM
16692,Fence Lake,NM
16693,Flora Vista,NM
16694,Floyd,NM
16695,Folsom,NM
16696,Fort Stanton,NM
16697,Fort Sumner,NM
16698,Fort Wingate,NM
16699,Fruitland,NM
16700,Gallina,NM
16701,Gallup,NM
16702,Gamerco,NM
16703,Garfield,NM
16704,Garita,NM
16705,Gila,NM
16706,Gladstone,NM
16707,Glencoe,NM
16708,Glenwood,NM
16709,Glorieta,NM
16710,Grady,NM
16711,Grants,NM
16712,Grenville,NM
16713,Guadalupita,NM
16714,Hachita,NM
16715,Hagerman,NM
16716,Hanover,NM
16717,Hatch,NM
16718,Hernandez,NM
16719,High Rolls Mountain Park,NM
16720,Hillsboro,NM
16721,Hobbs,NM
16722,Holloman Air Force Base,NM
16723,Holman,NM
16724,Hondo,NM
16725,Hope,NM
16726,House,NM
16727,Hurley,NM
16728,Ilfeld,NM
16729,Isleta,NM
16730,Jal,NM
16731,Jamestown,NM
16732,Jarales,NM
16733,Jemez Pueblo,NM
16734,Jemez Springs,NM
16735,Kirtland,NM
16736,Kirtland Afb,NM
16737,La Jara,NM
16738,La Joya,NM
16739,La Loma,NM
16740,La Luz,NM
16741,La Madera,NM
16742,La Mesa,NM
16743,La Plata,NM
16744,Laguna,NM
16745,Lake Arthur,NM
16746,Lakewood,NM
16747,Lamy,NM
16748,Las Cruces,NM
16749,Las Vegas,NM
16750,Lemitar,NM
16751,Lincoln,NM
16752,Lindrith,NM
16753,Llano,NM
16754,Loco Hills,NM
16755,Logan,NM
16756,Lordsburg,NM
16757,Los Alamos,NM
16758,Los Lunas,NM
16759,Los Ojos,NM
16760,Loving,NM
16761,Lovington,NM
16762,Luna,NM
16763,Magdalena,NM
16764,Malaga,NM
16765,Maljamar,NM
16766,Maxwell,NM
16767,Mayhill,NM
16768,Mcalister,NM
16769,Mcdonald,NM
16770,Mcintosh,NM
16771,Medanales,NM
16772,Melrose,NM
16773,Mentmore,NM
16774,Mescalero,NM
16775,Mesilla,NM
16776,Mesilla Park,NM
16777,Mesquite,NM
16778,Mexican Springs,NM
16779,Miami,NM
16780,Milan,NM
16781,Mills,NM
16782,Milnesand,NM
16783,Mimbres,NM
16784,Montezuma,NM
16785,Monticello,NM
16786,Monument,NM
16787,Mora,NM
16788,Moriarty,NM
16789,Mosquero,NM
16790,Mountainair,NM
16791,Mule Creek,NM
16792,Nageezi,NM
16793,Nara Visa,NM
16794,Navajo,NM
16795,Navajo Dam,NM
16796,New Laguna,NM
16797,Newcomb,NM
16798,Newkirk,NM
16799,Nogal,NM
16800,Ocate,NM
16801,Ohkay Owingeh,NM
16802,Ojo Caliente,NM
16803,Ojo Feliz,NM
16804,Organ,NM
16805,Orogrande,NM
16806,Paguate,NM
16807,Pecos,NM
16808,Pena Blanca,NM
16809,Penasco,NM
16810,Pep,NM
16811,Peralta,NM
16812,Petaca,NM
16813,Picacho,NM
16814,Pie Town,NM
16815,Pinehill,NM
16816,Pinon,NM
16817,Pinos Altos,NM
16818,Placitas,NM
16819,Playas,NM
16820,Polvadera,NM
16821,Ponderosa,NM
16822,Portales,NM
16823,Prewitt,NM
16824,Pueblo Of Acoma,NM
16825,Quemado,NM
16826,Questa,NM
16827,Rainsville,NM
16828,Ramah,NM
16829,Ranchos De Taos,NM
16830,Raton,NM
16831,Red River,NM
16832,Redrock,NM
16833,Regina,NM
16834,Rehoboth,NM
16835,Reserve,NM
16836,Ribera,NM
16837,Rincon,NM
16838,Rio Rancho,NM
16839,Rociada,NM
16840,Rodeo,NM
16841,Rogers,NM
16842,Roswell,NM
16843,Rowe,NM
16844,Roy,NM
16845,Ruidoso,NM
16846,Ruidoso Downs,NM
16847,Sacramento,NM
16848,Salem,NM
16849,San Acacia,NM
16850,San Antonio,NM
16851,San Cristobal,NM
16852,San Fidel,NM
16853,San Jon,NM
16854,San Jose,NM
16855,San Patricio,NM
16856,San Rafael,NM
16857,San Ysidro,NM
16858,Sandia Park,NM
16859,Sanostee,NM
16860,Santa Clara,NM
16861,Santa Cruz,NM
16862,Santa Fe,NM
16863,Santa Rosa,NM
16864,Santa Teresa,NM
16865,Santo Domingo Pueblo,NM
16866,Sapello,NM
16867,Sedan,NM
16868,Serafina,NM
16869,Sheep Springs,NM
16870,Shiprock,NM
16871,Silver City,NM
16872,Smith Lake,NM
16873,Socorro,NM
16874,Solano,NM
16875,Springer,NM
16876,Stanley,NM
16877,Sunland Park,NM
16878,Sunspot,NM
16879,Taiban,NM
16880,Taos,NM
16881,Taos Ski Valley,NM
16882,Tatum,NM
16883,Tererro,NM
16884,Texico,NM
16885,Thoreau,NM
16886,Tierra Amarilla,NM
16887,Tijeras,NM
16888,Timberon,NM
16889,Tinnie,NM
16890,Tohatchi,NM
16891,Tome,NM
16892,Torreon,NM
16893,Trementina,NM
16894,Tres Piedras,NM
16895,Truchas,NM
16896,Truth Or Consequences,NM
16897,Tucumcari,NM
16898,Tularosa,NM
16899,Tyrone,NM
16900,Ute Park,NM
16901,Vadito,NM
16902,Vado,NM
16903,Valdez,NM
16904,Vallecitos,NM
16905,Valmora,NM
16906,Vanderwagen,NM
16907,Vaughn,NM
16908,Veguita,NM
16909,Velarde,NM
16910,Villanueva,NM
16911,Wagon Mound,NM
16912,Waterflow,NM
16913,Watrous,NM
16914,Weed,NM
16915,White Rock,NM
16916,White Sands Missile Range,NM
16917,Whites City,NM
16918,Willard,NM
16919,Williamsburg,NM
16920,Winston,NM
16921,Yatahey,NM
16922,Yeso,NM
16923,Youngsville,NM
16924,Zuni,NM
16925,Alamo,NV
16926,Amargosa Valley,NV
16927,Austin,NV
16928,Baker,NV
16929,Battle Mountain,NV
16930,Beatty,NV
16931,Blue Diamond,NV
16932,Boulder City,NV
16933,Bunkerville,NV
16934,Cal Nev Ari,NV
16935,Caliente,NV
16936,Carlin,NV
16937,Carson City,NV
16938,Crescent Valley,NV
16939,Crystal Bay,NV
16940,Dayton,NV
16941,Deeth,NV
16942,Denio,NV
16943,Duckwater,NV
16944,Dyer,NV
16945,Elko,NV
16946,Ely,NV
16947,Eureka,NV
16948,Fallon,NV
16949,Fernley,NV
16950,Gabbs,NV
16951,Gardnerville,NV
16952,Genoa,NV
16953,Gerlach,NV
16954,Glenbrook,NV
16955,Golconda,NV
16956,Goldfield,NV
16957,Hawthorne,NV
16958,Henderson,NV
16959,Hiko,NV
16960,Imlay,NV
16961,Incline Village,NV
16962,Indian Springs,NV
16963,Jackpot,NV
16964,Jarbidge,NV
16965,Jean,NV
16966,Lamoille,NV
16967,Las Vegas,NV
16968,Laughlin,NV
16969,Logandale,NV
16970,Lovelock,NV
16971,Lund,NV
16972,Luning,NV
16973,Manhattan,NV
16974,McDermitt,NV
16975,McGill,NV
16976,Mesquite,NV
16977,Mina,NV
16978,Minden,NV
16979,Moapa,NV
16980,Montello,NV
16981,Mountain City,NV
16982,Nellis Afb,NV
16983,Nixon,NV
16984,North Las Vegas,NV
16985,Orovada,NV
16986,Overton,NV
16987,Owyhee,NV
16988,Pahrump,NV
16989,Panaca,NV
16990,Paradise Valley,NV
16991,Pioche,NV
16992,Reno,NV
16993,Round Mountain,NV
16994,Ruby Valley,NV
16995,Ruth,NV
16996,Schurz,NV
16997,Searchlight,NV
16998,Silver City,NV
16999,Silver Springs,NV
17000,Silverpeak,NV
17001,Sloan,NV
17002,Smith,NV
17003,Sparks,NV
17004,Spring Creek,NV
17005,Stateline,NV
17006,Sun Valley,NV
17007,Tonopah,NV
17008,Tuscarora,NV
17009,Valmy,NV
17010,Verdi,NV
17011,Virginia City,NV
17012,Wadsworth,NV
17013,Washoe Valley,NV
17014,Wellington,NV
17015,Wells,NV
17016,West Wendover,NV
17017,Winnemucca,NV
17018,Yerington,NV
17019,Zephyr Cove,NV
17020,Accord,NY
17021,Acra,NY
17022,Adams,NY
17023,Adams Center,NY
17024,Addison,NY
17025,Adirondack,NY
17026,Afton,NY
17027,Akron,NY
17028,Albany,NY
17029,Albertson,NY
17030,Albion,NY
17031,Alcove,NY
17032,Alden,NY
17033,Alder Creek,NY
17034,Alexander,NY
17035,Alexandria Bay,NY
17036,Alfred,NY
17037,Alfred Station,NY
17038,Allegany,NY
17039,Allentown,NY
17040,Alma,NY
17041,Almond,NY
17042,Alpine,NY
17043,Alplaus,NY
17044,Altamont,NY
17045,Altmar,NY
17046,Alton,NY
17047,Altona,NY
17048,Amagansett,NY
17049,Amawalk,NY
17050,Amenia,NY
17051,Amherst,NY
17052,Amityville,NY
17053,Amsterdam,NY
17054,Ancram,NY
17055,Ancramdale,NY
17056,Andes,NY
17057,Andover,NY
17058,Angelica,NY
17059,Angola,NY
17060,Annandale On Hudson,NY
17061,Antwerp,NY
17062,Apalachin,NY
17063,Appleton,NY
17064,Apulia Station,NY
17065,Aquebogue,NY
17066,Arcade,NY
17067,Arden,NY
17068,Ardsley,NY
17069,Ardsley On Hudson,NY
17070,Argyle,NY
17071,Arkport,NY
17072,Arkville,NY
17073,Armonk,NY
17074,Arverne,NY
17075,Ashland,NY
17076,Ashville,NY
17077,Astoria,NY
17078,Athens,NY
17079,Athol,NY
17080,Atlanta,NY
17081,Atlantic Beach,NY
17082,Attica,NY
17083,Au Sable Forks,NY
17084,Auburn,NY
17085,Aurora,NY
17086,Austerlitz,NY
17087,Ava,NY
17088,Averill Park,NY
17089,Avoca,NY
17090,Avon,NY
17091,Babylon,NY
17092,Bainbridge,NY
17093,Bakers Mills,NY
17094,Baldwin,NY
17095,Baldwin Place,NY
17096,Baldwinsville,NY
17097,Ballston Lake,NY
17098,Ballston Spa,NY
17099,Barker,NY
17100,Barneveld,NY
17101,Barrytown,NY
17102,Barryville,NY
17103,Barton,NY
17104,Basom,NY
17105,Batavia,NY
17106,Bath,NY
17107,Bay Shore,NY
17108,Bayport,NY
17109,Bayside,NY
17110,Bayville,NY
17111,Beacon,NY
17112,Bear Mountain,NY
17113,Bearsville,NY
17114,Beaver Dams,NY
17115,Beaver Falls,NY
17116,Bedford,NY
17117,Bedford Hills,NY
17118,Belfast,NY
17119,Bellerose,NY
17120,Belleville,NY
17121,Bellmore,NY
17122,Bellona,NY
17123,Bellport,NY
17124,Belmont,NY
17125,Bemus Point,NY
17126,Bergen,NY
17127,Berkshire,NY
17128,Berlin,NY
17129,Berne,NY
17130,Bernhards Bay,NY
17131,Bethel,NY
17132,Bethpage,NY
17133,Big Flats,NY
17134,Big Indian,NY
17135,Binghamton,NY
17136,Black Creek,NY
17137,Black River,NY
17138,Blauvelt,NY
17139,Bliss,NY
17140,Blodgett Mills,NY
17141,Bloomfield,NY
17142,Blooming Grove,NY
17143,Bloomingburg,NY
17144,Bloomingdale,NY
17145,Bloomington,NY
17146,Bloomville,NY
17147,Blossvale,NY
17148,Blue Mountain Lake,NY
17149,Blue Point,NY
17150,Bohemia,NY
17151,Boiceville,NY
17152,Bolivar,NY
17153,Bolton Landing,NY
17154,Bombay,NY
17155,Boonville,NY
17156,Boston,NY
17157,Bouckville,NY
17158,Bovina Center,NY
17159,Bowmansville,NY
17160,Bradford,NY
17161,Brainard,NY
17162,Brainardsville,NY
17163,Branchport,NY
17164,Brant,NY
17165,Brant Lake,NY
17166,Brantingham,NY
17167,Brasher Falls,NY
17168,Breesport,NY
17169,Breezy Point,NY
17170,Brentwood,NY
17171,Brewerton,NY
17172,Brewster,NY
17173,Briarcliff Manor,NY
17174,Briarwood,NY
17175,Bridgehampton,NY
17176,Bridgeport,NY
17177,Bridgewater,NY
17178,Brier Hill,NY
17179,Brightwaters,NY
17180,Broadalbin,NY
17181,Brockport,NY
17182,Brocton,NY
17183,Bronx,NY
17184,Bronxville,NY
17185,Brookfield,NY
17186,Brookhaven,NY
17187,Brooklyn,NY
17188,Brooktondale,NY
17189,Brownville,NY
17190,Brushton,NY
17191,Buchanan,NY
17192,Buffalo,NY
17193,Bullville,NY
17194,Burdett,NY
17195,Burke,NY
17196,Burlingham,NY
17197,Burlington Flats,NY
17198,Burnt Hills,NY
17199,Burt,NY
17200,Buskirk,NY
17201,Byron,NY
17202,Cadyville,NY
17203,Cairo,NY
17204,Calcium,NY
17205,Caledonia,NY
17206,Callicoon,NY
17207,Callicoon Center,NY
17208,Calverton,NY
17209,Cambria Heights,NY
17210,Cambridge,NY
17211,Camden,NY
17212,Cameron,NY
17213,Cameron Mills,NY
17214,Camillus,NY
17215,Campbell,NY
17216,Campbell Hall,NY
17217,Canaan,NY
17218,Canajoharie,NY
17219,Canandaigua,NY
17220,Canaseraga,NY
17221,Canastota,NY
17222,Candor,NY
17223,Caneadea,NY
17224,Canisteo,NY
17225,Canton,NY
17226,Cape Vincent,NY
17227,Carle Place,NY
17228,Carlisle,NY
17229,Carmel,NY
17230,Caroga Lake,NY
17231,Carthage,NY
17232,Cassadaga,NY
17233,Cassville,NY
17234,Castile,NY
17235,Castle Creek,NY
17236,Castleton On Hudson,NY
17237,Castorland,NY
17238,Cato,NY
17239,Catskill,NY
17240,Cattaraugus,NY
17241,Cayuga,NY
17242,Cayuta,NY
17243,Cazenovia,NY
17244,Cedarhurst,NY
17245,Celoron,NY
17246,Center Moriches,NY
17247,Centereach,NY
17248,Centerport,NY
17249,Centerville,NY
17250,Central Bridge,NY
17251,Central Islip,NY
17252,Central Square,NY
17253,Central Valley,NY
17254,Ceres,NY
17255,Chadwicks,NY
17256,Chaffee,NY
17257,Champlain,NY
17258,Chappaqua,NY
17259,Charlotteville,NY
17260,Chase Mills,NY
17261,Chateaugay,NY
17262,Chatham,NY
17263,Chaumont,NY
17264,Chautauqua,NY
17265,Chazy,NY
17266,Chelsea,NY
17267,Chemung,NY
17268,Chenango Forks,NY
17269,Cherry Creek,NY
17270,Cherry Plain,NY
17271,Cherry Valley,NY
17272,Chester,NY
17273,Chestertown,NY
17274,Chichester,NY
17275,Childwold,NY
17276,Chippewa Bay,NY
17277,Chittenango,NY
17278,Churchville,NY
17279,Churubusco,NY
17280,Cicero,NY
17281,Cincinnatus,NY
17282,Circleville,NY
17283,Clarence,NY
17284,Clarence Center,NY
17285,Clark Mills,NY
17286,Clarksville,NY
17287,Claryville,NY
17288,Claverack,NY
17289,Clay,NY
17290,Clayton,NY
17291,Clayville,NY
17292,Clemons,NY
17293,Cleveland,NY
17294,Cleverdale,NY
17295,Clifton Park,NY
17296,Clifton Springs,NY
17297,Climax,NY
17298,Clinton,NY
17299,Clinton Corners,NY
17300,Clintondale,NY
17301,Clyde,NY
17302,Clymer,NY
17303,Cobleskill,NY
17304,Cochecton,NY
17305,Coeymans,NY
17306,Coeymans Hollow,NY
17307,Cohocton,NY
17308,Cohoes,NY
17309,Cold Brook,NY
17310,Cold Spring,NY
17311,Cold Spring Harbor,NY
17312,Colden,NY
17313,College Point,NY
17314,Colliersville,NY
17315,Collins,NY
17316,Collins Center,NY
17317,Colton,NY
17318,Commack,NY
17319,Comstock,NY
17320,Conesus,NY
17321,Conewango Valley,NY
17322,Congers,NY
17323,Conklin,NY
17324,Connelly,NY
17325,Constable,NY
17326,Constableville,NY
17327,Constantia,NY
17328,Coopers Plains,NY
17329,Cooperstown,NY
17330,Copake,NY
17331,Copake Falls,NY
17332,Copenhagen,NY
17333,Copiague,NY
17334,Coram,NY
17335,Corfu,NY
17336,Corinth,NY
17337,Corning,NY
17338,Cornwall,NY
17339,Cornwall On Hudson,NY
17340,Cornwallville,NY
17341,Corona,NY
17342,Cortland,NY
17343,Cortlandt Manor,NY
17344,Cossayuna,NY
17345,Cottekill,NY
17346,Cowlesville,NY
17347,Coxsackie,NY
17348,Cragsmoor,NY
17349,Cranberry Lake,NY
17350,Craryville,NY
17351,Croghan,NY
17352,Crompond,NY
17353,Cropseyville,NY
17354,Cross River,NY
17355,Croton Falls,NY
17356,Croton On Hudson,NY
17357,Crown Point,NY
17358,Cuba,NY
17359,Cuddebackville,NY
17360,Cutchogue,NY
17361,Dale,NY
17362,Dalton,NY
17363,Dannemora,NY
17364,Dansville,NY
17365,Darien Center,NY
17366,Davenport,NY
17367,Davenport Center,NY
17368,Dayton,NY
17369,De Kalb Junction,NY
17370,De Peyster,NY
17371,De Ruyter,NY
17372,Deansboro,NY
17373,Deer Park,NY
17374,Deferiet,NY
17375,Delancey,NY
17376,Delanson,NY
17377,Delevan,NY
17378,Delhi,NY
17379,Delmar,NY
17380,Delphi Falls,NY
17381,Denver,NY
17382,Depauville,NY
17383,Depew,NY
17384,Deposit,NY
17385,Derby,NY
17386,Dewittville,NY
17387,Dexter,NY
17388,Diamond Point,NY
17389,Dickinson Center,NY
17390,Dobbs Ferry,NY
17391,Dolgeville,NY
17392,Dover Plains,NY
17393,Downsville,NY
17394,Dresden,NY
17395,Dryden,NY
17396,Duanesburg,NY
17397,Dundee,NY
17398,Dunkirk,NY
17399,Durham,NY
17400,Durhamville,NY
17401,Eagle Bay,NY
17402,Eagle Bridge,NY
17403,Earlton,NY
17404,Earlville,NY
17405,East Amherst,NY
17406,East Aurora,NY
17407,East Berne,NY
17408,East Bethany,NY
17409,East Branch,NY
17410,East Chatham,NY
17411,East Concord,NY
17412,East Durham,NY
17413,East Elmhurst,NY
17414,East Greenbush,NY
17415,East Hampton,NY
17416,East Islip,NY
17417,East Jewett,NY
17418,East Marion,NY
17419,East Meadow,NY
17420,East Meredith,NY
17421,East Moriches,NY
17422,East Nassau,NY
17423,East Northport,NY
17424,East Norwich,NY
17425,East Otto,NY
17426,East Pembroke,NY
17427,East Quogue,NY
17428,East Rochester,NY
17429,East Rockaway,NY
17430,East Schodack,NY
17431,East Setauket,NY
17432,East Springfield,NY
17433,East Syracuse,NY
17434,East Worcester,NY
17435,Eastchester,NY
17436,Eastport,NY
17437,Eaton,NY
17438,Eden,NY
17439,Edmeston,NY
17440,Edwards,NY
17441,Elba,NY
17442,Elbridge,NY
17443,Eldred,NY
17444,Elizabethtown,NY
17445,Elizaville,NY
17446,Elka Park,NY
17447,Ellenburg,NY
17448,Ellenburg Center,NY
17449,Ellenburg Depot,NY
17450,Ellenville,NY
17451,Ellicottville,NY
17452,Ellington,NY
17453,Ellisburg,NY
17454,Elma,NY
17455,Elmhurst,NY
17456,Elmira,NY
17457,Elmont,NY
17458,Elmsford,NY
17459,Endicott,NY
17460,Erieville,NY
17461,Erin,NY
17462,Esopus,NY
17463,Esperance,NY
17464,Essex,NY
17465,Etna,NY
17466,Evans Mills,NY
17467,Fabius,NY
17468,Fairport,NY
17469,Falconer,NY
17470,Fallsburg,NY
17471,Far Rockaway,NY
17472,Farmersville Station,NY
17473,Farmingdale,NY
17474,Farmington,NY
17475,Farmingville,NY
17476,Farnham,NY
17477,Fayette,NY
17478,Fayetteville,NY
17479,Felts Mills,NY
17480,Ferndale,NY
17481,Feura Bush,NY
17482,Fillmore,NY
17483,Findley Lake,NY
17484,Fine,NY
17485,Fishers,NY
17486,Fishers Island,NY
17487,Fishers Landing,NY
17488,Fishkill,NY
17489,Fishs Eddy,NY
17490,Fleischmanns,NY
17491,Floral Park,NY
17492,Florida,NY
17493,Flushing,NY
17494,Fly Creek,NY
17495,Fonda,NY
17496,Forest Hills,NY
17497,Forestburgh,NY
17498,Forestport,NY
17499,Forestville,NY
17500,Fort Ann,NY
17501,Fort Covington,NY
17502,Fort Drum,NY
17503,Fort Edward,NY
17504,Fort Hunter,NY
17505,Fort Johnson,NY
17506,Fort Montgomery,NY
17507,Fort Plain,NY
17508,Frankfort,NY
17509,Franklin,NY
17510,Franklin Square,NY
17511,Franklinville,NY
17512,Fredonia,NY
17513,Freedom,NY
17514,Freehold,NY
17515,Freeport,NY
17516,Freeville,NY
17517,Fremont Center,NY
17518,Fresh Meadows,NY
17519,Frewsburg,NY
17520,Friendship,NY
17521,Fulton,NY
17522,Fultonham,NY
17523,Fultonville,NY
17524,Gabriels,NY
17525,Gainesville,NY
17526,Galway,NY
17527,Gansevoort,NY
17528,Garden City,NY
17529,Gardiner,NY
17530,Garnerville,NY
17531,Garrattsville,NY
17532,Garrison,NY
17533,Gasport,NY
17534,Geneseo,NY
17535,Geneva,NY
17536,Genoa,NY
17537,Georgetown,NY
17538,Germantown,NY
17539,Gerry,NY
17540,Getzville,NY
17541,Ghent,NY
17542,Gilbertsville,NY
17543,Gilboa,NY
17544,Glasco,NY
17545,Glen Aubrey,NY
17546,Glen Cove,NY
17547,Glen Head,NY
17548,Glen Oaks,NY
17549,Glen Spey,NY
17550,Glen Wild,NY
17551,Glenfield,NY
17552,Glenford,NY
17553,Glenham,NY
17554,Glenmont,NY
17555,Glens Falls,NY
17556,Glenville,NY
17557,Glenwood,NY
17558,Glenwood Landing,NY
17559,Gloversville,NY
17560,Goldens Bridge,NY
17561,Goshen,NY
17562,Gouverneur,NY
17563,Gowanda,NY
17564,Grafton,NY
17565,Grahamsville,NY
17566,Grand Gorge,NY
17567,Grand Island,NY
17568,Granite Springs,NY
17569,Granville,NY
17570,Great Bend,NY
17571,Great Neck,NY
17572,Great River,NY
17573,Great Valley,NY
17574,Greene,NY
17575,Greenfield Center,NY
17576,Greenfield Park,NY
17577,Greenhurst,NY
17578,Greenlawn,NY
17579,Greenport,NY
17580,Greenvale,NY
17581,Greenville,NY
17582,Greenwich,NY
17583,Greenwood,NY
17584,Greenwood Lake,NY
17585,Greig,NY
17586,Groton,NY
17587,Groveland,NY
17588,Guilderland,NY
17589,Guilderland Center,NY
17590,Guilford,NY
17591,Hadley,NY
17592,Hagaman,NY
17593,Hague,NY
17594,Hailesboro,NY
17595,Haines Falls,NY
17596,Halcottsville,NY
17597,Hall,NY
17598,Hamburg,NY
17599,Hamden,NY
17600,Hamilton,NY
17601,Hamlin,NY
17602,Hammond,NY
17603,Hammondsport,NY
17604,Hampton,NY
17605,Hampton Bays,NY
17606,Hancock,NY
17607,Hankins,NY
17608,Hannacroix,NY
17609,Hannawa Falls,NY
17610,Hannibal,NY
17611,Harford,NY
17612,Harpersfield,NY
17613,Harpursville,NY
17614,Harriman,NY
17615,Harris,NY
17616,Harrison,NY
17617,Harrisville,NY
17618,Hartford,NY
17619,Hartsdale,NY
17620,Hartwick,NY
17621,Hastings,NY
17622,Hastings On Hudson,NY
17623,Hauppauge,NY
17624,Haverstraw,NY
17625,Hawthorne,NY
17626,Hector,NY
17627,Helena,NY
17628,Hemlock,NY
17629,Hempstead,NY
17630,Henderson,NY
17631,Henderson Harbor,NY
17632,Henrietta,NY
17633,Hensonville,NY
17634,Herkimer,NY
17635,Hermon,NY
17636,Heuvelton,NY
17637,Hewlett,NY
17638,Hicksville,NY
17639,High Falls,NY
17640,Highland,NY
17641,Highland Falls,NY
17642,Highland Lake,NY
17643,Highland Mills,NY
17644,Highmount,NY
17645,Hillburn,NY
17646,Hillsdale,NY
17647,Hilton,NY
17648,Himrod,NY
17649,Hinckley,NY
17650,Hinsdale,NY
17651,Hobart,NY
17652,Hoffmeister,NY
17653,Hogansburg,NY
17654,Holbrook,NY
17655,Holland,NY
17656,Holland Patent,NY
17657,Holley,NY
17658,Hollis,NY
17659,Hollowville,NY
17660,Holmes,NY
17661,Holtsville,NY
17662,Homer,NY
17663,Honeoye,NY
17664,Honeoye Falls,NY
17665,Hoosick Falls,NY
17666,Hopewell Junction,NY
17667,Hornell,NY
17668,Horseheads,NY
17669,Hortonville,NY
17670,Houghton,NY
17671,Howard Beach,NY
17672,Howells,NY
17673,Howes Cave,NY
17674,Hubbardsville,NY
17675,Hudson,NY
17676,Hudson Falls,NY
17677,Huguenot,NY
17678,Huletts Landing,NY
17679,Hunt,NY
17680,Hunter,NY
17681,Huntington,NY
17682,Huntington Station,NY
17683,Hurley,NY
17684,Hurleyville,NY
17685,Hyde Park,NY
17686,Ilion,NY
17687,Indian Lake,NY
17688,Inlet,NY
17689,Interlaken,NY
17690,Inwood,NY
17691,Ionia,NY
17692,Irving,NY
17693,Irvington,NY
17694,Island Park,NY
17695,Islandia,NY
17696,Islip,NY
17697,Islip Terrace,NY
17698,Ithaca,NY
17699,Jackson Heights,NY
17700,Jacksonville,NY
17701,Jamaica,NY
17702,Jamesport,NY
17703,Jamestown,NY
17704,Jamesville,NY
17705,Jasper,NY
17706,Java Center,NY
17707,Java Village,NY
17708,Jay,NY
17709,Jefferson,NY
17710,Jefferson Valley,NY
17711,Jeffersonville,NY
17712,Jericho,NY
17713,Jewett,NY
17714,Johnsburg,NY
17715,Johnson,NY
17716,Johnson City,NY
17717,Johnsonville,NY
17718,Johnstown,NY
17719,Jordan,NY
17720,Jordanville,NY
17721,Kanona,NY
17722,Katonah,NY
17723,Kattskill Bay,NY
17724,Kauneonga Lake,NY
17725,Keene,NY
17726,Keene Valley,NY
17727,Keeseville,NY
17728,Kendall,NY
17729,Kennedy,NY
17730,Kenoza Lake,NY
17731,Kent,NY
17732,Kerhonkson,NY
17733,Keuka Park,NY
17734,Kew Gardens,NY
17735,Kiamesha Lake,NY
17736,Kill Buck,NY
17737,Kinderhook,NY
17738,King Ferry,NY
17739,Kings Park,NY
17740,Kingston,NY
17741,Kirkville,NY
17742,Kirkwood,NY
17743,Knowlesville,NY
17744,La Fargeville,NY
17745,La Fayette,NY
17746,Lacona,NY
17747,Lagrangeville,NY
17748,Lake Clear,NY
17749,Lake George,NY
17750,Lake Grove,NY
17751,Lake Hill,NY
17752,Lake Huntington,NY
17753,Lake Katrine,NY
17754,Lake Luzerne,NY
17755,Lake Peekskill,NY
17756,Lake Placid,NY
17757,Lake Pleasant,NY
17758,Lake View,NY
17759,Lakeville,NY
17760,Lakewood,NY
17761,Lancaster,NY
17762,Lanesville,NY
17763,Lansing,NY
17764,Larchmont,NY
17765,Latham,NY
17766,Laurel,NY
17767,Laurens,NY
17768,Lawrence,NY
17769,Lawtons,NY
17770,Le Roy,NY
17771,Lee Center,NY
17772,Leeds,NY
17773,Leicester,NY
17774,Leonardsville,NY
17775,Levittown,NY
17776,Lewis,NY
17777,Lewiston,NY
17778,Lexington,NY
17779,Liberty,NY
17780,Lily Dale,NY
17781,Lima,NY
17782,Limestone,NY
17783,Lincolndale,NY
17784,Lindenhurst,NY
17785,Lindley,NY
17786,Linwood,NY
17787,Lisbon,NY
17788,Lisle,NY
17789,Little Falls,NY
17790,Little Genesee,NY
17791,Little Neck,NY
17792,Little Valley,NY
17793,Little York,NY
17794,Liverpool,NY
17795,Livingston Manor,NY
17796,Livonia,NY
17797,Loch Sheldrake,NY
17798,Locke,NY
17799,Lockport,NY
17800,Lockwood,NY
17801,Locust Valley,NY
17802,Lodi,NY
17803,Long Beach,NY
17804,Long Eddy,NY
17805,Long Island City,NY
17806,Long Lake,NY
17807,Lorraine,NY
17808,Lowman,NY
17809,Lowville,NY
17810,Lynbrook,NY
17811,Lyndonville,NY
17812,Lyon Mountain,NY
17813,Lyons,NY
17814,Lyons Falls,NY
17815,Macedon,NY
17816,Machias,NY
17817,Madison,NY
17818,Madrid,NY
17819,Mahopac,NY
17820,Mahopac Falls,NY
17821,Maine,NY
17822,Malden Bridge,NY
17823,Malden On Hudson,NY
17824,Mallory,NY
17825,Malone,NY
17826,Malverne,NY
17827,Mamaroneck,NY
17828,Manchester,NY
17829,Manhasset,NY
17830,Manhattan,NY
17831,Manlius,NY
17832,Mannsville,NY
17833,Manorville,NY
17834,Maple Springs,NY
17835,Maplecrest,NY
17836,Marathon,NY
17837,Marcellus,NY
17838,Marcy,NY
17839,Margaretville,NY
17840,Marietta,NY
17841,Marilla,NY
17842,Marion,NY
17843,Marlboro,NY
17844,Martinsburg,NY
17845,Martville,NY
17846,Maryknoll,NY
17847,Maryland,NY
17848,Masonville,NY
17849,Maspeth,NY
17850,Massapequa,NY
17851,Massapequa Park,NY
17852,Massena,NY
17853,Mastic,NY
17854,Mastic Beach,NY
17855,Mattituck,NY
17856,Maybrook,NY
17857,Mayfield,NY
17858,Mayville,NY
17859,McDonough,NY
17860,McGraw,NY
17861,McLean,NY
17862,Mechanicville,NY
17863,Medford,NY
17864,Medina,NY
17865,Medusa,NY
17866,Mellenville,NY
17867,Melrose,NY
17868,Melville,NY
17869,Memphis,NY
17870,Mendon,NY
17871,Meridale,NY
17872,Meridian,NY
17873,Merrick,NY
17874,Mexico,NY
17875,Middle Granville,NY
17876,Middle Grove,NY
17877,Middle Island,NY
17878,Middle Village,NY
17879,Middleburgh,NY
17880,Middleport,NY
17881,Middlesex,NY
17882,Middletown,NY
17883,Middleville,NY
17884,Milford,NY
17885,Mill Neck,NY
17886,Millbrook,NY
17887,Miller Place,NY
17888,Millerton,NY
17889,Millport,NY
17890,Millwood,NY
17891,Milton,NY
17892,Mineola,NY
17893,Minerva,NY
17894,Minetto,NY
17895,Mineville,NY
17896,Minoa,NY
17897,Modena,NY
17898,Mohawk,NY
17899,Mohegan Lake,NY
17900,Moira,NY
17901,Mongaup Valley,NY
17902,Monroe,NY
17903,Monsey,NY
17904,Montauk,NY
17905,Montezuma,NY
17906,Montgomery,NY
17907,Monticello,NY
17908,Montour Falls,NY
17909,Montrose,NY
17910,Mooers,NY
17911,Mooers Forks,NY
17912,Moravia,NY
17913,Moriah,NY
17914,Moriah Center,NY
17915,Moriches,NY
17916,Morris,NY
17917,Morrisonville,NY
17918,Morristown,NY
17919,Morrisville,NY
17920,Mottville,NY
17921,Mount Kisco,NY
17922,Mount Marion,NY
17923,Mount Morris,NY
17924,Mount Sinai,NY
17925,Mount Tremper,NY
17926,Mount Upton,NY
17927,Mount Vernon,NY
17928,Mount Vision,NY
17929,Mountain Dale,NY
17930,Mountainville,NY
17931,Mumford,NY
17932,Munnsville,NY
17933,Nanuet,NY
17934,Napanoch,NY
17935,Naples,NY
17936,Narrowsburg,NY
17937,Nassau,NY
17938,Natural Bridge,NY
17939,Nedrow,NY
17940,Nelliston,NY
17941,Nesconset,NY
17942,Neversink,NY
17943,New Baltimore,NY
17944,New Berlin,NY
17945,New City,NY
17946,New Hampton,NY
17947,New Hartford,NY
17948,New Haven,NY
17949,New Hyde Park,NY
17950,New Kingston,NY
17951,New Lebanon,NY
17952,New Lisbon,NY
17953,New Paltz,NY
17954,New Rochelle,NY
17955,New Russia,NY
17956,New Suffolk,NY
17957,New Windsor,NY
17958,New Woodstock,NY
17959,New York,NY
17960,New York Mills,NY
17961,Newark,NY
17962,Newark Valley,NY
17963,Newburgh,NY
17964,Newcomb,NY
17965,Newfane,NY
17966,Newfield,NY
17967,Newport,NY
17968,Newton Falls,NY
17969,Niagara Falls,NY
17970,Niagara University,NY
17971,Nichols,NY
17972,Nicholville,NY
17973,Nineveh,NY
17974,Niverville,NY
17975,Norfolk,NY
17976,North Babylon,NY
17977,North Bangor,NY
17978,North Bay,NY
17979,North Blenheim,NY
17980,North Branch,NY
17981,North Brookfield,NY
17982,North Chatham,NY
17983,North Chili,NY
17984,North Collins,NY
17985,North Creek,NY
17986,North Evans,NY
17987,North Granville,NY
17988,North Greece,NY
17989,North Hudson,NY
17990,North Java,NY
17991,North Lawrence,NY
17992,North Norwich,NY
17993,North Pitcher,NY
17994,North River,NY
17995,North Rose,NY
17996,North Salem,NY
17997,North Tonawanda,NY
17998,Northport,NY
17999,Northville,NY
18000,Norwich,NY
18001,Norwood,NY
18002,Nunda,NY
18003,Nyack,NY
18004,Oak Hill,NY
18005,Oakdale,NY
18006,Oakfield,NY
18007,Oakland Gardens,NY
18008,Obernburg,NY
18009,Ocean Beach,NY
18010,Oceanside,NY
18011,Odessa,NY
18012,Ogdensburg,NY
18013,Olcott,NY
18014,Old Bethpage,NY
18015,Old Chatham,NY
18016,Old Forge,NY
18017,Old Westbury,NY
18018,Olean,NY
18019,Olivebridge,NY
18020,Olmstedville,NY
18021,Oneida,NY
18022,Oneonta,NY
18023,Ontario,NY
18024,Orangeburg,NY
18025,Orchard Park,NY
18026,Orient,NY
18027,Oriskany,NY
18028,Oriskany Falls,NY
18029,Ossining,NY
18030,Oswegatchie,NY
18031,Oswego,NY
18032,Otego,NY
18033,Otisville,NY
18034,Ouaquaga,NY
18035,Ovid,NY
18036,Owego,NY
18037,Owls Head,NY
18038,Oxford,NY
18039,Oyster Bay,NY
18040,Ozone Park,NY
18041,Painted Post,NY
18042,Palatine Bridge,NY
18043,Palenville,NY
18044,Palisades,NY
18045,Palmyra,NY
18046,Panama,NY
18047,Paradox,NY
18048,Parish,NY
18049,Parishville,NY
18050,Parksville,NY
18051,Patchogue,NY
18052,Patterson,NY
18053,Pattersonville,NY
18054,Paul Smiths,NY
18055,Pavilion,NY
18056,Pawling,NY
18057,Pearl River,NY
18058,Peconic,NY
18059,Peekskill,NY
18060,Pelham,NY
18061,Penfield,NY
18062,Penn Yan,NY
18063,Pennellville,NY
18064,Perkinsville,NY
18065,Perry,NY
18066,Perrysburg,NY
18067,Peru,NY
18068,Peterboro,NY
18069,Petersburg,NY
18070,Phelps,NY
18071,Philadelphia,NY
18072,Phillipsport,NY
18073,Philmont,NY
18074,Phoenicia,NY
18075,Phoenix,NY
18076,Piercefield,NY
18077,Piermont,NY
18078,Pierrepont Manor,NY
18079,Piffard,NY
18080,Pike,NY
18081,Pine Bush,NY
18082,Pine City,NY
18083,Pine Hill,NY
18084,Pine Island,NY
18085,Pine Plains,NY
18086,Pine Valley,NY
18087,Piseco,NY
18088,Pitcher,NY
18089,Pittsford,NY
18090,Plainview,NY
18091,Plattsburgh,NY
18092,Pleasant Valley,NY
18093,Pleasantville,NY
18094,Plessis,NY
18095,Plymouth,NY
18096,Poestenkill,NY
18097,Point Lookout,NY
18098,Poland,NY
18099,Pomona,NY
18100,Pompey,NY
18101,Pond Eddy,NY
18102,Port Byron,NY
18103,Port Chester,NY
18104,Port Crane,NY
18105,Port Ewen,NY
18106,Port Gibson,NY
18107,Port Henry,NY
18108,Port Jefferson,NY
18109,Port Jefferson Station,NY
18110,Port Jervis,NY
18111,Port Kent,NY
18112,Port Leyden,NY
18113,Port Washington,NY
18114,Portageville,NY
18115,Porter Corners,NY
18116,Portland,NY
18117,Portlandville,NY
18118,Portville,NY
18119,Potsdam,NY
18120,Pottersville,NY
18121,Poughkeepsie,NY
18122,Poughquag,NY
18123,Pound Ridge,NY
18124,Prattsburgh,NY
18125,Prattsville,NY
18126,Preble,NY
18127,Preston Hollow,NY
18128,Prospect,NY
18129,Pulaski,NY
18130,Pulteney,NY
18131,Purchase,NY
18132,Purdys,NY
18133,Purling,NY
18134,Putnam Station,NY
18135,Putnam Valley,NY
18136,Queens,NY
18137,Queens Village,NY
18138,Queensbury,NY
18139,Quogue,NY
18140,Rainbow Lake,NY
18141,Randolph,NY
18142,Ransomville,NY
18143,Raquette Lake,NY
18144,Ravena,NY
18145,Ray Brook,NY
18146,Raymondville,NY
18147,Red Creek,NY
18148,Red Hook,NY
18149,Redfield,NY
18150,Redford,NY
18151,Redwood,NY
18152,Rego Park,NY
18153,Remsen,NY
18154,Remsenburg,NY
18155,Rensselaer,NY
18156,Rensselaer Falls,NY
18157,Rensselaerville,NY
18158,Retsof,NY
18159,Rexford,NY
18160,Rexville,NY
18161,Rhinebeck,NY
18162,Rhinecliff,NY
18163,Richburg,NY
18164,Richfield Springs,NY
18165,Richford,NY
18166,Richland,NY
18167,Richmond Hill,NY
18168,Richmondville,NY
18169,Richville,NY
18170,Ridge,NY
18171,Ridgewood,NY
18172,Rifton,NY
18173,Riparius,NY
18174,Ripley,NY
18175,Riverhead,NY
18176,Rochester,NY
18177,Rock City Falls,NY
18178,Rock Hill,NY
18179,Rock Stream,NY
18180,Rock Tavern,NY
18181,Rockaway Park,NY
18182,Rockville Centre,NY
18183,Rocky Point,NY
18184,Rodman,NY
18185,Rome,NY
18186,Romulus,NY
18187,Ronkonkoma,NY
18188,Roosevelt,NY
18189,Rooseveltown,NY
18190,Roscoe,NY
18191,Rose,NY
18192,Roseboom,NY
18193,Rosedale,NY
18194,Rosendale,NY
18195,Roslyn,NY
18196,Roslyn Heights,NY
18197,Rotterdam,NY
18198,Rotterdam Junction,NY
18199,Round Lake,NY
18200,Round Top,NY
18201,Rouses Point,NY
18202,Roxbury,NY
18203,Ruby,NY
18204,Rush,NY
18205,Rushford,NY
18206,Rushville,NY
18207,Russell,NY
18208,Rye,NY
18209,Sabael,NY
18210,Sackets Harbor,NY
18211,Sag Harbor,NY
18212,Sagaponack,NY
18213,Saint Albans,NY
18214,Saint Bonaventure,NY
18215,Saint James,NY
18216,Saint Johnsville,NY
18217,Saint Regis Falls,NY
18218,Salamanca,NY
18219,Salem,NY
18220,Salisbury Center,NY
18221,Salisbury Mills,NY
18222,Salt Point,NY
18223,Sanborn,NY
18224,Sand Lake,NY
18225,Sandy Creek,NY
18226,Sangerfield,NY
18227,Saranac,NY
18228,Saranac Lake,NY
18229,Saratoga Springs,NY
18230,Sardinia,NY
18231,Saugerties,NY
18232,Sauquoit,NY
18233,Savannah,NY
18234,Savona,NY
18235,Sayville,NY
18236,Scarsdale,NY
18237,Schaghticoke,NY
18238,Schenectady,NY
18239,Schenevus,NY
18240,Schodack Landing,NY
18241,Schoharie,NY
18242,Schroon Lake,NY
18243,Schuyler Falls,NY
18244,Schuyler Lake,NY
18245,Schuylerville,NY
18246,Scio,NY
18247,Scipio Center,NY
18248,Scottsburg,NY
18249,Scottsville,NY
18250,Sea Cliff,NY
18251,Seaford,NY
18252,Selden,NY
18253,Selkirk,NY
18254,Seneca Falls,NY
18255,Severance,NY
18256,Shandaken,NY
18257,Sharon Springs,NY
18258,Shelter Island,NY
18259,Shelter Island Heights,NY
18260,Sherburne,NY
18261,Sheridan,NY
18262,Sherman,NY
18263,Sherrill,NY
18264,Shirley,NY
18265,Shokan,NY
18266,Shoreham,NY
18267,Shortsville,NY
18268,Shrub Oak,NY
18269,Shushan,NY
18270,Sidney,NY
18271,Sidney Center,NY
18272,Silver Bay,NY
18273,Silver Creek,NY
18274,Silver Lake,NY
18275,Silver Springs,NY
18276,Sinclairville,NY
18277,Skaneateles,NY
18278,Skaneateles Falls,NY
18279,Slate Hill,NY
18280,Slaterville Springs,NY
18281,Sleepy Hollow,NY
18282,Slingerlands,NY
18283,Sloansville,NY
18284,Sloatsburg,NY
18285,Smallwood,NY
18286,Smithtown,NY
18287,Smithville Flats,NY
18288,Smyrna,NY
18289,Sodus,NY
18290,Sodus Point,NY
18291,Somers,NY
18292,Sonyea,NY
18293,Sound Beach,NY
18294,South Bethlehem,NY
18295,South Butler,NY
18296,South Byron,NY
18297,South Cairo,NY
18298,South Colton,NY
18299,South Dayton,NY
18300,South Fallsburg,NY
18301,South Glens Falls,NY
18302,South Jamesport,NY
18303,South Kortright,NY
18304,South New Berlin,NY
18305,South Otselic,NY
18306,South Ozone Park,NY
18307,South Plymouth,NY
18308,South Richmond Hill,NY
18309,South Salem,NY
18310,South Wales,NY
18311,Southampton,NY
18312,Southfields,NY
18313,Southold,NY
18314,Sparkill,NY
18315,Sparrow Bush,NY
18316,Speculator,NY
18317,Spencer,NY
18318,Spencerport,NY
18319,Spencertown,NY
18320,Speonk,NY
18321,Sprakers,NY
18322,Spring Glen,NY
18323,Spring Valley,NY
18324,Springfield Center,NY
18325,Springfield Gardens,NY
18326,Springville,NY
18327,Springwater,NY
18328,Staatsburg,NY
18329,Stafford,NY
18330,Stamford,NY
18331,Stanfordville,NY
18332,Stanley,NY
18333,Star Lake,NY
18334,Staten Island,NY
18335,Steamburg,NY
18336,Stephentown,NY
18337,Sterling,NY
18338,Sterling Forest,NY
18339,Stillwater,NY
18340,Stittville,NY
18341,Stockton,NY
18342,Stone Ridge,NY
18343,Stony Brook,NY
18344,Stony Creek,NY
18345,Stony Point,NY
18346,Stormville,NY
18347,Stottville,NY
18348,Stow,NY
18349,Stratford,NY
18350,Strykersville,NY
18351,Stuyvesant,NY
18352,Stuyvesant Falls,NY
18353,Suffern,NY
18354,Summit,NY
18355,Summitville,NY
18356,Sunnyside,NY
18357,Surprise,NY
18358,Swain,NY
18359,Swan Lake,NY
18360,Sylvan Beach,NY
18361,Syosset,NY
18362,Syracuse,NY
18363,Taberg,NY
18364,Tannersville,NY
18365,Tappan,NY
18366,Tarrytown,NY
18367,Thendara,NY
18368,Theresa,NY
18369,Thiells,NY
18370,Thompson Ridge,NY
18371,Thompsonville,NY
18372,Thornwood,NY
18373,Thousand Island Park,NY
18374,Three Mile Bay,NY
18375,Ticonderoga,NY
18376,Tillson,NY
18377,Tivoli,NY
18378,Tomkins Cove,NY
18379,Tonawanda,NY
18380,Treadwell,NY
18381,Tribes Hill,NY
18382,Troupsburg,NY
18383,Trout Creek,NY
18384,Troy,NY
18385,Trumansburg,NY
18386,Truxton,NY
18387,Tuckahoe,NY
18388,Tully,NY
18389,Tupper Lake,NY
18390,Turin,NY
18391,Tuxedo Park,NY
18392,Ulster Park,NY
18393,Unadilla,NY
18394,Union Springs,NY
18395,Uniondale,NY
18396,Unionville,NY
18397,Upper Jay,NY
18398,Upton,NY
18399,Utica,NY
18400,Valatie,NY
18401,Valhalla,NY
18402,Valley Cottage,NY
18403,Valley Falls,NY
18404,Valley Stream,NY
18405,Van Buren Point,NY
18406,Van Etten,NY
18407,Van Hornesville,NY
18408,Varysburg,NY
18409,Verbank,NY
18410,Vermontville,NY
18411,Vernon,NY
18412,Vernon Center,NY
18413,Verona,NY
18414,Verona Beach,NY
18415,Verplanck,NY
18416,Versailles,NY
18417,Vestal,NY
18418,Victor,NY
18419,Victory Mills,NY
18420,Voorheesville,NY
18421,Waccabuc,NY
18422,Waddington,NY
18423,Wading River,NY
18424,Wainscott,NY
18425,Walden,NY
18426,Wales Center,NY
18427,Wallkill,NY
18428,Walton,NY
18429,Walworth,NY
18430,Wampsville,NY
18431,Wanakena,NY
18432,Wantagh,NY
18433,Wappingers Falls,NY
18434,Warners,NY
18435,Warnerville,NY
18436,Warrensburg,NY
18437,Warsaw,NY
18438,Warwick,NY
18439,Washingtonville,NY
18440,Wassaic,NY
18441,Water Mill,NY
18442,Waterford,NY
18443,Waterloo,NY
18444,Waterport,NY
18445,Watertown,NY
18446,Waterville,NY
18447,Watervliet,NY
18448,Watkins Glen,NY
18449,Waverly,NY
18450,Wawarsing,NY
18451,Wayland,NY
18452,Wayne,NY
18453,Webster,NY
18454,Weedsport,NY
18455,Wellesley Island,NY
18456,Wells,NY
18457,Wells Bridge,NY
18458,Wellsburg,NY
18459,Wellsville,NY
18460,West Babylon,NY
18461,West Bloomfield,NY
18462,West Burlington,NY
18463,West Camp,NY
18464,West Chazy,NY
18465,West Coxsackie,NY
18466,West Davenport,NY
18467,West Eaton,NY
18468,West Edmeston,NY
18469,West Falls,NY
18470,West Fulton,NY
18471,West Harrison,NY
18472,West Haverstraw,NY
18473,West Hempstead,NY
18474,West Henrietta,NY
18475,West Hurley,NY
18476,West Islip,NY
18477,West Kill,NY
18478,West Lebanon,NY
18479,West Leyden,NY
18480,West Monroe,NY
18481,West Nyack,NY
18482,West Oneonta,NY
18483,West Park,NY
18484,West Point,NY
18485,West Sand Lake,NY
18486,West Sayville,NY
18487,West Shokan,NY
18488,West Stockholm,NY
18489,West Valley,NY
18490,West Winfield,NY
18491,Westbrookville,NY
18492,Westbury,NY
18493,Westdale,NY
18494,Westerlo,NY
18495,Westernville,NY
18496,Westfield,NY
18497,Westford,NY
18498,Westhampton,NY
18499,Westhampton Beach,NY
18500,Westmoreland,NY
18501,Westons Mills,NY
18502,Westport,NY
18503,Westtown,NY
18504,Wevertown,NY
18505,White Lake,NY
18506,White Plains,NY
18507,White Sulphur Springs,NY
18508,Whitehall,NY
18509,Whitesboro,NY
18510,Whitestone,NY
18511,Whitesville,NY
18512,Whitney Point,NY
18513,Willard,NY
18514,Willet,NY
18515,Williamson,NY
18516,Williamstown,NY
18517,Williston Park,NY
18518,Willow,NY
18519,Willsboro,NY
18520,Willseyville,NY
18521,Wilmington,NY
18522,Wilson,NY
18523,Windham,NY
18524,Windsor,NY
18525,Wingdale,NY
18526,Winthrop,NY
18527,Witherbee,NY
18528,Wolcott,NY
18529,Woodbourne,NY
18530,Woodbury,NY
18531,Woodgate,NY
18532,Woodhaven,NY
18533,Woodhull,NY
18534,Woodmere,NY
18535,Woodridge,NY
18536,Woodside,NY
18537,Woodstock,NY
18538,Worcester,NY
18539,Wurtsboro,NY
18540,Wyandanch,NY
18541,Wynantskill,NY
18542,Wyoming,NY
18543,Yaphank,NY
18544,Yonkers,NY
18545,York,NY
18546,Yorkshire,NY
18547,Yorktown Heights,NY
18548,Yorkville,NY
18549,Youngstown,NY
18550,Youngsville,NY
18551,Yulan,NY
18552,Aberdeen,OH
18553,Ada,OH
18554,Adamsville,OH
18555,Addyston,OH
18556,Adelphi,OH
18557,Adena,OH
18558,Akron,OH
18559,Albany,OH
18560,Alexandria,OH
18561,Alger,OH
18562,Alledonia,OH
18563,Alliance,OH
18564,Alpha,OH
18565,Alvada,OH
18566,Alvordton,OH
18567,Amanda,OH
18568,Amelia,OH
18569,Amesville,OH
18570,Amherst,OH
18571,Amlin,OH
18572,Amsterdam,OH
18573,Andover,OH
18574,Anna,OH
18575,Ansonia,OH
18576,Antwerp,OH
18577,Apple Creek,OH
18578,Arcadia,OH
18579,Arcanum,OH
18580,Archbold,OH
18581,Arlington,OH
18582,Ashland,OH
18583,Ashley,OH
18584,Ashtabula,OH
18585,Ashville,OH
18586,Athens,OH
18587,Attica,OH
18588,Atwater,OH
18589,Augusta,OH
18590,Aurora,OH
18591,Austinburg,OH
18592,Ava,OH
18593,Avon,OH
18594,Avon Lake,OH
18595,Bainbridge,OH
18596,Baltic,OH
18597,Baltimore,OH
18598,Bannock,OH
18599,Barberton,OH
18600,Barnesville,OH
18601,Barton,OH
18602,Bascom,OH
18603,Batavia,OH
18604,Bay Village,OH
18605,Beach City,OH
18606,Beachwood,OH
18607,Beallsville,OH
18608,Beaver,OH
18609,Beaverdam,OH
18610,Bedford,OH
18611,Bedford Heights,OH
18612,Bellaire,OH
18613,Bellbrook,OH
18614,Belle Center,OH
18615,Belle Valley,OH
18616,Bellefontaine,OH
18617,Bellevue,OH
18618,Bellville,OH
18619,Belmont,OH
18620,Belmore,OH
18621,Beloit,OH
18622,Belpre,OH
18623,Benton Ridge,OH
18624,Bentonville,OH
18625,Berea,OH
18626,Bergholz,OH
18627,Berkey,OH
18628,Berlin,OH
18629,Berlin Center,OH
18630,Berlin Heights,OH
18631,Bethel,OH
18632,Bethesda,OH
18633,Bettsville,OH
18634,Beverly,OH
18635,Bidwell,OH
18636,Big Prairie,OH
18637,Blacklick,OH
18638,Bladensburg,OH
18639,Blaine,OH
18640,Blakeslee,OH
18641,Blanchester,OH
18642,Blissfield,OH
18643,Bloomdale,OH
18644,Bloomingburg,OH
18645,Bloomingdale,OH
18646,Bloomville,OH
18647,Blue Creek,OH
18648,Blue Rock,OH
18649,Bluffton,OH
18650,Bolivar,OH
18651,Botkins,OH
18652,Bourneville,OH
18653,Bowerston,OH
18654,Bowersville,OH
18655,Bowling Green,OH
18656,Bradford,OH
18657,Bradner,OH
18658,Brecksville,OH
18659,Bremen,OH
18660,Brewster,OH
18661,Brice,OH
18662,Bridgeport,OH
18663,Brilliant,OH
18664,Brinkhaven,OH
18665,Bristolville,OH
18666,Broadview Heights,OH
18667,Broadway,OH
18668,Brook Park,OH
18669,Brookfield,OH
18670,Brookville,OH
18671,Brownsville,OH
18672,Brunswick,OH
18673,Bryan,OH
18674,Buchtel,OH
18675,Buckeye Lake,OH
18676,Buckland,OH
18677,Bucyrus,OH
18678,Buffalo,OH
18679,Burbank,OH
18680,Burghill,OH
18681,Burgoon,OH
18682,Burkettsville,OH
18683,Burton,OH
18684,Butler,OH
18685,Byesville,OH
18686,Cable,OH
18687,Cadiz,OH
18688,Cairo,OH
18689,Caldwell,OH
18690,Caledonia,OH
18691,Cambridge,OH
18692,Camden,OH
18693,Cameron,OH
18694,Camp Dennison,OH
18695,Campbell,OH
18696,Canal Fulton,OH
18697,Canal Winchester,OH
18698,Canfield,OH
18699,Canton,OH
18700,Carbon Hill,OH
18701,Cardington,OH
18702,Carey,OH
18703,Carroll,OH
18704,Carrollton,OH
18705,Casstown,OH
18706,Castalia,OH
18707,Catawba,OH
18708,Cecil,OH
18709,Cedarville,OH
18710,Celina,OH
18711,Centerburg,OH
18712,Centerville,OH
18713,Chagrin Falls,OH
18714,Chandlersville,OH
18715,Chardon,OH
18716,Chatfield,OH
18717,Chauncey,OH
18718,Cherry Fork,OH
18719,Chesapeake,OH
18720,Cheshire,OH
18721,Chester,OH
18722,Chesterhill,OH
18723,Chesterland,OH
18724,Chesterville,OH
18725,Chickasaw,OH
18726,Chillicothe,OH
18727,Chilo,OH
18728,Chippewa Lake,OH
18729,Christiansburg,OH
18730,Cincinnati,OH
18731,Circleville,OH
18732,Clarington,OH
18733,Clarksburg,OH
18734,Clarksville,OH
18735,Clay Center,OH
18736,Clayton,OH
18737,Cleveland,OH
18738,Cleveland Heights,OH
18739,Cleves,OH
18740,Clifton,OH
18741,Clinton,OH
18742,Cloverdale,OH
18743,Clyde,OH
18744,Coal Run,OH
18745,Coalton,OH
18746,Coldwater,OH
18747,College Corner,OH
18748,Collins,OH
18749,Colton,OH
18750,Columbia Station,OH
18751,Columbiana,OH
18752,Columbus,OH
18753,Columbus Grove,OH
18754,Commercial Point,OH
18755,Conesville,OH
18756,Conneaut,OH
18757,Conover,OH
18758,Continental,OH
18759,Convoy,OH
18760,Coolville,OH
18761,Corning,OH
18762,Cortland,OH
18763,Coshocton,OH
18764,Covington,OH
18765,Creola,OH
18766,Crestline,OH
18767,Creston,OH
18768,Crooksville,OH
18769,Croton,OH
18770,Crown City,OH
18771,Cumberland,OH
18772,Curtice,OH
18773,Custar,OH
18774,Cutler,OH
18775,Cuyahoga Falls,OH
18776,Cygnet,OH
18777,Cynthiana,OH
18778,Dalton,OH
18779,Damascus,OH
18780,Danville,OH
18781,Dayton,OH
18782,De Graff,OH
18783,Decatur,OH
18784,Deerfield,OH
18785,Deersville,OH
18786,Defiance,OH
18787,Delaware,OH
18788,Dellroy,OH
18789,Delphos,OH
18790,Delta,OH
18791,Dennison,OH
18792,Derby,OH
18793,Derwent,OH
18794,Deshler,OH
18795,Dexter City,OH
18796,Diamond,OH
18797,Dillonvale,OH
18798,Dola,OH
18799,Donnelsville,OH
18800,Dorset,OH
18801,Dover,OH
18802,Doylestown,OH
18803,Dresden,OH
18804,Dublin,OH
18805,Dunbridge,OH
18806,Duncan Falls,OH
18807,Dundee,OH
18808,Dunkirk,OH
18809,East Canton,OH
18810,East Fultonham,OH
18811,East Liberty,OH
18812,East Liverpool,OH
18813,East Palestine,OH
18814,East Rochester,OH
18815,East Sparta,OH
18816,East Springfield,OH
18817,Eastlake,OH
18818,Eaton,OH
18819,Edgerton,OH
18820,Edison,OH
18821,Edon,OH
18822,Eldorado,OH
18823,Elgin,OH
18824,Elkton,OH
18825,Elmore,OH
18826,Elyria,OH
18827,Empire,OH
18828,Englewood,OH
18829,Enon,OH
18830,Etna,OH
18831,Euclid,OH
18832,Evansport,OH
18833,Fairborn,OH
18834,Fairfield,OH
18835,Fairview,OH
18836,Fairview Park,OH
18837,Farmdale,OH
18838,Farmer,OH
18839,Farmersville,OH
18840,Fayette,OH
18841,Fayetteville,OH
18842,Feesburg,OH
18843,Felicity,OH
18844,Findlay,OH
18845,Flat Rock,OH
18846,Fleming,OH
18847,Fletcher,OH
18848,Flushing,OH
18849,Forest,OH
18850,Fort Jennings,OH
18851,Fort Loramie,OH
18852,Fort Recovery,OH
18853,Fostoria,OH
18854,Fowler,OH
18855,Frankfort,OH
18856,Franklin,OH
18857,Franklin Furnace,OH
18858,Frazeysburg,OH
18859,Fredericksburg,OH
18860,Fredericktown,OH
18861,Freeport,OH
18862,Fremont,OH
18863,Fresno,OH
18864,Friendship,OH
18865,Fulton,OH
18866,Fultonham,OH
18867,Galena,OH
18868,Galion,OH
18869,Gallipolis,OH
18870,Galloway,OH
18871,Gambier,OH
18872,Garrettsville,OH
18873,Gates Mills,OH
18874,Geneva,OH
18875,Genoa,OH
18876,Georgetown,OH
18877,Germantown,OH
18878,Gettysburg,OH
18879,Gibsonburg,OH
18880,Girard,OH
18881,Glandorf,OH
18882,Glencoe,OH
18883,Glenford,OH
18884,Glenmont,OH
18885,Glouster,OH
18886,Gnadenhutten,OH
18887,Gomer,OH
18888,Goshen,OH
18889,Grafton,OH
18890,Grand Rapids,OH
18891,Grand River,OH
18892,Grandview Heights,OH
18893,Granville,OH
18894,Gratiot,OH
18895,Gratis,OH
18896,Graysville,OH
18897,Graytown,OH
18898,Green,OH
18899,Green Camp,OH
18900,Green Springs,OH
18901,Greenfield,OH
18902,Greentown,OH
18903,Greenville,OH
18904,Greenwich,OH
18905,Grelton,OH
18906,Grove City,OH
18907,Groveport,OH
18908,Grover Hill,OH
18909,Guysville,OH
18910,Gypsum,OH
18911,Hamden,OH
18912,Hamersville,OH
18913,Hamilton,OH
18914,Hamler,OH
18915,Hammondsville,OH
18916,Hannibal,OH
18917,Hanoverton,OH
18918,Harbor View,OH
18919,Harpster,OH
18920,Harrisburg,OH
18921,Harrison,OH
18922,Harrisville,OH
18923,Harrod,OH
18924,Hartford,OH
18925,Hartville,OH
18926,Harveysburg,OH
18927,Haskins,OH
18928,Haverhill,OH
18929,Haviland,OH
18930,Haydenville,OH
18931,Hayesville,OH
18932,Heath,OH
18933,Hebron,OH
18934,Helena,OH
18935,Hicksville,OH
18936,Higginsport,OH
18937,Highland,OH
18938,Hilliard,OH
18939,Hillsboro,OH
18940,Hinckley,OH
18941,Hiram,OH
18942,Hockingport,OH
18943,Holgate,OH
18944,Holland,OH
18945,Hollansburg,OH
18946,Holloway,OH
18947,Holmesville,OH
18948,Homer,OH
18949,Homerville,OH
18950,Homeworth,OH
18951,Hooven,OH
18952,Hopedale,OH
18953,Hopewell,OH
18954,Houston,OH
18955,Howard,OH
18956,Hoytville,OH
18957,Hubbard,OH
18958,Hudson,OH
18959,Huntsburg,OH
18960,Huntsville,OH
18961,Huron,OH
18962,Iberia,OH
18963,Independence,OH
18964,Irondale,OH
18965,Ironton,OH
18966,Irwin,OH
18967,Isle Saint George,OH
18968,Jackson,OH
18969,Jackson Center,OH
18970,Jacksontown,OH
18971,Jacksonville,OH
18972,Jacobsburg,OH
18973,Jamestown,OH
18974,Jasper,OH
18975,Jefferson,OH
18976,Jeffersonville,OH
18977,Jenera,OH
18978,Jeromesville,OH
18979,Jerry City,OH
18980,Jerusalem,OH
18981,Jewell,OH
18982,Jewett,OH
18983,Johnstown,OH
18984,Junction City,OH
18985,Kalida,OH
18986,Kansas,OH
18987,Kelleys Island,OH
18988,Kensington,OH
18989,Kent,OH
18990,Kenton,OH
18991,Kettlersville,OH
18992,Killbuck,OH
18993,Kimbolton,OH
18994,Kings Mills,OH
18995,Kingston,OH
18996,Kingsville,OH
18997,Kinsman,OH
18998,Kipling,OH
18999,Kipton,OH
19000,Kirby,OH
19001,Kirkersville,OH
19002,Kitts Hill,OH
19003,Kunkle,OH
19004,La Rue,OH
19005,Lacarne,OH
19006,Lafayette,OH
19007,Lafferty,OH
19008,Lagrange,OH
19009,Lake Milton,OH
19010,Lakemore,OH
19011,Lakeside Marblehead,OH
19012,Lakeview,OH
19013,Lakeville,OH
19014,Lakewood,OH
19015,Lancaster,OH
19016,Langsville,OH
19017,Lansing,OH
19018,Latham,OH
19019,Latty,OH
19020,Laura,OH
19021,Laurelville,OH
19022,Leavittsburg,OH
19023,Lebanon,OH
19024,Leesburg,OH
19025,Leesville,OH
19026,Leetonia,OH
19027,Leipsic,OH
19028,Lewis Center,OH
19029,Lewisburg,OH
19030,Lewistown,OH
19031,Lewisville,OH
19032,Liberty Center,OH
19033,Lima,OH
19034,Limaville,OH
19035,Lindsey,OH
19036,Lisbon,OH
19037,Litchfield,OH
19038,Lithopolis,OH
19039,Little Hocking,OH
19040,Lockbourne,OH
19041,Lodi,OH
19042,Logan,OH
19043,London,OH
19044,Londonderry,OH
19045,Long Bottom,OH
19046,Lorain,OH
19047,Lore City,OH
19048,Loudonville,OH
19049,Louisville,OH
19050,Loveland,OH
19051,Lowell,OH
19052,Lowellville,OH
19053,Lower Salem,OH
19054,Lucas,OH
19055,Lucasville,OH
19056,Luckey,OH
19057,Ludlow Falls,OH
19058,Lynchburg,OH
19059,Lynx,OH
19060,Lyons,OH
19061,Macedonia,OH
19062,Macksburg,OH
19063,Madison,OH
19064,Magnetic Springs,OH
19065,Magnolia,OH
19066,Maineville,OH
19067,Malinta,OH
19068,Malta,OH
19069,Malvern,OH
19070,Manchester,OH
19071,Mansfield,OH
19072,Mantua,OH
19073,Maple Heights,OH
19074,Maplewood,OH
19075,Marengo,OH
19076,Maria Stein,OH
19077,Marietta,OH
19078,Marion,OH
19079,Mark Center,OH
19080,Marshallville,OH
19081,Martin,OH
19082,Martins Ferry,OH
19083,Martinsburg,OH
19084,Martinsville,OH
19085,Marysville,OH
19086,Mason,OH
19087,Massillon,OH
19088,Masury,OH
19089,Maumee,OH
19090,Mc Arthur,OH
19091,McArthur,OH
19092,McClure,OH
19093,McComb,OH
19094,Mcconnelsville,OH
19095,McCutchenville,OH
19096,McDermott,OH
19097,McDonald,OH
19098,McGuffey,OH
19099,Mechanicsburg,OH
19100,Mechanicstown,OH
19101,Medina,OH
19102,Medway,OH
19103,Melrose,OH
19104,Mendon,OH
19105,Mentor,OH
19106,Mesopotamia,OH
19107,Metamora,OH
19108,Miamisburg,OH
19109,Miamitown,OH
19110,Miamiville,OH
19111,Middle Bass,OH
19112,Middle Point,OH
19113,Middlebranch,OH
19114,Middleburg,OH
19115,Middlefield,OH
19116,Middleport,OH
19117,Middletown,OH
19118,Midland,OH
19119,Midvale,OH
19120,Milan,OH
19121,Milford,OH
19122,Milford Center,OH
19123,Millbury,OH
19124,Milledgeville,OH
19125,Miller City,OH
19126,Millersburg,OH
19127,Millersport,OH
19128,Millfield,OH
19129,Milton Center,OH
19130,Mineral City,OH
19131,Mineral Ridge,OH
19132,Minerva,OH
19133,Minford,OH
19134,Mingo,OH
19135,Mingo Junction,OH
19136,Minster,OH
19137,Mogadore,OH
19138,Monclova,OH
19139,Monroe,OH
19140,Monroeville,OH
19141,Montezuma,OH
19142,Montpelier,OH
19143,Montville,OH
19144,Moraine,OH
19145,Morral,OH
19146,Morristown,OH
19147,Morrow,OH
19148,Moscow,OH
19149,Mount Blanchard,OH
19150,Mount Cory,OH
19151,Mount Eaton,OH
19152,Mount Gilead,OH
19153,Mount Hope,OH
19154,Mount Orab,OH
19155,Mount Perry,OH
19156,Mount Pleasant,OH
19157,Mount Saint Joseph,OH
19158,Mount Sterling,OH
19159,Mount Vernon,OH
19160,Mount Victory,OH
19161,Mowrystown,OH
19162,Moxahala,OH
19163,Munroe Falls,OH
19164,Murray City,OH
19165,Napoleon,OH
19166,Nashport,OH
19167,Nashville,OH
19168,Navarre,OH
19169,Neapolis,OH
19170,Neffs,OH
19171,Negley,OH
19172,Nelsonville,OH
19173,Nevada,OH
19174,Neville,OH
19175,New Albany,OH
19176,New Athens,OH
19177,New Bavaria,OH
19178,New Bloomington,OH
19179,New Bremen,OH
19180,New Carlisle,OH
19181,New Concord,OH
19182,New Hampshire,OH
19183,New Haven,OH
19184,New Holland,OH
19185,New Knoxville,OH
19186,New Lebanon,OH
19187,New Lexington,OH
19188,New London,OH
19189,New Madison,OH
19190,New Marshfield,OH
19191,New Matamoras,OH
19192,New Middletown,OH
19193,New Paris,OH
19194,New Philadelphia,OH
19195,New Plymouth,OH
19196,New Richmond,OH
19197,New Riegel,OH
19198,New Springfield,OH
19199,New Straitsville,OH
19200,New Vienna,OH
19201,New Washington,OH
19202,New Waterford,OH
19203,New Weston,OH
19204,Newark,OH
19205,Newbury,OH
19206,Newcomerstown,OH
19207,Newport,OH
19208,Newton Falls,OH
19209,Newtonsville,OH
19210,Ney,OH
19211,Niles,OH
19212,North Baltimore,OH
19213,North Bend,OH
19214,North Benton,OH
19215,North Bloomfield,OH
19216,North Canton,OH
19217,North Fairfield,OH
19218,North Georgetown,OH
19219,North Hampton,OH
19220,North Jackson,OH
19221,North Kingsville,OH
19222,North Lawrence,OH
19223,North Lewisburg,OH
19224,North Lima,OH
19225,North Olmsted,OH
19226,North Ridgeville,OH
19227,North Robinson,OH
19228,North Royalton,OH
19229,North Star,OH
19230,Northfield,OH
19231,Northwood,OH
19232,Norwalk,OH
19233,Norwich,OH
19234,Nova,OH
19235,Novelty,OH
19236,Oak Harbor,OH
19237,Oak Hill,OH
19238,Oakwood,OH
19239,Oberlin,OH
19240,Ohio City,OH
19241,Okeana,OH
19242,Old Fort,OH
19243,Old Washington,OH
19244,Olmsted Falls,OH
19245,Oregon,OH
19246,Oregonia,OH
19247,Orient,OH
19248,Orrville,OH
19249,Orwell,OH
19250,Osgood,OH
19251,Ostrander,OH
19252,Ottawa,OH
19253,Ottoville,OH
19254,Otway,OH
19255,Overpeck,OH
19256,Owensville,OH
19257,Oxford,OH
19258,Painesville,OH
19259,Palestine,OH
19260,Pandora,OH
19261,Paris,OH
19262,Parkman,OH
19263,Pataskala,OH
19264,Patriot,OH
19265,Paulding,OH
19266,Payne,OH
19267,Pedro,OH
19268,Peebles,OH
19269,Pemberton,OH
19270,Pemberville,OH
19271,Peninsula,OH
19272,Perry,OH
19273,Perrysburg,OH
19274,Perrysville,OH
19275,Petersburg,OH
19276,Pettisville,OH
19277,Phillipsburg,OH
19278,Philo,OH
19279,Pickerington,OH
19280,Piedmont,OH
19281,Pierpont,OH
19282,Piketon,OH
19283,Pioneer,OH
19284,Piqua,OH
19285,Pitsburg,OH
19286,Plain City,OH
19287,Plainfield,OH
19288,Pleasant City,OH
19289,Pleasant Hill,OH
19290,Pleasant Plain,OH
19291,Pleasantville,OH
19292,Plymouth,OH
19293,Polk,OH
19294,Pomeroy,OH
19295,Port Clinton,OH
19296,Port Jefferson,OH
19297,Port Washington,OH
19298,Port William,OH
19299,Portage,OH
19300,Portland,OH
19301,Portsmouth,OH
19302,Potsdam,OH
19303,Powell,OH
19304,Powhatan Point,OH
19305,Proctorville,OH
19306,Prospect,OH
19307,Put In Bay,OH
19308,Quaker City,OH
19309,Quincy,OH
19310,Racine,OH
19311,Radnor,OH
19312,Rarden,OH
19313,Ravenna,OH
19314,Rawson,OH
19315,Ray,OH
19316,Rayland,OH
19317,Raymond,OH
19318,Reedsville,OH
19319,Reesville,OH
19320,Reno,OH
19321,Republic,OH
19322,Reynoldsburg,OH
19323,Richfield,OH
19324,Richmond,OH
19325,Richmond Dale,OH
19326,Richwood,OH
19327,Ridgeville Corners,OH
19328,Ridgeway,OH
19329,Rio Grande,OH
19330,Ripley,OH
19331,Risingsun,OH
19332,Rittman,OH
19333,Robertsville,OH
19334,Rock Creek,OH
19335,Rockbridge,OH
19336,Rockford,OH
19337,Rocky Ridge,OH
19338,Rocky River,OH
19339,Rogers,OH
19340,Rome,OH
19341,Rootstown,OH
19342,Roseville,OH
19343,Rosewood,OH
19344,Rossburg,OH
19345,Rossford,OH
19346,Roundhead,OH
19347,Rudolph,OH
19348,Rushsylvania,OH
19349,Rushville,OH
19350,Russells Point,OH
19351,Russellville,OH
19352,Russia,OH
19353,Rutland,OH
19354,Sabina,OH
19355,Saint Clairsville,OH
19356,Saint Henry,OH
19357,Saint Johns,OH
19358,Saint Louisville,OH
19359,Saint Marys,OH
19360,Saint Paris,OH
19361,Salem,OH
19362,Salesville,OH
19363,Salineville,OH
19364,Sandusky,OH
19365,Sandyville,OH
19366,Sarahsville,OH
19367,Sardinia,OH
19368,Sardis,OH
19369,Savannah,OH
19370,Scio,OH
19371,Scioto Furnace,OH
19372,Scott,OH
19373,Scottown,OH
19374,Seaman,OH
19375,Sebring,OH
19376,Sedalia,OH
19377,Senecaville,OH
19378,Seven Mile,OH
19379,Seville,OH
19380,Shade,OH
19381,Shadyside,OH
19382,Shaker Heights,OH
19383,Sharon Center,OH
19384,Shawnee,OH
19385,Sheffield Lake,OH
19386,Shelby,OH
19387,Sherrodsville,OH
19388,Sherwood,OH
19389,Shiloh,OH
19390,Shreve,OH
19391,Sidney,OH
19392,Sinking Spring,OH
19393,Smithfield,OH
19394,Smithville,OH
19395,Solon,OH
19396,Somerdale,OH
19397,Somerset,OH
19398,Somerville,OH
19399,South Bloomingville,OH
19400,South Charleston,OH
19401,South Lebanon,OH
19402,South Point,OH
19403,South Salem,OH
19404,South Solon,OH
19405,South Vienna,OH
19406,South Webster,OH
19407,Southington,OH
19408,Sparta,OH
19409,Spencer,OH
19410,Spencerville,OH
19411,Spring Valley,OH
19412,Springboro,OH
19413,Springfield,OH
19414,Stafford,OH
19415,Sterling,OH
19416,Steubenville,OH
19417,Stewart,OH
19418,Stockport,OH
19419,Stone Creek,OH
19420,Stony Ridge,OH
19421,Stout,OH
19422,Stoutsville,OH
19423,Stow,OH
19424,Strasburg,OH
19425,Stratton,OH
19426,Streetsboro,OH
19427,Strongsville,OH
19428,Struthers,OH
19429,Stryker,OH
19430,Sugar Grove,OH
19431,Sugarcreek,OH
19432,Sullivan,OH
19433,Sulphur Springs,OH
19434,Summerfield,OH
19435,Summitville,OH
19436,Sunbury,OH
19437,Swanton,OH
19438,Sycamore,OH
19439,Sylvania,OH
19440,Syracuse,OH
19441,Tallmadge,OH
19442,Tarlton,OH
19443,Terrace Park,OH
19444,The Plains,OH
19445,Thompson,OH
19446,Thornville,OH
19447,Thurman,OH
19448,Thurston,OH
19449,Tiffin,OH
19450,Tiltonsville,OH
19451,Tipp City,OH
19452,Tippecanoe,OH
19453,Tiro,OH
19454,Toledo,OH
19455,Tontogany,OH
19456,Toronto,OH
19457,Tremont City,OH
19458,Trenton,OH
19459,Trimble,OH
19460,Trinway,OH
19461,Troy,OH
19462,Tuppers Plains,OH
19463,Tuscarawas,OH
19464,Twinsburg,OH
19465,Uhrichsville,OH
19466,Union City,OH
19467,Union Furnace,OH
19468,Uniontown,OH
19469,Unionville Center,OH
19470,Uniopolis,OH
19471,Upper Sandusky,OH
19472,Urbana,OH
19473,Utica,OH
19474,Valley City,OH
19475,Van Buren,OH
19476,Van Wert,OH
19477,Vandalia,OH
19478,Vanlue,OH
19479,Vaughnsville,OH
19480,Venedocia,OH
19481,Vermilion,OH
19482,Verona,OH
19483,Versailles,OH
19484,Vickery,OH
19485,Vienna,OH
19486,Vincent,OH
19487,Vinton,OH
19488,Wadsworth,OH
19489,Wakeman,OH
19490,Walbridge,OH
19491,Waldo,OH
19492,Walhonding,OH
19493,Walnut Creek,OH
19494,Wapakoneta,OH
19495,Warnock,OH
19496,Warren,OH
19497,Warsaw,OH
19498,Washington Court House,OH
19499,Washingtonville,OH
19500,Waterford,OH
19501,Waterloo,OH
19502,Waterville,OH
19503,Wauseon,OH
19504,Waverly,OH
19505,Wayland,OH
19506,Wayne,OH
19507,Waynesburg,OH
19508,Waynesfield,OH
19509,Waynesville,OH
19510,Wellington,OH
19511,Wellston,OH
19512,Wellsville,OH
19513,West Alexandria,OH
19514,West Chester,OH
19515,West Elkton,OH
19516,West Farmington,OH
19517,West Jefferson,OH
19518,West Lafayette,OH
19519,West Liberty,OH
19520,West Manchester,OH
19521,West Mansfield,OH
19522,West Millgrove,OH
19523,West Milton,OH
19524,West Portsmouth,OH
19525,West Salem,OH
19526,West Union,OH
19527,West Unity,OH
19528,Westerville,OH
19529,Westfield Center,OH
19530,Westlake,OH
19531,Weston,OH
19532,Wharton,OH
19533,Wheelersburg,OH
19534,Whipple,OH
19535,White Cottage,OH
19536,Whitehouse,OH
19537,Wickliffe,OH
19538,Wilberforce,OH
19539,Wilkesville,OH
19540,Willard,OH
19541,Williamsburg,OH
19542,Williamsfield,OH
19543,Williamsport,OH
19544,Williamstown,OH
19545,Williston,OH
19546,Willoughby,OH
19547,Willow Wood,OH
19548,Willshire,OH
19549,Wilmington,OH
19550,Wilmot,OH
19551,Winchester,OH
19552,Windham,OH
19553,Windsor,OH
19554,Winesburg,OH
19555,Wingett Run,OH
19556,Winona,OH
19557,Woodsfield,OH
19558,Woodstock,OH
19559,Woodville,OH
19560,Wooster,OH
19561,Wren,OH
19562,Wyoming,OH
19563,Xenia,OH
19564,Yellow Springs,OH
19565,Yorkshire,OH
19566,Yorkville,OH
19567,Youngstown,OH
19568,Zaleski,OH
19569,Zanesfield,OH
19570,Zanesville,OH
19571,Zoar,OH
19572,Achille,OK
19573,Ada,OK
19574,Adair,OK
19575,Adams,OK
19576,Addington,OK
19577,Afton,OK
19578,Agra,OK
19579,Albany,OK
19580,Albert,OK
19581,Albion,OK
19582,Alderson,OK
19583,Alex,OK
19584,Aline,OK
19585,Allen,OK
19586,Altus,OK
19587,Altus Afb,OK
19588,Alva,OK
19589,Amber,OK
19590,Ames,OK
19591,Amorita,OK
19592,Anadarko,OK
19593,Antlers,OK
19594,Apache,OK
19595,Arapaho,OK
19596,Arcadia,OK
19597,Ardmore,OK
19598,Arkoma,OK
19599,Arnett,OK
19600,Asher,OK
19601,Atoka,OK
19602,Atwood,OK
19603,Avant,OK
19604,Balko,OK
19605,Barnsdall,OK
19606,Bartlesville,OK
19607,Battiest,OK
19608,Beaver,OK
19609,Beggs,OK
19610,Bennington,OK
19611,Bessie,OK
19612,Bethany,OK
19613,Bethel,OK
19614,Big Cabin,OK
19615,Billings,OK
19616,Binger,OK
19617,Bison,OK
19618,Bixby,OK
19619,Blackwell,OK
19620,Blair,OK
19621,Blanchard,OK
19622,Blanco,OK
19623,Bluejacket,OK
19624,Boise City,OK
19625,Bokchito,OK
19626,Bokoshe,OK
19627,Boley,OK
19628,Boswell,OK
19629,Bowlegs,OK
19630,Boynton,OK
19631,Bradley,OK
19632,Braggs,OK
19633,Braman,OK
19634,Bristow,OK
19635,Broken Arrow,OK
19636,Broken Bow,OK
19637,Bromide,OK
19638,Buffalo,OK
19639,Bunch,OK
19640,Burbank,OK
19641,Burlington,OK
19642,Burneyville,OK
19643,Burns Flat,OK
19644,Butler,OK
19645,Byars,OK
19646,Cache,OK
19647,Caddo,OK
19648,Calera,OK
19649,Calumet,OK
19650,Calvin,OK
19651,Camargo,OK
19652,Cameron,OK
19653,Canadian,OK
19654,Caney,OK
19655,Canton,OK
19656,Canute,OK
19657,Carmen,OK
19658,Carnegie,OK
19659,Carney,OK
19660,Carrier,OK
19661,Carter,OK
19662,Cartwright,OK
19663,Cashion,OK
19664,Castle,OK
19665,Catoosa,OK
19666,Cement,OK
19667,Centrahoma,OK
19668,Chandler,OK
19669,Chattanooga,OK
19670,Checotah,OK
19671,Chelsea,OK
19672,Cherokee,OK
19673,Chester,OK
19674,Cheyenne,OK
19675,Chickasha,OK
19676,Choctaw,OK
19677,Chouteau,OK
19678,Claremore,OK
19679,Clarita,OK
19680,Clayton,OK
19681,Cleo Springs,OK
19682,Cleveland,OK
19683,Clinton,OK
19684,Coalgate,OK
19685,Colbert,OK
19686,Colcord,OK
19687,Coleman,OK
19688,Collinsville,OK
19689,Colony,OK
19690,Comanche,OK
19691,Commerce,OK
19692,Concho,OK
19693,Connerville,OK
19694,Cookson,OK
19695,Copan,OK
19696,Cordell,OK
19697,Corn,OK
19698,Council Hill,OK
19699,Countyline,OK
19700,Covington,OK
19701,Coweta,OK
19702,Coyle,OK
19703,Crawford,OK
19704,Crescent,OK
19705,Cromwell,OK
19706,Crowder,OK
19707,Cushing,OK
19708,Custer City,OK
19709,Cyril,OK
19710,Dacoma,OK
19711,Daisy,OK
19712,Davenport,OK
19713,Davidson,OK
19714,Davis,OK
19715,Deer Creek,OK
19716,Delaware,OK
19717,Depew,OK
19718,Devol,OK
19719,Dewar,OK
19720,Dewey,OK
19721,Dibble,OK
19722,Dill City,OK
19723,Disney,OK
19724,Dougherty,OK
19725,Douglas,OK
19726,Dover,OK
19727,Drummond,OK
19728,Drumright,OK
19729,Duke,OK
19730,Duncan,OK
19731,Durant,OK
19732,Durham,OK
19733,Dustin,OK
19734,Eagletown,OK
19735,Eakly,OK
19736,Earlsboro,OK
19737,Edmond,OK
19738,El Reno,OK
19739,Eldorado,OK
19740,Elgin,OK
19741,Elk City,OK
19742,Elmer,OK
19743,Elmore City,OK
19744,Enid,OK
19745,Erick,OK
19746,Eucha,OK
19747,Eufaula,OK
19748,Fairfax,OK
19749,Fairland,OK
19750,Fairmont,OK
19751,Fairview,OK
19752,Fanshawe,OK
19753,Fargo,OK
19754,Faxon,OK
19755,Fay,OK
19756,Felt,OK
19757,Finley,OK
19758,Fittstown,OK
19759,Fitzhugh,OK
19760,Fletcher,OK
19761,Forgan,OK
19762,Fort Cobb,OK
19763,Fort Gibson,OK
19764,Fort Sill,OK
19765,Fort Supply,OK
19766,Fort Towson,OK
19767,Foss,OK
19768,Foster,OK
19769,Fox,OK
19770,Francis,OK
19771,Frederick,OK
19772,Freedom,OK
19773,Gage,OK
19774,Gans,OK
19775,Garber,OK
19776,Garvin,OK
19777,Gate,OK
19778,Geary,OK
19779,Gene Autry,OK
19780,Geronimo,OK
19781,Glencoe,OK
19782,Glenpool,OK
19783,Golden,OK
19784,Goltry,OK
19785,Goodwell,OK
19786,Gore,OK
19787,Gotebo,OK
19788,Gould,OK
19789,Gracemont,OK
19790,Graham,OK
19791,Grandfield,OK
19792,Granite,OK
19793,Grant,OK
19794,Greenfield,OK
19795,Grove,OK
19796,Guthrie,OK
19797,Guymon,OK
19798,Haileyville,OK
19799,Hallett,OK
19800,Hammon,OK
19801,Hanna,OK
19802,Hardesty,OK
19803,Harrah,OK
19804,Hartshorne,OK
19805,Haskell,OK
19806,Hastings,OK
19807,Haworth,OK
19808,Headrick,OK
19809,Healdton,OK
19810,Heavener,OK
19811,Helena,OK
19812,Hendrix,OK
19813,Hennepin,OK
19814,Hennessey,OK
19815,Henryetta,OK
19816,Hillsdale,OK
19817,Hinton,OK
19818,Hitchcock,OK
19819,Hitchita,OK
19820,Hobart,OK
19821,Hodgen,OK
19822,Holdenville,OK
19823,Hollis,OK
19824,Hollister,OK
19825,Hominy,OK
19826,Honobia,OK
19827,Hooker,OK
19828,Hopeton,OK
19829,Howe,OK
19830,Hugo,OK
19831,Hulbert,OK
19832,Hunter,OK
19833,Hydro,OK
19834,Idabel,OK
19835,Indiahoma,OK
19836,Indianola,OK
19837,Inola,OK
19838,Isabella,OK
19839,Jay,OK
19840,Jenks,OK
19841,Jennings,OK
19842,Jet,OK
19843,Jones,OK
19844,Kansas,OK
19845,Kaw City,OK
19846,Kellyville,OK
19847,Kemp,OK
19848,Kenefic,OK
19849,Kenton,OK
19850,Keota,OK
19851,Ketchum,OK
19852,Keyes,OK
19853,Kiefer,OK
19854,Kingfisher,OK
19855,Kingston,OK
19856,Kinta,OK
19857,Kiowa,OK
19858,Konawa,OK
19859,Krebs,OK
19860,Kremlin,OK
19861,Lahoma,OK
19862,Lamar,OK
19863,Lamont,OK
19864,Lane,OK
19865,Langley,OK
19866,Langston,OK
19867,Laverne,OK
19868,Lawton,OK
19869,Lebanon,OK
19870,Leedey,OK
19871,Leflore,OK
19872,Lehigh,OK
19873,Lenapah,OK
19874,Leon,OK
19875,Lequire,OK
19876,Lexington,OK
19877,Lindsay,OK
19878,Loco,OK
19879,Locust Grove,OK
19880,Lone Grove,OK
19881,Lone Wolf,OK
19882,Longdale,OK
19883,Lookeba,OK
19884,Loveland,OK
19885,Loyal,OK
19886,Lucien,OK
19887,Luther,OK
19888,Macomb,OK
19889,Madill,OK
19890,Manchester,OK
19891,Mangum,OK
19892,Manitou,OK
19893,Mannford,OK
19894,Mannsville,OK
19895,Maramec,OK
19896,Marble City,OK
19897,Marietta,OK
19898,Marland,OK
19899,Marlow,OK
19900,Marshall,OK
19901,Martha,OK
19902,Maud,OK
19903,May,OK
19904,Maysville,OK
19905,Mcalester,OK
19906,Mccurtain,OK
19907,Mcloud,OK
19908,Mead,OK
19909,Medford,OK
19910,Medicine Park,OK
19911,Meeker,OK
19912,Meno,OK
19913,Meridian,OK
19914,Miami,OK
19915,Midwest City,OK
19916,Milburn,OK
19917,Milfay,OK
19918,Mill Creek,OK
19919,Millerton,OK
19920,Minco,OK
19921,Moffett,OK
19922,Monroe,OK
19923,Moore,OK
19924,Mooreland,OK
19925,Morris,OK
19926,Morrison,OK
19927,Mounds,OK
19928,Mountain Park,OK
19929,Mountain View,OK
19930,Moyers,OK
19931,Muldrow,OK
19932,Mulhall,OK
19933,Muse,OK
19934,Muskogee,OK
19935,Mustang,OK
19936,Mutual,OK
19937,Nardin,OK
19938,Nash,OK
19939,Nashoba,OK
19940,Newalla,OK
19941,Newcastle,OK
19942,Newkirk,OK
19943,Nicoma Park,OK
19944,Ninnekah,OK
19945,Noble,OK
19946,Norman,OK
19947,North Miami,OK
19948,Nowata,OK
19949,Oakhurst,OK
19950,Oaks,OK
19951,Oakwood,OK
19952,Ochelata,OK
19953,Oilton,OK
19954,Okarche,OK
19955,Okay,OK
19956,Okeene,OK
19957,Okemah,OK
19958,Oklahoma City,OK
19959,Okmulgee,OK
19960,Oktaha,OK
19961,Olustee,OK
19962,Omega,OK
19963,Oologah,OK
19964,Orlando,OK
19965,Osage,OK
19966,Overbrook,OK
19967,Owasso,OK
19968,Paden,OK
19969,Panama,OK
19970,Paoli,OK
19971,Park Hill,OK
19972,Pauls Valley,OK
19973,Pawhuska,OK
19974,Pawnee,OK
19975,Peggs,OK
19976,Perkins,OK
19977,Perry,OK
19978,Picher,OK
19979,Piedmont,OK
19980,Pittsburg,OK
19981,Platter,OK
19982,Pocasset,OK
19983,Pocola,OK
19984,Ponca City,OK
19985,Pond Creek,OK
19986,Porter,OK
19987,Porum,OK
19988,Poteau,OK
19989,Prague,OK
19990,Preston,OK
19991,Proctor,OK
19992,Prue,OK
19993,Pryor,OK
19994,Purcell,OK
19995,Putnam,OK
19996,Quapaw,OK
19997,Quinton,OK
19998,Ralston,OK
19999,Ramona,OK
20000,Randlett,OK
20001,Ratliff City,OK
20002,Rattan,OK
20003,Ravia,OK
20004,Red Oak,OK
20005,Red Rock,OK
20006,Redbird,OK
20007,Rentiesville,OK
20008,Reydon,OK
20009,Ringling,OK
20010,Ringold,OK
20011,Ringwood,OK
20012,Ripley,OK
20013,Rocky,OK
20014,Roff,OK
20015,Roland,OK
20016,Roosevelt,OK
20017,Rose,OK
20018,Rosston,OK
20019,Rufe,OK
20020,Rush Springs,OK
20021,Ryan,OK
20022,S Coffeyville,OK
20023,Saint Louis,OK
20024,Salina,OK
20025,Sallisaw,OK
20026,Sand Springs,OK
20027,Sapulpa,OK
20028,Sasakwa,OK
20029,Savanna,OK
20030,Sawyer,OK
20031,Sayre,OK
20032,Schulter,OK
20033,Seiling,OK
20034,Seminole,OK
20035,Sentinel,OK
20036,Shady Point,OK
20037,Shamrock,OK
20038,Sharon,OK
20039,Shattuck,OK
20040,Shawnee,OK
20041,Shidler,OK
20042,Skiatook,OK
20043,Slick,OK
20044,Smithville,OK
20045,Snow,OK
20046,Snyder,OK
20047,Soper,OK
20048,Southard,OK
20049,Sparks,OK
20050,Spavinaw,OK
20051,Spencer,OK
20052,Spencerville,OK
20053,Sperry,OK
20054,Spiro,OK
20055,Springer,OK
20056,Sterling,OK
20057,Stigler,OK
20058,Stillwater,OK
20059,Stilwell,OK
20060,Stonewall,OK
20061,Strang,OK
20062,Stratford,OK
20063,Stringtown,OK
20064,Stroud,OK
20065,Stuart,OK
20066,Sulphur,OK
20067,Sweetwater,OK
20068,Swink,OK
20069,Taft,OK
20070,Tahlequah,OK
20071,Talala,OK
20072,Talihina,OK
20073,Taloga,OK
20074,Tatums,OK
20075,Tecumseh,OK
20076,Temple,OK
20077,Terlton,OK
20078,Terral,OK
20079,Texhoma,OK
20080,Texola,OK
20081,Thackerville,OK
20082,Thomas,OK
20083,Tipton,OK
20084,Tishomingo,OK
20085,Tonkawa,OK
20086,Tryon,OK
20087,Tulsa,OK
20088,Tupelo,OK
20089,Turpin,OK
20090,Tuskahoma,OK
20091,Tussy,OK
20092,Tuttle,OK
20093,Twin Oaks,OK
20094,Tyrone,OK
20095,Union City,OK
20096,Valliant,OK
20097,Velma,OK
20098,Vera,OK
20099,Verden,OK
20100,Vian,OK
20101,Vici,OK
20102,Vinita,OK
20103,Vinson,OK
20104,Wagoner,OK
20105,Wainwright,OK
20106,Wakita,OK
20107,Walters,OK
20108,Wanette,OK
20109,Wann,OK
20110,Wapanucka,OK
20111,Wardville,OK
20112,Warner,OK
20113,Washington,OK
20114,Watonga,OK
20115,Watson,OK
20116,Watts,OK
20117,Waukomis,OK
20118,Waurika,OK
20119,Wayne,OK
20120,Waynoka,OK
20121,Weatherford,OK
20122,Webbers Falls,OK
20123,Welch,OK
20124,Weleetka,OK
20125,Welling,OK
20126,Wellston,OK
20127,Westville,OK
20128,Wetumka,OK
20129,Wewoka,OK
20130,Wheatland,OK
20131,Whitefield,OK
20132,Whitesboro,OK
20133,Wilburton,OK
20134,Willow,OK
20135,Wilson,OK
20136,Wister,OK
20137,Woodward,OK
20138,Wright City,OK
20139,Wyandotte,OK
20140,Wynnewood,OK
20141,Wynona,OK
20142,Yale,OK
20143,Yukon,OK
20144,Adams,OR
20145,Adel,OR
20146,Adrian,OR
20147,Agness,OR
20148,Albany,OR
20149,Aloha,OR
20150,Alsea,OR
20151,Amity,OR
20152,Antelope,OR
20153,Arch Cape,OR
20154,Arlington,OR
20155,Arock,OR
20156,Ashland,OR
20157,Ashwood,OR
20158,Astoria,OR
20159,Athena,OR
20160,Aumsville,OR
20161,Aurora,OR
20162,Azalea,OR
20163,Baker City,OR
20164,Bandon,OR
20165,Banks,OR
20166,Bates,OR
20167,Bay City,OR
20168,Beatty,OR
20169,Beaver,OR
20170,Beavercreek,OR
20171,Beaverton,OR
20172,Bend,OR
20173,Blachly,OR
20174,Blodgett,OR
20175,Blue River,OR
20176,Bly,OR
20177,Boardman,OR
20178,Bonanza,OR
20179,Boring,OR
20180,Bridgeport,OR
20181,Brightwood,OR
20182,Broadbent,OR
20183,Brogan,OR
20184,Brookings,OR
20185,Brothers,OR
20186,Brownsville,OR
20187,Burns,OR
20188,Butte Falls,OR
20189,Buxton,OR
20190,Camas Valley,OR
20191,Camp Sherman,OR
20192,Canby,OR
20193,Cannon Beach,OR
20194,Canyon City,OR
20195,Canyonville,OR
20196,Carlton,OR
20197,Cascade Locks,OR
20198,Cascadia,OR
20199,Cave Junction,OR
20200,Central Point,OR
20201,Chemult,OR
20202,Cheshire,OR
20203,Chiloquin,OR
20204,Christmas Valley,OR
20205,Clackamas,OR
20206,Clatskanie,OR
20207,Cloverdale,OR
20208,Colton,OR
20209,Columbia City,OR
20210,Condon,OR
20211,Coos Bay,OR
20212,Coquille,OR
20213,Corbett,OR
20214,Cornelius,OR
20215,Corvallis,OR
20216,Cottage Grove,OR
20217,Cove,OR
20218,Crabtree,OR
20219,Crane,OR
20220,Crater Lake,OR
20221,Crawfordsville,OR
20222,Crescent,OR
20223,Creswell,OR
20224,Culver,OR
20225,Dairy,OR
20226,Dallas,OR
20227,Damascus,OR
20228,Days Creek,OR
20229,Dayton,OR
20230,Dayville,OR
20231,Deadwood,OR
20232,Deer Island,OR
20233,Depoe Bay,OR
20234,Detroit,OR
20235,Dexter,OR
20236,Diamond,OR
20237,Dillard,OR
20238,Donald,OR
20239,Dorena,OR
20240,Drain,OR
20241,Drewsey,OR
20242,Dufur,OR
20243,Dundee,OR
20244,Durkee,OR
20245,Eagle Creek,OR
20246,Eagle Point,OR
20247,Echo,OR
20248,Eddyville,OR
20249,Elgin,OR
20250,Elkton,OR
20251,Elmira,OR
20252,Enterprise,OR
20253,Estacada,OR
20254,Eugene,OR
20255,Fairview,OR
20256,Fall Creek,OR
20257,Falls City,OR
20258,Fields,OR
20259,Florence,OR
20260,Forest Grove,OR
20261,Fort Klamath,OR
20262,Fort Rock,OR
20263,Fossil,OR
20264,Foster,OR
20265,Frenchglen,OR
20266,Gales Creek,OR
20267,Gardiner,OR
20268,Garibaldi,OR
20269,Gaston,OR
20270,Gates,OR
20271,Gervais,OR
20272,Gilchrist,OR
20273,Gladstone,OR
20274,Glendale,OR
20275,Gleneden Beach,OR
20276,Glide,OR
20277,Gold Beach,OR
20278,Gold Hill,OR
20279,Government Camp,OR
20280,Grand Ronde,OR
20281,Grants Pass,OR
20282,Grass Valley,OR
20283,Gresham,OR
20284,Haines,OR
20285,Halfway,OR
20286,Halsey,OR
20287,Hammond,OR
20288,Happy Valley,OR
20289,Harper,OR
20290,Harrisburg,OR
20291,Hebo,OR
20292,Helix,OR
20293,Heppner,OR
20294,Hereford,OR
20295,Hermiston,OR
20296,Hillsboro,OR
20297,Hines,OR
20298,Hood River,OR
20299,Hubbard,OR
20300,Huntington,OR
20301,Idanha,OR
20302,Idleyld Park,OR
20303,Imbler,OR
20304,Imnaha,OR
20305,Independence,OR
20306,Ione,OR
20307,Ironside,OR
20308,Irrigon,OR
20309,Jacksonville,OR
20310,Jamieson,OR
20311,Jefferson,OR
20312,John Day,OR
20313,Jordan Valley,OR
20314,Joseph,OR
20315,Junction City,OR
20316,Juntura,OR
20317,Keizer,OR
20318,Keno,OR
20319,Kent,OR
20320,Kerby,OR
20321,Kimberly,OR
20322,Klamath Falls,OR
20323,La Grande,OR
20324,La Pine,OR
20325,Lafayette,OR
20326,Lake Oswego,OR
20327,Lakeside,OR
20328,Lakeview,OR
20329,Langlois,OR
20330,Lebanon,OR
20331,Lexington,OR
20332,Lincoln City,OR
20333,Logsden,OR
20334,Long Creek,OR
20335,Lorane,OR
20336,Lostine,OR
20337,Lowell,OR
20338,Lyons,OR
20339,Madras,OR
20340,Malin,OR
20341,Manning,OR
20342,Manzanita,OR
20343,Mapleton,OR
20344,Marcola,OR
20345,Maupin,OR
20346,Mcminnville,OR
20347,Meacham,OR
20348,Medford,OR
20349,Mehama,OR
20350,Merlin,OR
20351,Merrill,OR
20352,Midland,OR
20353,Mill City,OR
20354,Milton Freewater,OR
20355,Milwaukie,OR
20356,Mitchell,OR
20357,Molalla,OR
20358,Monmouth,OR
20359,Monroe,OR
20360,Monument,OR
20361,Moro,OR
20362,Mosier,OR
20363,Mount Angel,OR
20364,Mount Hood Parkdale,OR
20365,Mount Vernon,OR
20366,Mulino,OR
20367,Myrtle Creek,OR
20368,Myrtle Point,OR
20369,Nehalem,OR
20370,Neotsu,OR
20371,Neskowin,OR
20372,New Pine Creek,OR
20373,Newberg,OR
20374,Newport,OR
20375,North Bend,OR
20376,North Plains,OR
20377,North Powder,OR
20378,Noti,OR
20379,Nyssa,OR
20380,O'Brien,OR
20381,Oakland,OR
20382,Oakridge,OR
20383,Oceanside,OR
20384,Ontario,OR
20385,Oregon City,OR
20386,Otis,OR
20387,Otter Rock,OR
20388,Oxbow,OR
20389,Pacific City,OR
20390,Paisley,OR
20391,Paulina,OR
20392,Pendleton,OR
20393,Philomath,OR
20394,Phoenix,OR
20395,Pilot Rock,OR
20396,Pleasant Hill,OR
20397,Plush,OR
20398,Port Orford,OR
20399,Portland,OR
20400,Post,OR
20401,Powell Butte,OR
20402,Powers,OR
20403,Prairie City,OR
20404,Princeton,OR
20405,Prineville,OR
20406,Prospect,OR
20407,Rainier,OR
20408,Redmond,OR
20409,Reedsport,OR
20410,Rhododendron,OR
20411,Richland,OR
20412,Rickreall,OR
20413,Riddle,OR
20414,Riley,OR
20415,Riverside,OR
20416,Rockaway Beach,OR
20417,Rogue River,OR
20418,Roseburg,OR
20419,Rufus,OR
20420,Saint Benedict,OR
20421,Saint Helens,OR
20422,Saint Paul,OR
20423,Salem,OR
20424,Sandy,OR
20425,Scappoose,OR
20426,Scio,OR
20427,Scotts Mills,OR
20428,Scottsburg,OR
20429,Seal Rock,OR
20430,Seaside,OR
20431,Selma,OR
20432,Seneca,OR
20433,Shady Cove,OR
20434,Shaniko,OR
20435,Shedd,OR
20436,Sheridan,OR
20437,Sherwood,OR
20438,Siletz,OR
20439,Silver Lake,OR
20440,Silverton,OR
20441,Sisters,OR
20442,Sixes,OR
20443,South Beach,OR
20444,Sprague River,OR
20445,Spray,OR
20446,Springfield,OR
20447,Stanfield,OR
20448,Stayton,OR
20449,Sublimity,OR
20450,Summer Lake,OR
20451,Summerville,OR
20452,Sumpter,OR
20453,Sutherlin,OR
20454,Sweet Home,OR
20455,Swisshome,OR
20456,Talent,OR
20457,Tangent,OR
20458,Tenmile,OR
20459,Terrebonne,OR
20460,The Dalles,OR
20461,Tidewater,OR
20462,Tigard,OR
20463,Tillamook,OR
20464,Tiller,OR
20465,Timber,OR
20466,Toledo,OR
20467,Tolovana Park,OR
20468,Trail,OR
20469,Troutdale,OR
20470,Tualatin,OR
20471,Turner,OR
20472,Tygh Valley,OR
20473,Ukiah,OR
20474,Umatilla,OR
20475,Umpqua,OR
20476,Union,OR
20477,Unity,OR
20478,Vale,OR
20479,Veneta,OR
20480,Vernonia,OR
20481,Vida,OR
20482,Waldport,OR
20483,Wallowa,OR
20484,Walterville,OR
20485,Walton,OR
20486,Warm Springs,OR
20487,Warren,OR
20488,Warrenton,OR
20489,Wasco,OR
20490,Welches,OR
20491,West Linn,OR
20492,Westfall,OR
20493,Westfir,OR
20494,Westlake,OR
20495,Weston,OR
20496,Wheeler,OR
20497,White City,OR
20498,Wilbur,OR
20499,Wilderville,OR
20500,Willamina,OR
20501,Williams,OR
20502,Wilsonville,OR
20503,Winchester,OR
20504,Winston,OR
20505,Wolf Creek,OR
20506,Woodburn,OR
20507,Yachats,OR
20508,Yamhill,OR
20509,Yoncalla,OR
20510,Aaronsburg,PA
20511,Abbottstown,PA
20512,Abington,PA
20513,Acme,PA
20514,Acosta,PA
20515,Adah,PA
20516,Adamsburg,PA
20517,Adamstown,PA
20518,Adamsville,PA
20519,Addison,PA
20520,Adrian,PA
20521,Airville,PA
20522,Akron,PA
20523,Alba,PA
20524,Albion,PA
20525,Albrightsville,PA
20526,Alburtis,PA
20527,Aleppo,PA
20528,Alexandria,PA
20529,Aliquippa,PA
20530,Allenport,PA
20531,Allensville,PA
20532,Allentown,PA
20533,Allenwood,PA
20534,Allison,PA
20535,Allison Park,PA
20536,Allport,PA
20537,Altoona,PA
20538,Alum Bank,PA
20539,Alverda,PA
20540,Alverton,PA
20541,Amberson,PA
20542,Ambler,PA
20543,Ambridge,PA
20544,Amity,PA
20545,Andreas,PA
20546,Anita,PA
20547,Annville,PA
20548,Antes Fort,PA
20549,Apollo,PA
20550,Aquashicola,PA
20551,Arcadia,PA
20552,Archbald,PA
20553,Ardara,PA
20554,Ardmore,PA
20555,Arendtsville,PA
20556,Aristes,PA
20557,Armagh,PA
20558,Armbrust,PA
20559,Arnot,PA
20560,Arona,PA
20561,Artemas,PA
20562,Ashfield,PA
20563,Ashland,PA
20564,Ashville,PA
20565,Aspers,PA
20566,Aston,PA
20567,Atglen,PA
20568,Athens,PA
20569,Atlantic,PA
20570,Atlasburg,PA
20571,Auburn,PA
20572,Audubon,PA
20573,Aultman,PA
20574,Austin,PA
20575,Avella,PA
20576,Avis,PA
20577,Avondale,PA
20578,Avonmore,PA
20579,Baden,PA
20580,Bainbridge,PA
20581,Bairdford,PA
20582,Bakerstown,PA
20583,Bala Cynwyd,PA
20584,Bally,PA
20585,Bangor,PA
20586,Barnesville,PA
20587,Barto,PA
20588,Bartonsville,PA
20589,Bath,PA
20590,Bausman,PA
20591,Beach Lake,PA
20592,Beallsville,PA
20593,Bear Creek,PA
20594,Bear Lake,PA
20595,Beaver,PA
20596,Beaver Falls,PA
20597,Beaver Meadows,PA
20598,Beaver Springs,PA
20599,Beaverdale,PA
20600,Beavertown,PA
20601,Beccaria,PA
20602,Bechtelsville,PA
20603,Bedford,PA
20604,Beech Creek,PA
20605,Belle Vernon,PA
20606,Bellefonte,PA
20607,Belleville,PA
20608,Bellwood,PA
20609,Belsano,PA
20610,Bendersville,PA
20611,Benezett,PA
20612,Bensalem,PA
20613,Bentleyville,PA
20614,Benton,PA
20615,Berlin,PA
20616,Bernville,PA
20617,Berrysburg,PA
20618,Berwick,PA
20619,Berwyn,PA
20620,Bessemer,PA
20621,Bethel,PA
20622,Bethel Park,PA
20623,Bethlehem,PA
20624,Beyer,PA
20625,Big Cove Tannery,PA
20626,Big Run,PA
20627,Bigler,PA
20628,Biglerville,PA
20629,Bird In Hand,PA
20630,Birdsboro,PA
20631,Black Lick,PA
20632,Blain,PA
20633,Blairs Mills,PA
20634,Blairsville,PA
20635,Blakeslee,PA
20636,Blanchard,PA
20637,Blandburg,PA
20638,Blandon,PA
20639,Bloomsburg,PA
20640,Blossburg,PA
20641,Blue Ball,PA
20642,Blue Bell,PA
20643,Blue Ridge Summit,PA
20644,Boalsburg,PA
20645,Bobtown,PA
20646,Boiling Springs,PA
20647,Bolivar,PA
20648,Boswell,PA
20649,Bovard,PA
20650,Bowers,PA
20651,Bowmanstown,PA
20652,Bowmansville,PA
20653,Boyers,PA
20654,Boyertown,PA
20655,Boynton,PA
20656,Brackenridge,PA
20657,Brackney,PA
20658,Braddock,PA
20659,Bradenville,PA
20660,Bradford,PA
20661,Bradfordwoods,PA
20662,Branchdale,PA
20663,Brandamore,PA
20664,Brave,PA
20665,Breezewood,PA
20666,Breinigsville,PA
20667,Bridgeport,PA
20668,Bridgeville,PA
20669,Brisbin,PA
20670,Bristol,PA
20671,Broad Top,PA
20672,Brockport,PA
20673,Brockton,PA
20674,Brockway,PA
20675,Brodheadsville,PA
20676,Brogue,PA
20677,Brookhaven,PA
20678,Brookville,PA
20679,Broomall,PA
20680,Brownfield,PA
20681,Brownstown,PA
20682,Brownsville,PA
20683,Bruin,PA
20684,Brush Valley,PA
20685,Bryn Athyn,PA
20686,Bryn Mawr,PA
20687,Buck Hill Falls,PA
20688,Buckingham,PA
20689,Buena Vista,PA
20690,Buffalo Mills,PA
20691,Bulger,PA
20692,Bunola,PA
20693,Burgettstown,PA
20694,Burlington,PA
20695,Burnham,PA
20696,Burnside,PA
20697,Burnt Cabins,PA
20698,Bushkill,PA
20699,Butler,PA
20700,Byrnedale,PA
20701,Cabot,PA
20702,Cadogan,PA
20703,Cairnbrook,PA
20704,California,PA
20705,Callensburg,PA
20706,Callery,PA
20707,Calvin,PA
20708,Cambridge Springs,PA
20709,Cammal,PA
20710,Camp Hill,PA
20711,Campbelltown,PA
20712,Canadensis,PA
20713,Canonsburg,PA
20714,Canton,PA
20715,Carbondale,PA
20716,Cardale,PA
20717,Carlisle,PA
20718,Carlton,PA
20719,Carmichaels,PA
20720,Carnegie,PA
20721,Carrolltown,PA
20722,Carversville,PA
20723,Cassandra,PA
20724,Cassville,PA
20725,Catasauqua,PA
20726,Catawissa,PA
20727,Cecil,PA
20728,Cedar Run,PA
20729,Center Valley,PA
20730,Centerport,PA
20731,Centerville,PA
20732,Central City,PA
20733,Centre Hall,PA
20734,Chadds Ford,PA
20735,Chalfont,PA
20736,Chalk Hill,PA
20737,Chambersburg,PA
20738,Chambersville,PA
20739,Champion,PA
20740,Chandlers Valley,PA
20741,Charleroi,PA
20742,Cheltenham,PA
20743,Cherry Tree,PA
20744,Cherryville,PA
20745,Chest Springs,PA
20746,Chester,PA
20747,Chester Heights,PA
20748,Chester Springs,PA
20749,Chestnut Ridge,PA
20750,Cheswick,PA
20751,Cheyney,PA
20752,Chicora,PA
20753,Christiana,PA
20754,Clairton,PA
20755,Clarence,PA
20756,Clarendon,PA
20757,Claridge,PA
20758,Clarington,PA
20759,Clarion,PA
20760,Clark,PA
20761,Clarks Mills,PA
20762,Clarks Summit,PA
20763,Clarksburg,PA
20764,Clarksville,PA
20765,Claysburg,PA
20766,Claysville,PA
20767,Clearfield,PA
20768,Clearville,PA
20769,Clifford,PA
20770,Clifton Heights,PA
20771,Clinton,PA
20772,Clintonville,PA
20773,Clune,PA
20774,Clymer,PA
20775,Coal Center,PA
20776,Coal Township,PA
20777,Coaldale,PA
20778,Coalport,PA
20779,Coatesville,PA
20780,Coburn,PA
20781,Cochranton,PA
20782,Cochranville,PA
20783,Cocolamus,PA
20784,Codorus,PA
20785,Cogan Station,PA
20786,Cokeburg,PA
20787,Collegeville,PA
20788,Colmar,PA
20789,Columbia,PA
20790,Columbia Cross Roads,PA
20791,Columbus,PA
20792,Colver,PA
20793,Commodore,PA
20794,Concord,PA
20795,Conestoga,PA
20796,Confluence,PA
20797,Conneaut Lake,PA
20798,Conneautville,PA
20799,Connellsville,PA
20800,Connoquenessing,PA
20801,Conshohocken,PA
20802,Conway,PA
20803,Conyngham,PA
20804,Cooksburg,PA
20805,Coolspring,PA
20806,Coopersburg,PA
20807,Cooperstown,PA
20808,Coplay,PA
20809,Coral,PA
20810,Coraopolis,PA
20811,Cornwall,PA
20812,Corry,PA
20813,Corsica,PA
20814,Coudersport,PA
20815,Coulters,PA
20816,Covington,PA
20817,Cowansville,PA
20818,Crabtree,PA
20819,Cranberry,PA
20820,Cranberry Township,PA
20821,Cranesville,PA
20822,Creekside,PA
20823,Creighton,PA
20824,Crescent,PA
20825,Cresco,PA
20826,Cresson,PA
20827,Cressona,PA
20828,Crosby,PA
20829,Cross Fork,PA
20830,Crown,PA
20831,Croydon,PA
20832,Crucible,PA
20833,Crum Lynne,PA
20834,Crystal Spring,PA
20835,Cuddy,PA
20836,Cumbola,PA
20837,Curryville,PA
20838,Curwensville,PA
20839,Custer City,PA
20840,Cyclone,PA
20841,Dagus Mines,PA
20842,Daisytown,PA
20843,Dallas,PA
20844,Dallastown,PA
20845,Dalmatia,PA
20846,Dalton,PA
20847,Damascus,PA
20848,Danielsville,PA
20849,Danville,PA
20850,Darby,PA
20851,Darlington,PA
20852,Darragh,PA
20853,Dauphin,PA
20854,Davidsville,PA
20855,Dawson,PA
20856,Dayton,PA
20857,De Lancey,PA
20858,Defiance,PA
20859,Delano,PA
20860,Delaware Water Gap,PA
20861,Delmont,PA
20862,Delta,PA
20863,Denbo,PA
20864,Denver,PA
20865,Derrick City,PA
20866,Derry,PA
20867,Devon,PA
20868,Dewart,PA
20869,Dickerson Run,PA
20870,Dilliner,PA
20871,Dillsburg,PA
20872,Dilltown,PA
20873,Dimock,PA
20874,Dingmans Ferry,PA
20875,Distant,PA
20876,Dixonville,PA
20877,Donegal,PA
20878,Donora,PA
20879,Dornsife,PA
20880,Douglassville,PA
20881,Dover,PA
20882,Downingtown,PA
20883,Doylesburg,PA
20884,Doylestown,PA
20885,Dravosburg,PA
20886,Dresher,PA
20887,Drexel Hill,PA
20888,Drifting,PA
20889,Drifton,PA
20890,Driftwood,PA
20891,Drumore,PA
20892,Drums,PA
20893,Dry Run,PA
20894,Du Bois,PA
20895,Dublin,PA
20896,Dudley,PA
20897,Duke Center,PA
20898,Dunbar,PA
20899,Duncannon,PA
20900,Duncansville,PA
20901,Dunlevy,PA
20902,Dunlo,PA
20903,Duquesne,PA
20904,Duryea,PA
20905,Dushore,PA
20906,Dysart,PA
20907,Eagles Mere,PA
20908,East Berlin,PA
20909,East Brady,PA
20910,East Butler,PA
20911,East Earl,PA
20912,East Freedom,PA
20913,East Greenville,PA
20914,East Hickory,PA
20915,East McKeesport,PA
20916,East Millsboro,PA
20917,East Petersburg,PA
20918,East Pittsburgh,PA
20919,East Prospect,PA
20920,East Smethport,PA
20921,East Smithfield,PA
20922,East Springfield,PA
20923,East Stroudsburg,PA
20924,East Texas,PA
20925,East Vandergrift,PA
20926,East Waterford,PA
20927,Easton,PA
20928,Eau Claire,PA
20929,Ebensburg,PA
20930,Ebervale,PA
20931,Edinboro,PA
20932,Edinburg,PA
20933,Effort,PA
20934,Eighty Four,PA
20935,Elco,PA
20936,Elderton,PA
20937,Eldred,PA
20938,Elizabeth,PA
20939,Elizabethtown,PA
20940,Elizabethville,PA
20941,Elkins Park,PA
20942,Elkland,PA
20943,Elliottsburg,PA
20944,Ellsworth,PA
20945,Ellwood City,PA
20946,Elmora,PA
20947,Elrama,PA
20948,Elton,PA
20949,Elverson,PA
20950,Elysburg,PA
20951,Emeigh,PA
20952,Emigsville,PA
20953,Emlenton,PA
20954,Emmaus,PA
20955,Emporium,PA
20956,Endeavor,PA
20957,Enola,PA
20958,Enon Valley,PA
20959,Entriken,PA
20960,Ephrata,PA
20961,Equinunk,PA
20962,Erie,PA
20963,Ernest,PA
20964,Erwinna,PA
20965,Essington,PA
20966,Etters,PA
20967,Evans City,PA
20968,Everett,PA
20969,Everson,PA
20970,Export,PA
20971,Exton,PA
20972,Factoryville,PA
20973,Fairbank,PA
20974,Fairchance,PA
20975,Fairfield,PA
20976,Fairhope,PA
20977,Fairless Hills,PA
20978,Fairmount City,PA
20979,Fairview,PA
20980,Fallentimber,PA
20981,Falls,PA
20982,Falls Creek,PA
20983,Fannettsburg,PA
20984,Farmington,PA
20985,Farrell,PA
20986,Fawn Grove,PA
20987,Fayette City,PA
20988,Fayetteville,PA
20989,Feasterville Trevose,PA
20990,Felton,PA
20991,Fenelton,PA
20992,Ferndale,PA
20993,Finleyville,PA
20994,Fishertown,PA
20995,Fleetville,PA
20996,Fleetwood,PA
20997,Fleming,PA
20998,Flinton,PA
20999,Flourtown,PA
21000,Fogelsville,PA
21001,Folcroft,PA
21002,Folsom,PA
21003,Fombell,PA
21004,Forbes Road,PA
21005,Force,PA
21006,Ford City,PA
21007,Ford Cliff,PA
21008,Forest City,PA
21009,Forestville,PA
21010,Forksville,PA
21011,Fort Hill,PA
21012,Fort Littleton,PA
21013,Fort Loudon,PA
21014,Fort Washington,PA
21015,Fountainville,PA
21016,Foxburg,PA
21017,Frackville,PA
21018,Franklin,PA
21019,Franklintown,PA
21020,Frederick,PA
21021,Fredericksburg,PA
21022,Fredericktown,PA
21023,Fredonia,PA
21024,Freeburg,PA
21025,Freedom,PA
21026,Freeland,PA
21027,Freeport,PA
21028,Frenchville,PA
21029,Friedens,PA
21030,Friedensburg,PA
21031,Friendsville,PA
21032,Fryburg,PA
21033,Furlong,PA
21034,Gaines,PA
21035,Galeton,PA
21036,Gallitzin,PA
21037,Gap,PA
21038,Garards Fort,PA
21039,Gardners,PA
21040,Garland,PA
21041,Garnet Valley,PA
21042,Garrett,PA
21043,Geigertown,PA
21044,Genesee,PA
21045,Georgetown,PA
21046,Germansville,PA
21047,Gettysburg,PA
21048,Gibbon Glade,PA
21049,Gibson,PA
21050,Gibsonia,PA
21051,Gifford,PA
21052,Gilbert,PA
21053,Gilberton,PA
21054,Gilbertsville,PA
21055,Gillett,PA
21056,Gipsy,PA
21057,Girard,PA
21058,Girardville,PA
21059,Gladwyne,PA
21060,Glassport,PA
21061,Glen Campbell,PA
21062,Glen Hope,PA
21063,Glen Lyon,PA
21064,Glen Mills,PA
21065,Glen Richey,PA
21066,Glen Rock,PA
21067,Glenmoore,PA
21068,Glenolden,PA
21069,Glenshaw,PA
21070,Glenside,PA
21071,Glenville,PA
21072,Gordon,PA
21073,Gordonville,PA
21074,Gouldsboro,PA
21075,Grampian,PA
21076,Grand Valley,PA
21077,Grantham,PA
21078,Grantville,PA
21079,Granville,PA
21080,Granville Summit,PA
21081,Grapeville,PA
21082,Grassflat,PA
21083,Gratz,PA
21084,Gray,PA
21085,Graysville,PA
21086,Great Bend,PA
21087,Greeley,PA
21088,Green Lane,PA
21089,Greencastle,PA
21090,Greenock,PA
21091,Greensboro,PA
21092,Greensburg,PA
21093,Greentown,PA
21094,Greenville,PA
21095,Grindstone,PA
21096,Grove City,PA
21097,Guys Mills,PA
21098,Gwynedd,PA
21099,Gwynedd Valley,PA
21100,Hadley,PA
21101,Halifax,PA
21102,Hallstead,PA
21103,Hamburg,PA
21104,Hamilton,PA
21105,Hannastown,PA
21106,Hanover,PA
21107,Harborcreek,PA
21108,Harford,PA
21109,Harleigh,PA
21110,Harleysville,PA
21111,Harmonsburg,PA
21112,Harmony,PA
21113,Harrisburg,PA
21114,Harrison City,PA
21115,Harrison Valley,PA
21116,Harrisonville,PA
21117,Harrisville,PA
21118,Hartleton,PA
21119,Hartstown,PA
21120,Harveys Lake,PA
21121,Harwick,PA
21122,Hastings,PA
21123,Hatboro,PA
21124,Hatfield,PA
21125,Haverford,PA
21126,Havertown,PA
21127,Hawk Run,PA
21128,Hawley,PA
21129,Hawthorn,PA
21130,Hazel Hurst,PA
21131,Hazleton,PA
21132,Hegins,PA
21133,Heilwood,PA
21134,Hellertown,PA
21135,Henryville,PA
21136,Hereford,PA
21137,Herminie,PA
21138,Hermitage,PA
21139,Herndon,PA
21140,Herrick Center,PA
21141,Hershey,PA
21142,Hesston,PA
21143,Hibbs,PA
21144,Hickory,PA
21145,Hidden Valley,PA
21146,Highspire,PA
21147,Hiller,PA
21148,Hilliards,PA
21149,Hillsdale,PA
21150,Hillsgrove,PA
21151,Hillsville,PA
21152,Hilltown,PA
21153,Holbrook,PA
21154,Hollidaysburg,PA
21155,Hollsopple,PA
21156,Holmes,PA
21157,Holtwood,PA
21158,Home,PA
21159,Homer City,PA
21160,Homestead,PA
21161,Honesdale,PA
21162,Honey Brook,PA
21163,Honey Grove,PA
21164,Hookstown,PA
21165,Hooversville,PA
21166,Hop Bottom,PA
21167,Hopewell,PA
21168,Hopwood,PA
21169,Horsham,PA
21170,Hostetter,PA
21171,Houston,PA
21172,Houtzdale,PA
21173,Howard,PA
21174,Hughesville,PA
21175,Hummelstown,PA
21176,Hunker,PA
21177,Hunlock Creek,PA
21178,Huntingdon,PA
21179,Huntingdon Valley,PA
21180,Huntington Mills,PA
21181,Hustontown,PA
21182,Hutchinson,PA
21183,Hyde,PA
21184,Hyde Park,PA
21185,Hydetown,PA
21186,Hyndman,PA
21187,Ickesburg,PA
21188,Imler,PA
21189,Immaculata,PA
21190,Imperial,PA
21191,Indian Head,PA
21192,Indiana,PA
21193,Indianola,PA
21194,Industry,PA
21195,Intercourse,PA
21196,Irvine,PA
21197,Irvona,PA
21198,Irwin,PA
21199,Isabella,PA
21200,Jackson,PA
21201,Jackson Center,PA
21202,Jacobs Creek,PA
21203,James City,PA
21204,James Creek,PA
21205,Jamestown,PA
21206,Jamison,PA
21207,Jeannette,PA
21208,Jefferson,PA
21209,Jenkintown,PA
21210,Jenners,PA
21211,Jennerstown,PA
21212,Jermyn,PA
21213,Jerome,PA
21214,Jersey Mills,PA
21215,Jersey Shore,PA
21216,Jessup,PA
21217,Jim Thorpe,PA
21218,Joffre,PA
21219,Johnsonburg,PA
21220,Johnstown,PA
21221,Jones Mills,PA
21222,Jonestown,PA
21223,Josephine,PA
21224,Julian,PA
21225,Junedale,PA
21226,Kane,PA
21227,Karns City,PA
21228,Karthaus,PA
21229,Keisterville,PA
21230,Kelayres,PA
21231,Kempton,PA
21232,Kennerdell,PA
21233,Kennett Square,PA
21234,Kent,PA
21235,Kersey,PA
21236,Kimberton,PA
21237,King Of Prussia,PA
21238,Kingsley,PA
21239,Kingston,PA
21240,Kintnersville,PA
21241,Kinzers,PA
21242,Kirkwood,PA
21243,Kittanning,PA
21244,Kleinfeltersville,PA
21245,Klingerstown,PA
21246,Knox,PA
21247,Knox Dale,PA
21248,Knoxville,PA
21249,Koppel,PA
21250,Kossuth,PA
21251,Kresgeville,PA
21252,Kulpmont,PA
21253,Kunkletown,PA
21254,Kutztown,PA
21255,Kylertown,PA
21256,La Belle,PA
21257,La Jose,PA
21258,La Plume,PA
21259,Laceyville,PA
21260,Lackawaxen,PA
21261,Lafayette Hill,PA
21262,Lairdsville,PA
21263,Lake Ariel,PA
21264,Lake City,PA
21265,Lake Como,PA
21266,Lake Harmony,PA
21267,Lake Lynn,PA
21268,Lake Winola,PA
21269,Lakeville,PA
21270,Lakewood,PA
21271,Lamar,PA
21272,Lancaster,PA
21273,Landenberg,PA
21274,Landisburg,PA
21275,Landisville,PA
21276,Langeloth,PA
21277,Langhorne,PA
21278,Lansdale,PA
21279,Lansdowne,PA
21280,Lanse,PA
21281,Lansford,PA
21282,Laporte,PA
21283,Larimer,PA
21284,Latrobe,PA
21285,Lattimer Mines,PA
21286,Laughlintown,PA
21287,Laurelton,PA
21288,Laurys Station,PA
21289,Lavelle,PA
21290,Lawn,PA
21291,Lawrence,PA
21292,Lawrenceville,PA
21293,Lawton,PA
21294,Le Raysville,PA
21295,Lebanon,PA
21296,Leck Kill,PA
21297,Leckrone,PA
21298,Leechburg,PA
21299,Leeper,PA
21300,Leesport,PA
21301,Leetsdale,PA
21302,Lehighton,PA
21303,Lehman,PA
21304,Leisenring,PA
21305,Lemont,PA
21306,Lemont Furnace,PA
21307,Lemoyne,PA
21308,Lenhartsville,PA
21309,Lenni,PA
21310,Lenoxville,PA
21311,Leola,PA
21312,Levittown,PA
21313,Lewis Run,PA
21314,Lewisberry,PA
21315,Lewisburg,PA
21316,Lewistown,PA
21317,Liberty,PA
21318,Lickingville,PA
21319,Ligonier,PA
21320,Lilly,PA
21321,Limekiln,PA
21322,Limerick,PA
21323,Lincoln University,PA
21324,Linden,PA
21325,Line Lexington,PA
21326,Linesville,PA
21327,Lititz,PA
21328,Little Meadows,PA
21329,Littlestown,PA
21330,Liverpool,PA
21331,Llewellyn,PA
21332,Lock Haven,PA
21333,Locust Gap,PA
21334,Locustdale,PA
21335,Loganton,PA
21336,Loganville,PA
21337,Long Pond,PA
21338,Lopez,PA
21339,Loretto,PA
21340,Lost Creek,PA
21341,Lowber,PA
21342,Loyalhanna,PA
21343,Loysburg,PA
21344,Loysville,PA
21345,Lucernemines,PA
21346,Lucinda,PA
21347,Ludlow,PA
21348,Lumberville,PA
21349,Lurgan,PA
21350,Luthersburg,PA
21351,Luxor,PA
21352,Luzerne,PA
21353,Lykens,PA
21354,Lyndora,PA
21355,Lyon Station,PA
21356,Mackeyville,PA
21357,Macungie,PA
21358,Madera,PA
21359,Madison,PA
21360,Madisonburg,PA
21361,Mahaffey,PA
21362,Mahanoy City,PA
21363,Mahanoy Plane,PA
21364,Mainesburg,PA
21365,Malvern,PA
21366,Manchester,PA
21367,Manheim,PA
21368,Manns Choice,PA
21369,Manor,PA
21370,Manorville,PA
21371,Mansfield,PA
21372,Mapleton Depot,PA
21373,Mar Lin,PA
21374,Marble,PA
21375,Marcus Hook,PA
21376,Marianna,PA
21377,Marienville,PA
21378,Marietta,PA
21379,Marion,PA
21380,Marion Center,PA
21381,Marion Heights,PA
21382,Markleton,PA
21383,Markleysburg,PA
21384,Mars,PA
21385,Marshalls Creek,PA
21386,Marsteller,PA
21387,Martin,PA
21388,Martins Creek,PA
21389,Martinsburg,PA
21390,Mary D,PA
21391,Marysville,PA
21392,Masontown,PA
21393,Matamoras,PA
21394,Mather,PA
21395,Mattawana,PA
21396,Maxatawny,PA
21397,Mayport,PA
21398,Maytown,PA
21399,Mc Donald,PA
21400,Mc Kees Rocks,PA
21401,Mcadoo,PA
21402,McAlisterville,PA
21403,McClellandtown,PA
21404,McClure,PA
21405,McConnellsburg,PA
21406,McDonald,PA
21407,McElhattan,PA
21408,McEwensville,PA
21409,McGrann,PA
21410,McIntyre,PA
21411,McKean,PA
21412,McKees Rocks,PA
21413,Mckeesport,PA
21414,McKnightstown,PA
21415,McSherrystown,PA
21416,McVeytown,PA
21417,Meadow Lands,PA
21418,Meadville,PA
21419,Mechanicsburg,PA
21420,Media,PA
21421,Mehoopany,PA
21422,Melcroft,PA
21423,Mentcle,PA
21424,Mercer,PA
21425,Mercersburg,PA
21426,Merion Station,PA
21427,Merrittstown,PA
21428,Mertztown,PA
21429,Meshoppen,PA
21430,Mexico,PA
21431,Meyersdale,PA
21432,Middleburg,PA
21433,Middlebury Center,PA
21434,Middleport,PA
21435,Middletown,PA
21436,Midland,PA
21437,Midway,PA
21438,Mifflin,PA
21439,Mifflinburg,PA
21440,Mifflintown,PA
21441,Mifflinville,PA
21442,Milan,PA
21443,Milanville,PA
21444,Mildred,PA
21445,Milesburg,PA
21446,Milford,PA
21447,Milford Square,PA
21448,Mill Creek,PA
21449,Mill Hall,PA
21450,Mill Run,PA
21451,Mill Village,PA
21452,Millersburg,PA
21453,Millerstown,PA
21454,Millersville,PA
21455,Millerton,PA
21456,Millheim,PA
21457,Millmont,PA
21458,Millrift,PA
21459,Mills,PA
21460,Millsboro,PA
21461,Millville,PA
21462,Milnesville,PA
21463,Milroy,PA
21464,Milton,PA
21465,Mineral Point,PA
21466,Mineral Springs,PA
21467,Minersville,PA
21468,Mingoville,PA
21469,Modena,PA
21470,Mohnton,PA
21471,Mohrsville,PA
21472,Monaca,PA
21473,Monessen,PA
21474,Monongahela,PA
21475,Monroeton,PA
21476,Monroeville,PA
21477,Mont Alto,PA
21478,Mont Clare,PA
21479,Montandon,PA
21480,Montgomery,PA
21481,Montgomeryville,PA
21482,Montoursville,PA
21483,Montrose,PA
21484,Moosic,PA
21485,Morgan,PA
21486,Morgantown,PA
21487,Morris,PA
21488,Morris Run,PA
21489,Morrisdale,PA
21490,Morrisville,PA
21491,Morton,PA
21492,Moscow,PA
21493,Moshannon,PA
21494,Mount Aetna,PA
21495,Mount Bethel,PA
21496,Mount Braddock,PA
21497,Mount Carmel,PA
21498,Mount Gretna,PA
21499,Mount Holly Springs,PA
21500,Mount Jewett,PA
21501,Mount Joy,PA
21502,Mount Morris,PA
21503,Mount Pleasant,PA
21504,Mount Pleasant Mills,PA
21505,Mount Pocono,PA
21506,Mount Union,PA
21507,Mount Wolf,PA
21508,Mountain Top,PA
21509,Mountainhome,PA
21510,Mountville,PA
21511,Muir,PA
21512,Muncy,PA
21513,Muncy Valley,PA
21514,Munson,PA
21515,Murrysville,PA
21516,Muse,PA
21517,Myerstown,PA
21518,Nanticoke,PA
21519,Nanty Glo,PA
21520,Narberth,PA
21521,Narvon,PA
21522,Natrona Heights,PA
21523,Nazareth,PA
21524,Needmore,PA
21525,Neelyton,PA
21526,Neffs,PA
21527,Nelson,PA
21528,Nemacolin,PA
21529,Nescopeck,PA
21530,Nesquehoning,PA
21531,New Albany,PA
21532,New Alexandria,PA
21533,New Bedford,PA
21534,New Berlin,PA
21535,New Berlinville,PA
21536,New Bethlehem,PA
21537,New Bloomfield,PA
21538,New Brighton,PA
21539,New Buffalo,PA
21540,New Castle,PA
21541,New Columbia,PA
21542,New Cumberland,PA
21543,New Derry,PA
21544,New Eagle,PA
21545,New Enterprise,PA
21546,New Florence,PA
21547,New Freedom,PA
21548,New Freeport,PA
21549,New Galilee,PA
21550,New Geneva,PA
21551,New Germantown,PA
21552,New Holland,PA
21553,New Hope,PA
21554,New Kensington,PA
21555,New Milford,PA
21556,New Millport,PA
21557,New Oxford,PA
21558,New Paris,PA
21559,New Park,PA
21560,New Philadelphia,PA
21561,New Providence,PA
21562,New Ringgold,PA
21563,New Salem,PA
21564,New Stanton,PA
21565,New Tripoli,PA
21566,New Wilmington,PA
21567,Newburg,PA
21568,Newell,PA
21569,Newfoundland,PA
21570,Newmanstown,PA
21571,Newport,PA
21572,Newry,PA
21573,Newton Hamilton,PA
21574,Newtown,PA
21575,Newtown Square,PA
21576,Newville,PA
21577,Nicholson,PA
21578,Nicktown,PA
21579,Nineveh,PA
21580,Normalville,PA
21581,Norristown,PA
21582,North Apollo,PA
21583,North Bend,PA
21584,North East,PA
21585,North Springfield,PA
21586,North Versailles,PA
21587,North Wales,PA
21588,North Washington,PA
21589,Northampton,PA
21590,Northern Cambria,PA
21591,Northpoint,PA
21592,Northumberland,PA
21593,Norvelt,PA
21594,Norwood,PA
21595,Nottingham,PA
21596,Noxen,PA
21597,Nu Mine,PA
21598,Numidia,PA
21599,Nuremberg,PA
21600,Oak Ridge,PA
21601,Oakdale,PA
21602,Oakland Mills,PA
21603,Oakmont,PA
21604,Oaks,PA
21605,Ohiopyle,PA
21606,Oil City,PA
21607,Olanta,PA
21608,Old Forge,PA
21609,Oley,PA
21610,Oliveburg,PA
21611,Oliver,PA
21612,Olyphant,PA
21613,Oneida,PA
21614,Ono,PA
21615,Orangeville,PA
21616,Orbisonia,PA
21617,Orefield,PA
21618,Oreland,PA
21619,Orrstown,PA
21620,Orrtanna,PA
21621,Orviston,PA
21622,Orwigsburg,PA
21623,Osceola,PA
21624,Osceola Mills,PA
21625,Osterburg,PA
21626,Ottsville,PA
21627,Oxford,PA
21628,Palm,PA
21629,Palmerton,PA
21630,Palmyra,PA
21631,Paoli,PA
21632,Paradise,PA
21633,Parker,PA
21634,Parker Ford,PA
21635,Parkesburg,PA
21636,Parkhill,PA
21637,Parryville,PA
21638,Patton,PA
21639,Paupack,PA
21640,Paxinos,PA
21641,Paxtonville,PA
21642,Peach Bottom,PA
21643,Peckville,PA
21644,Pen Argyl,PA
21645,Penfield,PA
21646,Penn,PA
21647,Penn Run,PA
21648,Penns Creek,PA
21649,Pennsburg,PA
21650,Pennsylvania Furnace,PA
21651,Pequea,PA
21652,Perkasie,PA
21653,Perkiomenville,PA
21654,Perryopolis,PA
21655,Petersburg,PA
21656,Petrolia,PA
21657,Philadelphia,PA
21658,Philipsburg,PA
21659,Phoenixville,PA
21660,Picture Rocks,PA
21661,Pillow,PA
21662,Pine Grove,PA
21663,Pine Grove Mills,PA
21664,Pineville,PA
21665,Pipersville,PA
21666,Pitcairn,PA
21667,Pitman,PA
21668,Pittsburgh,PA
21669,Pittsfield,PA
21670,Pittston,PA
21671,Plainfield,PA
21672,Pleasant Hall,PA
21673,Pleasant Mount,PA
21674,Pleasant Unity,PA
21675,Pleasantville,PA
21676,Plumville,PA
21677,Plymouth,PA
21678,Plymouth Meeting,PA
21679,Pocono Lake,PA
21680,Pocono Manor,PA
21681,Pocono Pines,PA
21682,Pocono Summit,PA
21683,Point Marion,PA
21684,Point Pleasant,PA
21685,Polk,PA
21686,Pomeroy,PA
21687,Port Allegany,PA
21688,Port Carbon,PA
21689,Port Clinton,PA
21690,Port Matilda,PA
21691,Port Royal,PA
21692,Port Trevorton,PA
21693,Portage,PA
21694,Portersville,PA
21695,Portland,PA
21696,Pottersdale,PA
21697,Potts Grove,PA
21698,Pottstown,PA
21699,Pottsville,PA
21700,Poyntelle,PA
21701,Presto,PA
21702,Preston Park,PA
21703,Pricedale,PA
21704,Prompton,PA
21705,Prospect,PA
21706,Prospect Park,PA
21707,Prosperity,PA
21708,Pulaski,PA
21709,Punxsutawney,PA
21710,Quakake,PA
21711,Quakertown,PA
21712,Quarryville,PA
21713,Quecreek,PA
21714,Queen,PA
21715,Quincy,PA
21716,Radnor,PA
21717,Railroad,PA
21718,Ralston,PA
21719,Ramey,PA
21720,Reading,PA
21721,Rebersburg,PA
21722,Rebuck,PA
21723,Rector,PA
21724,Red Hill,PA
21725,Red Lion,PA
21726,Reedsville,PA
21727,Refton,PA
21728,Rehrersburg,PA
21729,Reinholds,PA
21730,Renfrew,PA
21731,Reno,PA
21732,Renovo,PA
21733,Republic,PA
21734,Revloc,PA
21735,Rew,PA
21736,Reynoldsville,PA
21737,Rheems,PA
21738,Rices Landing,PA
21739,Richboro,PA
21740,Richeyville,PA
21741,Richfield,PA
21742,Richland,PA
21743,Richlandtown,PA
21744,Riddlesburg,PA
21745,Ridgway,PA
21746,Ridley Park,PA
21747,Riegelsville,PA
21748,Rillton,PA
21749,Rimersburg,PA
21750,Ringgold,PA
21751,Ringtown,PA
21752,Riverside,PA
21753,Rixford,PA
21754,Roaring Branch,PA
21755,Roaring Spring,PA
21756,Robertsdale,PA
21757,Robesonia,PA
21758,Robinson,PA
21759,Rochester,PA
21760,Rochester Mills,PA
21761,Rock Glen,PA
21762,Rockhill Furnace,PA
21763,Rockton,PA
21764,Rockwood,PA
21765,Rogersville,PA
21766,Rome,PA
21767,Ronco,PA
21768,Ronks,PA
21769,Roscoe,PA
21770,Rossiter,PA
21771,Roulette,PA
21772,Rouseville,PA
21773,Rouzerville,PA
21774,Rowland,PA
21775,Roxbury,PA
21776,Royersford,PA
21777,Ruffs Dale,PA
21778,Rural Ridge,PA
21779,Rural Valley,PA
21780,Russell,PA
21781,Russellton,PA
21782,Sabinsville,PA
21783,Sacramento,PA
21784,Sadsburyville,PA
21785,Saegertown,PA
21786,Sagamore,PA
21787,Saint Benedict,PA
21788,Saint Boniface,PA
21789,Saint Clair,PA
21790,Saint Marys,PA
21791,Saint Michael,PA
21792,Saint Petersburg,PA
21793,Saint Thomas,PA
21794,Salina,PA
21795,Salisbury,PA
21796,Salix,PA
21797,Saltillo,PA
21798,Saltsburg,PA
21799,Sandy Lake,PA
21800,Sandy Ridge,PA
21801,Sarver,PA
21802,Sassamansville,PA
21803,Saxonburg,PA
21804,Saxton,PA
21805,Saylorsburg,PA
21806,Sayre,PA
21807,Scenery Hill,PA
21808,Schaefferstown,PA
21809,Schellsburg,PA
21810,Schenley,PA
21811,Schnecksville,PA
21812,Schuylkill Haven,PA
21813,Schwenksville,PA
21814,Sciota,PA
21815,Scotland,PA
21816,Scotrun,PA
21817,Scottdale,PA
21818,Scranton,PA
21819,Seanor,PA
21820,Secane,PA
21821,Selinsgrove,PA
21822,Sellersville,PA
21823,Seltzer,PA
21824,Seminole,PA
21825,Seneca,PA
21826,Seven Valleys,PA
21827,Seward,PA
21828,Sewickley,PA
21829,Shade Gap,PA
21830,Shamokin,PA
21831,Shamokin Dam,PA
21832,Shanksville,PA
21833,Sharon,PA
21834,Sharon Hill,PA
21835,Sharpsville,PA
21836,Shartlesville,PA
21837,Shavertown,PA
21838,Shawnee On Delaware,PA
21839,Sheakleyville,PA
21840,Sheffield,PA
21841,Shelocta,PA
21842,Shenandoah,PA
21843,Sheppton,PA
21844,Shermans Dale,PA
21845,Shickshinny,PA
21846,Shinglehouse,PA
21847,Shippensburg,PA
21848,Shippenville,PA
21849,Shippingport,PA
21850,Shirleysburg,PA
21851,Shoemakersville,PA
21852,Shohola,PA
21853,Shrewsbury,PA
21854,Shunk,PA
21855,Sidman,PA
21856,Sigel,PA
21857,Silverdale,PA
21858,Sinnamahoning,PA
21859,Sipesville,PA
21860,Six Mile Run,PA
21861,Skippack,PA
21862,Skytop,PA
21863,Slate Run,PA
21864,Slatedale,PA
21865,Slatington,PA
21866,Slickville,PA
21867,Sligo,PA
21868,Slippery Rock,PA
21869,Slovan,PA
21870,Smethport,PA
21871,Smicksburg,PA
21872,Smithfield,PA
21873,Smithmill,PA
21874,Smithton,PA
21875,Smock,PA
21876,Smoketown,PA
21877,Snow Shoe,PA
21878,Somerset,PA
21879,Souderton,PA
21880,South Fork,PA
21881,South Gibson,PA
21882,South Heights,PA
21883,South Montrose,PA
21884,South Mountain,PA
21885,South Park,PA
21886,South Sterling,PA
21887,Southampton,PA
21888,Southview,PA
21889,Spangler,PA
21890,Spartansburg,PA
21891,Spraggs,PA
21892,Sprankle Mills,PA
21893,Spring Church,PA
21894,Spring City,PA
21895,Spring Creek,PA
21896,Spring Glen,PA
21897,Spring Grove,PA
21898,Spring House,PA
21899,Spring Mills,PA
21900,Spring Run,PA
21901,Springboro,PA
21902,Springdale,PA
21903,Springfield,PA
21904,Springs,PA
21905,Springtown,PA
21906,Springville,PA
21907,Sproul,PA
21908,Spruce Creek,PA
21909,Stahlstown,PA
21910,Star Junction,PA
21911,Starford,PA
21912,Starlight,PA
21913,Starrucca,PA
21914,State College,PA
21915,State Line,PA
21916,Sterling,PA
21917,Stevens,PA
21918,Stevensville,PA
21919,Stewartstown,PA
21920,Stillwater,PA
21921,Stockdale,PA
21922,Stockertown,PA
21923,Stoneboro,PA
21924,Stoystown,PA
21925,Strabane,PA
21926,Strasburg,PA
21927,Strattanville,PA
21928,Strausstown,PA
21929,Strongstown,PA
21930,Stroudsburg,PA
21931,Stump Creek,PA
21932,Sturgeon,PA
21933,Sugar Grove,PA
21934,Sugar Notch,PA
21935,Sugar Run,PA
21936,Sugarloaf,PA
21937,Summerdale,PA
21938,Summerhill,PA
21939,Summerville,PA
21940,Summit Hill,PA
21941,Summit Station,PA
21942,Sunbury,PA
21943,Susquehanna,PA
21944,Sutersville,PA
21945,Swarthmore,PA
21946,Sweet Valley,PA
21947,Swengel,PA
21948,Swiftwater,PA
21949,Sycamore,PA
21950,Sykesville,PA
21951,Tafton,PA
21952,Tamaqua,PA
21953,Tamiment,PA
21954,Tannersville,PA
21955,Tarentum,PA
21956,Tarrs,PA
21957,Tatamy,PA
21958,Taylor,PA
21959,Taylorstown,PA
21960,Telford,PA
21961,Temple,PA
21962,Templeton,PA
21963,Terre Hill,PA
21964,Thomasville,PA
21965,Thompson,PA
21966,Thompsontown,PA
21967,Thorndale,PA
21968,Thornton,PA
21969,Three Springs,PA
21970,Tidioute,PA
21971,Timblin,PA
21972,Tioga,PA
21973,Tiona,PA
21974,Tionesta,PA
21975,Tipton,PA
21976,Titusville,PA
21977,Tobyhanna,PA
21978,Todd,PA
21979,Topton,PA
21980,Torrance,PA
21981,Toughkenamon,PA
21982,Towanda,PA
21983,Tower City,PA
21984,Townville,PA
21985,Trafford,PA
21986,Transfer,PA
21987,Treichlers,PA
21988,Tremont,PA
21989,Tresckow,PA
21990,Trevorton,PA
21991,Trexlertown,PA
21992,Trout Run,PA
21993,Troutville,PA
21994,Troy,PA
21995,Trumbauersville,PA
21996,Tunkhannock,PA
21997,Turbotville,PA
21998,Turtle Creek,PA
21999,Turtlepoint,PA
22000,Tuscarora,PA
22001,Twin Rocks,PA
22002,Tyler Hill,PA
22003,Tylersburg,PA
22004,Tyrone,PA
22005,Uledi,PA
22006,Ulster,PA
22007,Ulysses,PA
22008,Union City,PA
22009,Union Dale,PA
22010,Uniontown,PA
22011,Unionville,PA
22012,United,PA
22013,Unityville,PA
22014,University Park,PA
22015,Upper Black Eddy,PA
22016,Upper Darby,PA
22017,Upperstrasburg,PA
22018,Utica,PA
22019,Valencia,PA
22020,Valier,PA
22021,Valley View,PA
22022,Van Voorhis,PA
22023,Vanderbilt,PA
22024,Vandergrift,PA
22025,Venango,PA
22026,Venetia,PA
22027,Venus,PA
22028,Verona,PA
22029,Vestaburg,PA
22030,Villa Maria,PA
22031,Villanova,PA
22032,Vintondale,PA
22033,Virginville,PA
22034,Volant,PA
22035,Vowinckel,PA
22036,Wallaceton,PA
22037,Wallingford,PA
22038,Walnut Bottom,PA
22039,Walnutport,PA
22040,Walston,PA
22041,Waltersburg,PA
22042,Wampum,PA
22043,Wapwallopen,PA
22044,Warfordsburg,PA
22045,Warminster,PA
22046,Warren,PA
22047,Warren Center,PA
22048,Warrendale,PA
22049,Warrington,PA
22050,Warriors Mark,PA
22051,Washington,PA
22052,Washington Boro,PA
22053,Washington Crossing,PA
22054,Washingtonville,PA
22055,Waterfall,PA
22056,Waterford,PA
22057,Waterville,PA
22058,Watsontown,PA
22059,Wattsburg,PA
22060,Waverly,PA
22061,Waymart,PA
22062,Wayne,PA
22063,Waynesboro,PA
22064,Waynesburg,PA
22065,Weatherly,PA
22066,Webster,PA
22067,Weedville,PA
22068,Weikert,PA
22069,Wellersburg,PA
22070,Wells Tannery,PA
22071,Wellsboro,PA
22072,Wellsville,PA
22073,Wendel,PA
22074,Wernersville,PA
22075,West Alexander,PA
22076,West Chester,PA
22077,West Decatur,PA
22078,West Elizabeth,PA
22079,West Finley,PA
22080,West Grove,PA
22081,West Hickory,PA
22082,West Lebanon,PA
22083,West Leisenring,PA
22084,West Middlesex,PA
22085,West Middletown,PA
22086,West Mifflin,PA
22087,West Milton,PA
22088,West Newton,PA
22089,West Pittsburg,PA
22090,West Salisbury,PA
22091,West Springfield,PA
22092,West Sunbury,PA
22093,Westfield,PA
22094,Westland,PA
22095,Westmoreland City,PA
22096,Weston,PA
22097,Westover,PA
22098,Westport,PA
22099,Wexford,PA
22100,Wheatland,PA
22101,White,PA
22102,White Deer,PA
22103,White Haven,PA
22104,White Mills,PA
22105,White Oak,PA
22106,Whitehall,PA
22107,Whitney,PA
22108,Wickhaven,PA
22109,Wiconisco,PA
22110,Wilburton,PA
22111,Wilcox,PA
22112,Wilkes Barre,PA
22113,Williamsburg,PA
22114,Williamsport,PA
22115,Williamstown,PA
22116,Willow Grove,PA
22117,Willow Hill,PA
22118,Willow Street,PA
22119,Wilmerding,PA
22120,Wilmore,PA
22121,Winburne,PA
22122,Wind Gap,PA
22123,Wind Ridge,PA
22124,Windber,PA
22125,Windsor,PA
22126,Winfield,PA
22127,Womelsdorf,PA
22128,Wood,PA
22129,Woodbury,PA
22130,Woodland,PA
22131,Woodlyn,PA
22132,Woodward,PA
22133,Woolrich,PA
22134,Worcester,PA
22135,Worthington,PA
22136,Worthville,PA
22137,Wrightsville,PA
22138,Wyalusing,PA
22139,Wyano,PA
22140,Wycombe,PA
22141,Wyncote,PA
22142,Wynnewood,PA
22143,Wyoming,PA
22144,Wysox,PA
22145,Yatesboro,PA
22146,Yeagertown,PA
22147,York,PA
22148,York Haven,PA
22149,York New Salem,PA
22150,York Springs,PA
22151,Youngstown,PA
22152,Youngsville,PA
22153,Youngwood,PA
22154,Yukon,PA
22155,Zelienople,PA
22156,Zieglerville,PA
22157,Zion Grove,PA
22158,Zionsville,PA
22159,Adjuntas,PR
22160,Aguada,PR
22161,Aguadilla,PR
22162,Aguas Buenas,PR
22163,Aguirre,PR
22164,Aibonito,PR
22165,Anasco,PR
22166,Angeles,PR
22167,Arecibo,PR
22168,Arroyo,PR
22169,Bajadero,PR
22170,Barceloneta,PR
22171,Barranquitas,PR
22172,Bayamon,PR
22173,Boqueron,PR
22174,Cabo Rojo,PR
22175,Caguas,PR
22176,Camuy,PR
22177,Canovanas,PR
22178,Carolina,PR
22179,Castaner,PR
22180,Catano,PR
22181,Cayey,PR
22182,Ceiba,PR
22183,Ciales,PR
22184,Cidra,PR
22185,Coamo,PR
22186,Comerio,PR
22187,Corozal,PR
22188,Coto Laurel,PR
22189,Culebra,PR
22190,Dorado,PR
22191,Ensenada,PR
22192,Fajardo,PR
22193,Florida,PR
22194,Fort Buchanan,PR
22195,Garrochales,PR
22196,Guanica,PR
22197,Guayama,PR
22198,Guayanilla,PR
22199,Guaynabo,PR
22200,Gurabo,PR
22201,Hatillo,PR
22202,Hormigueros,PR
22203,Humacao,PR
22204,Isabela,PR
22205,Jayuya,PR
22206,Juana Diaz,PR
22207,Juncos,PR
22208,La Plata,PR
22209,Lajas,PR
22210,Lares,PR
22211,Las Marias,PR
22212,Las Piedras,PR
22213,Loiza,PR
22214,Luquillo,PR
22215,Manati,PR
22216,Maricao,PR
22217,Maunabo,PR
22218,Mayaguez,PR
22219,Mercedita,PR
22220,Moca,PR
22221,Morovis,PR
22222,Naguabo,PR
22223,Naranjito,PR
22224,Orocovis,PR
22225,Patillas,PR
22226,Penuelas,PR
22227,Ponce,PR
22228,Puerto Real,PR
22229,Punta Santiago,PR
22230,Quebradillas,PR
22231,Rincon,PR
22232,Rio Grande,PR
22233,Sabana Grande,PR
22234,Sabana Hoyos,PR
22235,Sabana Seca,PR
22236,Salinas,PR
22237,San Antonio,PR
22238,San German,PR
22239,San Juan,PR
22240,San Lorenzo,PR
22241,San Sebastian,PR
22242,Santa Isabel,PR
22243,Toa Alta,PR
22244,Toa Baja,PR
22245,Trujillo Alto,PR
22246,Utuado,PR
22247,Vega Alta,PR
22248,Vega Baja,PR
22249,Vieques,PR
22250,Villalba,PR
22251,Yabucoa,PR
22252,Yauco,PR
22253,Albion,RI
22254,Ashaway,RI
22255,Barrington,RI
22256,Block Island,RI
22257,Bradford,RI
22258,Bristol,RI
22259,Carolina,RI
22260,Central Falls,RI
22261,Charlestown,RI
22262,Chepachet,RI
22263,Clayville,RI
22264,Coventry,RI
22265,Cranston,RI
22266,Cumberland,RI
22267,East Greenwich,RI
22268,East Providence,RI
22269,Exeter,RI
22270,Fiskeville,RI
22271,Forestdale,RI
22272,Foster,RI
22273,Glendale,RI
22274,Greene,RI
22275,Greenville,RI
22276,Harmony,RI
22277,Harrisville,RI
22278,Hope,RI
22279,Hope Valley,RI
22280,Hopkinton,RI
22281,Jamestown,RI
22282,Johnston,RI
22283,Kenyon,RI
22284,Kingston,RI
22285,Lincoln,RI
22286,Little Compton,RI
22287,Manville,RI
22288,Mapleville,RI
22289,Middletown,RI
22290,Narragansett,RI
22291,Newport,RI
22292,North Kingstown,RI
22293,North Providence,RI
22294,North Scituate,RI
22295,North Smithfield,RI
22296,Oakland,RI
22297,Pascoag,RI
22298,Pawtucket,RI
22299,Portsmouth,RI
22300,Providence,RI
22301,Prudence Island,RI
22302,Riverside,RI
22303,Rockville,RI
22304,Rumford,RI
22305,Saunderstown,RI
22306,Shannock,RI
22307,Slatersville,RI
22308,Smithfield,RI
22309,Tiverton,RI
22310,Wakefield,RI
22311,Warren,RI
22312,Warwick,RI
22313,West Greenwich,RI
22314,West Kingston,RI
22315,West Warwick,RI
22316,Westerly,RI
22317,Wood River Junction,RI
22318,Woonsocket,RI
22319,Wyoming,RI
22320,Abbeville,SC
22321,Adams Run,SC
22322,Aiken,SC
22323,Alcolu,SC
22324,Allendale,SC
22325,Anderson,SC
22326,Andrews,SC
22327,Arcadia,SC
22328,Awendaw,SC
22329,Aynor,SC
22330,Bamberg,SC
22331,Barnwell,SC
22332,Batesburg,SC
22333,Bath,SC
22334,Beaufort,SC
22335,Beech Island,SC
22336,Belton,SC
22337,Bennettsville,SC
22338,Bethune,SC
22339,Bishopville,SC
22340,Blacksburg,SC
22341,Blackstock,SC
22342,Blackville,SC
22343,Blair,SC
22344,Blenheim,SC
22345,Bluffton,SC
22346,Blythewood,SC
22347,Boiling Springs,SC
22348,Bonneau,SC
22349,Bowman,SC
22350,Bradley,SC
22351,Branchville,SC
22352,Brunson,SC
22353,Buffalo,SC
22354,Cades,SC
22355,Calhoun Falls,SC
22356,Camden,SC
22357,Cameron,SC
22358,Campobello,SC
22359,Carlisle,SC
22360,Cassatt,SC
22361,Catawba,SC
22362,Cayce,SC
22363,Centenary,SC
22364,Central,SC
22365,Chapin,SC
22366,Chappells,SC
22367,Charleston,SC
22368,Charleston Afb,SC
22369,Cheraw,SC
22370,Chesnee,SC
22371,Chester,SC
22372,Chesterfield,SC
22373,Clarks Hill,SC
22374,Clemson,SC
22375,Cleveland,SC
22376,Clifton,SC
22377,Clinton,SC
22378,Clio,SC
22379,Clover,SC
22380,Columbia,SC
22381,Converse,SC
22382,Conway,SC
22383,Coosawhatchie,SC
22384,Cope,SC
22385,Cordesville,SC
22386,Cordova,SC
22387,Cottageville,SC
22388,Coward,SC
22389,Cowpens,SC
22390,Cross,SC
22391,Cross Anchor,SC
22392,Cross Hill,SC
22393,Dalzell,SC
22394,Darlington,SC
22395,Daufuskie Island,SC
22396,Denmark,SC
22397,Dillon,SC
22398,Donalds,SC
22399,Dorchester,SC
22400,Drayton,SC
22401,Due West,SC
22402,Duncan,SC
22403,Early Branch,SC
22404,Easley,SC
22405,Eastover,SC
22406,Edgefield,SC
22407,Edgemoor,SC
22408,Edisto Island,SC
22409,Effingham,SC
22410,Ehrhardt,SC
22411,Elgin,SC
22412,Elko,SC
22413,Elliott,SC
22414,Elloree,SC
22415,Enoree,SC
22416,Estill,SC
22417,Eutawville,SC
22418,Fair Play,SC
22419,Fairfax,SC
22420,Fingerville,SC
22421,Florence,SC
22422,Folly Beach,SC
22423,Fork,SC
22424,Fort Lawn,SC
22425,Fort Mill,SC
22426,Fountain Inn,SC
22427,Furman,SC
22428,Gable,SC
22429,Gadsden,SC
22430,Gaffney,SC
22431,Galivants Ferry,SC
22432,Garnett,SC
22433,Gaston,SC
22434,Georgetown,SC
22435,Gifford,SC
22436,Gilbert,SC
22437,Glendale,SC
22438,Gloverville,SC
22439,Goose Creek,SC
22440,Graniteville,SC
22441,Gray Court,SC
22442,Great Falls,SC
22443,Greeleyville,SC
22444,Green Pond,SC
22445,Green Sea,SC
22446,Greenville,SC
22447,Greenwood,SC
22448,Greer,SC
22449,Gresham,SC
22450,Hamer,SC
22451,Hampton,SC
22452,Hanahan,SC
22453,Hardeeville,SC
22454,Harleyville,SC
22455,Hartsville,SC
22456,Heath Springs,SC
22457,Hemingway,SC
22458,Hickory Grove,SC
22459,Hilton Head Island,SC
22460,Hodges,SC
22461,Holly Hill,SC
22462,Hollywood,SC
22463,Honea Path,SC
22464,Hopkins,SC
22465,Horatio,SC
22466,Huger,SC
22467,Inman,SC
22468,Irmo,SC
22469,Islandton,SC
22470,Isle Of Palms,SC
22471,Iva,SC
22472,Jackson,SC
22473,Jacksonboro,SC
22474,Jamestown,SC
22475,Jefferson,SC
22476,Jenkinsville,SC
22477,Joanna,SC
22478,Johns Island,SC
22479,Johnsonville,SC
22480,Johnston,SC
22481,Jonesville,SC
22482,Kershaw,SC
22483,Kinards,SC
22484,Kingstree,SC
22485,Ladson,SC
22486,Lake City,SC
22487,Lake View,SC
22488,Lamar,SC
22489,Lancaster,SC
22490,Lando,SC
22491,Landrum,SC
22492,Lane,SC
22493,Langley,SC
22494,Latta,SC
22495,Laurens,SC
22496,Leesville,SC
22497,Lexington,SC
22498,Liberty,SC
22499,Liberty Hill,SC
22500,Little Mountain,SC
22501,Little River,SC
22502,Little Rock,SC
22503,Lockhart,SC
22504,Lodge,SC
22505,Long Creek,SC
22506,Longs,SC
22507,Loris,SC
22508,Lowndesville,SC
22509,Lugoff,SC
22510,Luray,SC
22511,Lydia,SC
22512,Lyman,SC
22513,Lynchburg,SC
22514,Manning,SC
22515,Marietta,SC
22516,Marion,SC
22517,Martin,SC
22518,Mauldin,SC
22519,Mayesville,SC
22520,Mayo,SC
22521,Mc Clellanville,SC
22522,McBee,SC
22523,McClellanville,SC
22524,McColl,SC
22525,McConnells,SC
22526,McCormick,SC
22527,Modoc,SC
22528,Moncks Corner,SC
22529,Monetta,SC
22530,Moore,SC
22531,Mount Carmel,SC
22532,Mount Croghan,SC
22533,Mount Pleasant,SC
22534,Mountain Rest,SC
22535,Mountville,SC
22536,Mullins,SC
22537,Murrells Inlet,SC
22538,Myrtle Beach,SC
22539,Neeses,SC
22540,Nesmith,SC
22541,New Ellenton,SC
22542,New Zion,SC
22543,Newberry,SC
22544,Newry,SC
22545,Nichols,SC
22546,Ninety Six,SC
22547,Norris,SC
22548,North,SC
22549,North Augusta,SC
22550,North Charleston,SC
22551,North Myrtle Beach,SC
22552,Norway,SC
22553,Okatie,SC
22554,Olanta,SC
22555,Olar,SC
22556,Orangeburg,SC
22557,Pacolet,SC
22558,Pacolet Mills,SC
22559,Pageland,SC
22560,Pamplico,SC
22561,Parksville,SC
22562,Parris Island,SC
22563,Patrick,SC
22564,Pauline,SC
22565,Pawleys Island,SC
22566,Peak,SC
22567,Pelion,SC
22568,Pelzer,SC
22569,Pendleton,SC
22570,Pickens,SC
22571,Piedmont,SC
22572,Pineland,SC
22573,Pineville,SC
22574,Pinewood,SC
22575,Pinopolis,SC
22576,Plum Branch,SC
22577,Pomaria,SC
22578,Port Royal,SC
22579,Prosperity,SC
22580,Rains,SC
22581,Ravenel,SC
22582,Reevesville,SC
22583,Reidville,SC
22584,Rembert,SC
22585,Richburg,SC
22586,Ridge Spring,SC
22587,Ridgeland,SC
22588,Ridgeville,SC
22589,Ridgeway,SC
22590,Rock Hill,SC
22591,Roebuck,SC
22592,Round O,SC
22593,Rowesville,SC
22594,Ruby,SC
22595,Ruffin,SC
22596,Saint George,SC
22597,Saint Helena Island,SC
22598,Saint Matthews,SC
22599,Saint Stephen,SC
22600,Salem,SC
22601,Salley,SC
22602,Salters,SC
22603,Saluda,SC
22604,Santee,SC
22605,Scotia,SC
22606,Scranton,SC
22607,Seabrook,SC
22608,Sellers,SC
22609,Seneca,SC
22610,Sharon,SC
22611,Shaw Afb,SC
22612,Sheldon,SC
22613,Silverstreet,SC
22614,Simpsonville,SC
22615,Six Mile,SC
22616,Slater,SC
22617,Smoaks,SC
22618,Smyrna,SC
22619,Society Hill,SC
22620,Spartanburg,SC
22621,Springfield,SC
22622,Starr,SC
22623,Startex,SC
22624,Sullivans Island,SC
22625,Summerton,SC
22626,Summerville,SC
22627,Sumter,SC
22628,Sunset,SC
22629,Surfside Beach,SC
22630,Swansea,SC
22631,Tamassee,SC
22632,Tatum,SC
22633,Taylors,SC
22634,Tillman,SC
22635,Timmonsville,SC
22636,Townville,SC
22637,Travelers Rest,SC
22638,Trenton,SC
22639,Troy,SC
22640,Turbeville,SC
22641,Ulmer,SC
22642,Una,SC
22643,Union,SC
22644,Vance,SC
22645,Varnville,SC
22646,Wadmalaw Island,SC
22647,Wagener,SC
22648,Walhalla,SC
22649,Wallace,SC
22650,Walterboro,SC
22651,Ward,SC
22652,Ware Shoals,SC
22653,Warrenville,SC
22654,Waterloo,SC
22655,Wedgefield,SC
22656,Wellford,SC
22657,West Columbia,SC
22658,West Union,SC
22659,Westminster,SC
22660,Westville,SC
22661,White Rock,SC
22662,Whitmire,SC
22663,Williams,SC
22664,Williamston,SC
22665,Williston,SC
22666,Windsor,SC
22667,Winnsboro,SC
22668,Woodruff,SC
22669,Yemassee,SC
22670,York,SC
22671,Aberdeen,SD
22672,Agar,SD
22673,Akaska,SD
22674,Alcester,SD
22675,Alexandria,SD
22676,Allen,SD
22677,Alpena,SD
22678,Amherst,SD
22679,Andover,SD
22680,Arlington,SD
22681,Armour,SD
22682,Artesian,SD
22683,Ashton,SD
22684,Astoria,SD
22685,Aurora,SD
22686,Avon,SD
22687,Badger,SD
22688,Baltic,SD
22689,Barnard,SD
22690,Batesland,SD
22691,Bath,SD
22692,Belle Fourche,SD
22693,Belvidere,SD
22694,Beresford,SD
22695,Big Stone City,SD
22696,Bison,SD
22697,Black Hawk,SD
22698,Blunt,SD
22699,Bonesteel,SD
22700,Bowdle,SD
22701,Box Elder,SD
22702,Bradley,SD
22703,Brandon,SD
22704,Brandt,SD
22705,Brentford,SD
22706,Bridgewater,SD
22707,Bristol,SD
22708,Britton,SD
22709,Brookings,SD
22710,Bruce,SD
22711,Bryant,SD
22712,Buffalo,SD
22713,Buffalo Gap,SD
22714,Bullhead,SD
22715,Burbank,SD
22716,Burke,SD
22717,Camp Crook,SD
22718,Canistota,SD
22719,Canova,SD
22720,Canton,SD
22721,Caputa,SD
22722,Carpenter,SD
22723,Carthage,SD
22724,Castlewood,SD
22725,Cavour,SD
22726,Centerville,SD
22727,Chamberlain,SD
22728,Chancellor,SD
22729,Cherry Creek,SD
22730,Chester,SD
22731,Claire City,SD
22732,Claremont,SD
22733,Clark,SD
22734,Clear Lake,SD
22735,Colman,SD
22736,Colome,SD
22737,Colton,SD
22738,Columbia,SD
22739,Conde,SD
22740,Corona,SD
22741,Corsica,SD
22742,Cresbard,SD
22743,Crooks,SD
22744,Custer,SD
22745,Dallas,SD
22746,Dante,SD
22747,Davis,SD
22748,De Smet,SD
22749,Deadwood,SD
22750,Dell Rapids,SD
22751,Delmont,SD
22752,Dimock,SD
22753,Doland,SD
22754,Draper,SD
22755,Dupree,SD
22756,Eagle Butte,SD
22757,Eden,SD
22758,Edgemont,SD
22759,Egan,SD
22760,Elk Point,SD
22761,Elkton,SD
22762,Ellsworth Afb,SD
22763,Emery,SD
22764,Enning,SD
22765,Erwin,SD
22766,Estelline,SD
22767,Ethan,SD
22768,Eureka,SD
22769,Fairburn,SD
22770,Fairfax,SD
22771,Fairview,SD
22772,Faith,SD
22773,Faulkton,SD
22774,Fedora,SD
22775,Ferney,SD
22776,Flandreau,SD
22777,Florence,SD
22778,Fort Meade,SD
22779,Fort Pierre,SD
22780,Fort Thompson,SD
22781,Frankfort,SD
22782,Frederick,SD
22783,Freeman,SD
22784,Fulton,SD
22785,Gann Valley,SD
22786,Garden City,SD
22787,Garretson,SD
22788,Gary,SD
22789,Gayville,SD
22790,Geddes,SD
22791,Gettysburg,SD
22792,Glencross,SD
22793,Glenham,SD
22794,Goodwin,SD
22795,Gregory,SD
22796,Grenville,SD
22797,Groton,SD
22798,Hamill,SD
22799,Harrisburg,SD
22800,Harrison,SD
22801,Harrold,SD
22802,Hartford,SD
22803,Hayes,SD
22804,Hayti,SD
22805,Hazel,SD
22806,Hecla,SD
22807,Henry,SD
22808,Hermosa,SD
22809,Herreid,SD
22810,Herrick,SD
22811,Highmore,SD
22812,Hill City,SD
22813,Hitchcock,SD
22814,Holabird,SD
22815,Hosmer,SD
22816,Hot Springs,SD
22817,Houghton,SD
22818,Hoven,SD
22819,Howard,SD
22820,Howes,SD
22821,Hudson,SD
22822,Humboldt,SD
22823,Hurley,SD
22824,Huron,SD
22825,Ideal,SD
22826,Interior,SD
22827,Ipswich,SD
22828,Irene,SD
22829,Iroquois,SD
22830,Isabel,SD
22831,Java,SD
22832,Jefferson,SD
22833,Kadoka,SD
22834,Kaylor,SD
22835,Keldron,SD
22836,Kennebec,SD
22837,Keystone,SD
22838,Kimball,SD
22839,Kranzburg,SD
22840,Kyle,SD
22841,Labolt,SD
22842,Lake Andes,SD
22843,Lake City,SD
22844,Lake Norden,SD
22845,Lake Preston,SD
22846,Lane,SD
22847,Langford,SD
22848,Lantry,SD
22849,Lead,SD
22850,Lebanon,SD
22851,Lemmon,SD
22852,Lennox,SD
22853,Leola,SD
22854,Lesterville,SD
22855,Letcher,SD
22856,Little Eagle,SD
22857,Lodgepole,SD
22858,Long Lake,SD
22859,Long Valley,SD
22860,Lower Brule,SD
22861,Ludlow,SD
22862,Lyons,SD
22863,Madison,SD
22864,Manderson,SD
22865,Mansfield,SD
22866,Marion,SD
22867,Martin,SD
22868,Marty,SD
22869,Marvin,SD
22870,McIntosh,SD
22871,McLaughlin,SD
22872,Meadow,SD
22873,Mellette,SD
22874,Menno,SD
22875,Midland,SD
22876,Milbank,SD
22877,Milesville,SD
22878,Miller,SD
22879,Mission,SD
22880,Mission Hill,SD
22881,Mitchell,SD
22882,Mobridge,SD
22883,Monroe,SD
22884,Montrose,SD
22885,Morristown,SD
22886,Mound City,SD
22887,Mount Vernon,SD
22888,Mud Butte,SD
22889,Murdo,SD
22890,Nemo,SD
22891,New Effington,SD
22892,New Holland,SD
22893,New Underwood,SD
22894,Newell,SD
22895,Nisland,SD
22896,Norris,SD
22897,North Sioux City,SD
22898,Northville,SD
22899,Nunda,SD
22900,Oacoma,SD
22901,Oelrichs,SD
22902,Oglala,SD
22903,Okaton,SD
22904,Okreek,SD
22905,Oldham,SD
22906,Olivet,SD
22907,Onaka,SD
22908,Onida,SD
22909,Oral,SD
22910,Orient,SD
22911,Ortley,SD
22912,Owanka,SD
22913,Parker,SD
22914,Parkston,SD
22915,Parmelee,SD
22916,Peever,SD
22917,Philip,SD
22918,Pickstown,SD
22919,Piedmont,SD
22920,Pierpont,SD
22921,Pierre,SD
22922,Pine Ridge,SD
22923,Plankinton,SD
22924,Platte,SD
22925,Pollock,SD
22926,Porcupine,SD
22927,Prairie City,SD
22928,Presho,SD
22929,Pringle,SD
22930,Pukwana,SD
22931,Quinn,SD
22932,Ralph,SD
22933,Ramona,SD
22934,Rapid City,SD
22935,Raymond,SD
22936,Redfield,SD
22937,Redig,SD
22938,Ree Heights,SD
22939,Reliance,SD
22940,Renner,SD
22941,Reva,SD
22942,Revillo,SD
22943,Ridgeview,SD
22944,Rockham,SD
22945,Roscoe,SD
22946,Rosebud,SD
22947,Rosholt,SD
22948,Roslyn,SD
22949,Rutland,SD
22950,Saint Charles,SD
22951,Saint Francis,SD
22952,Saint Lawrence,SD
22953,Saint Onge,SD
22954,Salem,SD
22955,Scenic,SD
22956,Scotland,SD
22957,Selby,SD
22958,Seneca,SD
22959,Sinai,SD
22960,Sioux Falls,SD
22961,Sisseton,SD
22962,Smithwick,SD
22963,South Shore,SD
22964,Spearfish,SD
22965,Spencer,SD
22966,Springfield,SD
22967,Stephan,SD
22968,Stickney,SD
22969,Stockholm,SD
22970,Strandburg,SD
22971,Stratford,SD
22972,Sturgis,SD
22973,Summit,SD
22974,Tabor,SD
22975,Tea,SD
22976,Timber Lake,SD
22977,Tolstoy,SD
22978,Toronto,SD
22979,Trail City,SD
22980,Trent,SD
22981,Tripp,SD
22982,Tulare,SD
22983,Turton,SD
22984,Tuthill,SD
22985,Twin Brooks,SD
22986,Tyndall,SD
22987,Union Center,SD
22988,Utica,SD
22989,Vale,SD
22990,Valley Springs,SD
22991,Veblen,SD
22992,Vermillion,SD
22993,Viborg,SD
22994,Vienna,SD
22995,Virgil,SD
22996,Vivian,SD
22997,Volga,SD
22998,Volin,SD
22999,Wagner,SD
23000,Wakonda,SD
23001,Wakpala,SD
23002,Walker,SD
23003,Wall,SD
23004,Wallace,SD
23005,Wanblee,SD
23006,Warner,SD
23007,Wasta,SD
23008,Watauga,SD
23009,Watertown,SD
23010,Waubay,SD
23011,Webster,SD
23012,Wentworth,SD
23013,Wessington,SD
23014,Wessington Springs,SD
23015,Westport,SD
23016,White,SD
23017,White Lake,SD
23018,White Owl,SD
23019,White River,SD
23020,Whitehorse,SD
23021,Whitewood,SD
23022,Willow Lake,SD
23023,Wilmot,SD
23024,Winfred,SD
23025,Winner,SD
23026,Witten,SD
23027,Wolsey,SD
23028,Wood,SD
23029,Woonsocket,SD
23030,Worthing,SD
23031,Wounded Knee,SD
23032,Yale,SD
23033,Yankton,SD
23034,Adams,TN
23035,Adamsville,TN
23036,Afton,TN
23037,Alamo,TN
23038,Alcoa,TN
23039,Alexandria,TN
23040,Allardt,TN
23041,Allons,TN
23042,Allred,TN
23043,Alpine,TN
23044,Altamont,TN
23045,Andersonville,TN
23046,Antioch,TN
23047,Apison,TN
23048,Ardmore,TN
23049,Arlington,TN
23050,Arrington,TN
23051,Ashland City,TN
23052,Athens,TN
23053,Atoka,TN
23054,Atwood,TN
23055,Auburntown,TN
23056,Bath Springs,TN
23057,Baxter,TN
23058,Bean Station,TN
23059,Beech Bluff,TN
23060,Beechgrove,TN
23061,Beersheba Springs,TN
23062,Belfast,TN
23063,Bell Buckle,TN
23064,Bells,TN
23065,Belvidere,TN
23066,Benton,TN
23067,Bethel Springs,TN
23068,Bethpage,TN
23069,Big Rock,TN
23070,Big Sandy,TN
23071,Birchwood,TN
23072,Blaine,TN
23073,Bloomington Springs,TN
23074,Blountville,TN
23075,Bluff City,TN
23076,Bogota,TN
23077,Bolivar,TN
23078,Bon Aqua,TN
23079,Bradford,TN
23080,Bradyville,TN
23081,Brentwood,TN
23082,Briceville,TN
23083,Brighton,TN
23084,Bristol,TN
23085,Brownsville,TN
23086,Bruceton,TN
23087,Brush Creek,TN
23088,Buchanan,TN
23089,Buena Vista,TN
23090,Buffalo Valley,TN
23091,Bulls Gap,TN
23092,Bumpus Mills,TN
23093,Burlison,TN
23094,Burns,TN
23095,Butler,TN
23096,Bybee,TN
23097,Byrdstown,TN
23098,Calhoun,TN
23099,Camden,TN
23100,Campaign,TN
23101,Carthage,TN
23102,Caryville,TN
23103,Castalian Springs,TN
23104,Cedar Grove,TN
23105,Cedar Hill,TN
23106,Celina,TN
23107,Centerville,TN
23108,Chapel Hill,TN
23109,Chapmansboro,TN
23110,Charleston,TN
23111,Charlotte,TN
23112,Chattanooga,TN
23113,Chestnut Mound,TN
23114,Christiana,TN
23115,Chuckey,TN
23116,Church Hill,TN
23117,Clairfield,TN
23118,Clarkrange,TN
23119,Clarksville,TN
23120,Cleveland,TN
23121,Clifton,TN
23122,Clinton,TN
23123,Coalfield,TN
23124,Coalmont,TN
23125,College Grove,TN
23126,Collegedale,TN
23127,Collierville,TN
23128,Collinwood,TN
23129,Columbia,TN
23130,Conasauga,TN
23131,Cookeville,TN
23132,Copperhill,TN
23133,Cordova,TN
23134,Cornersville,TN
23135,Corryton,TN
23136,Cosby,TN
23137,Cottage Grove,TN
23138,Cottontown,TN
23139,Counce,TN
23140,Covington,TN
23141,Cowan,TN
23142,Crab Orchard,TN
23143,Crawford,TN
23144,Crockett Mills,TN
23145,Cross Plains,TN
23146,Crossville,TN
23147,Crump,TN
23148,Culleoka,TN
23149,Cumberland City,TN
23150,Cumberland Furnace,TN
23151,Cumberland Gap,TN
23152,Cunningham,TN
23153,Cypress Inn,TN
23154,Dandridge,TN
23155,Darden,TN
23156,Dayton,TN
23157,Decatur,TN
23158,Decaturville,TN
23159,Decherd,TN
23160,Deer Lodge,TN
23161,Del Rio,TN
23162,Delano,TN
23163,Dellrose,TN
23164,Denmark,TN
23165,Dickson,TN
23166,Dixon Springs,TN
23167,Dover,TN
23168,Dowelltown,TN
23169,Doyle,TN
23170,Dresden,TN
23171,Drummonds,TN
23172,Duck River,TN
23173,Ducktown,TN
23174,Duff,TN
23175,Dukedom,TN
23176,Dunlap,TN
23177,Dyer,TN
23178,Dyersburg,TN
23179,Eads,TN
23180,Eagan,TN
23181,Eagleville,TN
23182,Eidson,TN
23183,Elgin,TN
23184,Elizabethton,TN
23185,Elkton,TN
23186,Ellendale,TN
23187,Elmwood,TN
23188,Elora,TN
23189,Englewood,TN
23190,Enville,TN
23191,Erin,TN
23192,Erwin,TN
23193,Estill Springs,TN
23194,Ethridge,TN
23195,Etowah,TN
23196,Eva,TN
23197,Evensville,TN
23198,Fairview,TN
23199,Fall Branch,TN
23200,Farner,TN
23201,Farragut,TN
23202,Fayetteville,TN
23203,Finger,TN
23204,Finley,TN
23205,Five Points,TN
23206,Flag Pond,TN
23207,Flintville,TN
23208,Frankewing,TN
23209,Franklin,TN
23210,Friendship,TN
23211,Friendsville,TN
23212,Gadsden,TN
23213,Gainesboro,TN
23214,Gallatin,TN
23215,Gallaway,TN
23216,Gates,TN
23217,Gatlinburg,TN
23218,Georgetown,TN
23219,Germantown,TN
23220,Gibson,TN
23221,Gleason,TN
23222,Goodlettsville,TN
23223,Goodspring,TN
23224,Gordonsville,TN
23225,Grand Junction,TN
23226,Grandview,TN
23227,Granville,TN
23228,Graysville,TN
23229,Greenback,TN
23230,Greenbrier,TN
23231,Greeneville,TN
23232,Greenfield,TN
23233,Grimsley,TN
23234,Gruetli Laager,TN
23235,Guild,TN
23236,Guys,TN
23237,Halls,TN
23238,Hampshire,TN
23239,Hampton,TN
23240,Harriman,TN
23241,Harrison,TN
23242,Harrogate,TN
23243,Hartford,TN
23244,Hartsville,TN
23245,Heiskell,TN
23246,Helenwood,TN
23247,Henderson,TN
23248,Hendersonville,TN
23249,Henning,TN
23250,Henry,TN
23251,Hermitage,TN
23252,Hickman,TN
23253,Hickory Valley,TN
23254,Hilham,TN
23255,Hillsboro,TN
23256,Hixson,TN
23257,Hohenwald,TN
23258,Holladay,TN
23259,Hollow Rock,TN
23260,Hornbeak,TN
23261,Hornsby,TN
23262,Humboldt,TN
23263,Huntingdon,TN
23264,Huntland,TN
23265,Huntsville,TN
23266,Huron,TN
23267,Hurricane Mills,TN
23268,Indian Mound,TN
23269,Iron City,TN
23270,Jacks Creek,TN
23271,Jacksboro,TN
23272,Jackson,TN
23273,Jamestown,TN
23274,Jasper,TN
23275,Jefferson City,TN
23276,Jellico,TN
23277,Joelton,TN
23278,Johnson City,TN
23279,Jonesborough,TN
23280,Kelso,TN
23281,Kenton,TN
23282,Kingsport,TN
23283,Kingston,TN
23284,Kingston Springs,TN
23285,Knoxville,TN
23286,Kodak,TN
23287,Kyles Ford,TN
23288,La Follette,TN
23289,La Grange,TN
23290,La Vergne,TN
23291,Lafayette,TN
23292,Lancaster,TN
23293,Lancing,TN
23294,Lascassas,TN
23295,Laurel Bloomery,TN
23296,Lavinia,TN
23297,Lawrenceburg,TN
23298,Lebanon,TN
23299,Lenoir City,TN
23300,Lenox,TN
23301,Leoma,TN
23302,Lewisburg,TN
23303,Lexington,TN
23304,Liberty,TN
23305,Limestone,TN
23306,Linden,TN
23307,Livingston,TN
23308,Lobelville,TN
23309,Lookout Mountain,TN
23310,Loretto,TN
23311,Loudon,TN
23312,Louisville,TN
23313,Lupton City,TN
23314,Luray,TN
23315,Luttrell,TN
23316,Lutts,TN
23317,Lyles,TN
23318,Lynchburg,TN
23319,Lynnville,TN
23320,Madison,TN
23321,Madisonville,TN
23322,Manchester,TN
23323,Mansfield,TN
23324,Martin,TN
23325,Maryville,TN
23326,Mascot,TN
23327,Mason,TN
23328,Maury City,TN
23329,Maynardville,TN
23330,McDonald,TN
23331,McEwen,TN
23332,McKenzie,TN
23333,McLemoresville,TN
23334,Mcminnville,TN
23335,Medina,TN
23336,Medon,TN
23337,Memphis,TN
23338,Mercer,TN
23339,Michie,TN
23340,Middleton,TN
23341,Midway,TN
23342,Milan,TN
23343,Milledgeville,TN
23344,Milligan,TN
23345,Millington,TN
23346,Milton,TN
23347,Minor Hill,TN
23348,Mohawk,TN
23349,Monroe,TN
23350,Monteagle,TN
23351,Monterey,TN
23352,Mooresburg,TN
23353,Morris Chapel,TN
23354,Morrison,TN
23355,Morristown,TN
23356,Moscow,TN
23357,Mosheim,TN
23358,Moss,TN
23359,Mount Carmel,TN
23360,Mount Juliet,TN
23361,Mount Pleasant,TN
23362,Mountain City,TN
23363,Mulberry,TN
23364,Munford,TN
23365,Murfreesboro,TN
23366,Nashville,TN
23367,New Johnsonville,TN
23368,New Market,TN
23369,New Tazewell,TN
23370,Newbern,TN
23371,Newcomb,TN
23372,Newport,TN
23373,Niota,TN
23374,Nolensville,TN
23375,Normandy,TN
23376,Norris,TN
23377,Nunnelly,TN
23378,Oak Ridge,TN
23379,Oakdale,TN
23380,Oakfield,TN
23381,Oakland,TN
23382,Obion,TN
23383,Ocoee,TN
23384,Old Fort,TN
23385,Old Hickory,TN
23386,Olivehill,TN
23387,Oliver Springs,TN
23388,Oneida,TN
23389,Only,TN
23390,Ooltewah,TN
23391,Orlinda,TN
23392,Pall Mall,TN
23393,Palmer,TN
23394,Palmersville,TN
23395,Palmyra,TN
23396,Paris,TN
23397,Parrottsville,TN
23398,Parsons,TN
23399,Pegram,TN
23400,Pelham,TN
23401,Petersburg,TN
23402,Petros,TN
23403,Philadelphia,TN
23404,Pickwick Dam,TN
23405,Pigeon Forge,TN
23406,Pikeville,TN
23407,Piney Flats,TN
23408,Pinson,TN
23409,Pioneer,TN
23410,Pleasant Hill,TN
23411,Pleasant Shade,TN
23412,Pleasant View,TN
23413,Pocahontas,TN
23414,Portland,TN
23415,Powder Springs,TN
23416,Powell,TN
23417,Primm Springs,TN
23418,Prospect,TN
23419,Pruden,TN
23420,Pulaski,TN
23421,Puryear,TN
23422,Quebeck,TN
23423,Ramer,TN
23424,Readyville,TN
23425,Reagan,TN
23426,Red Boiling Springs,TN
23427,Reliance,TN
23428,Riceville,TN
23429,Rickman,TN
23430,Riddleton,TN
23431,Ridgely,TN
23432,Ripley,TN
23433,Rives,TN
23434,Roan Mountain,TN
23435,Robbins,TN
23436,Rock Island,TN
23437,Rockford,TN
23438,Rockvale,TN
23439,Rockwood,TN
23440,Rocky Top,TN
23441,Rogersville,TN
23442,Rossville,TN
23443,Rugby,TN
23444,Russellville,TN
23445,Rutherford,TN
23446,Rutledge,TN
23447,Saint Joseph,TN
23448,Sale Creek,TN
23449,Saltillo,TN
23450,Samburg,TN
23451,Santa Fe,TN
23452,Sardis,TN
23453,Saulsbury,TN
23454,Savannah,TN
23455,Scotts Hill,TN
23456,Selmer,TN
23457,Sequatchie,TN
23458,Sevierville,TN
23459,Sewanee,TN
23460,Seymour,TN
23461,Shady Valley,TN
23462,Sharon,TN
23463,Sharps Chapel,TN
23464,Shelbyville,TN
23465,Sherwood,TN
23466,Shiloh,TN
23467,Signal Mountain,TN
23468,Silver Point,TN
23469,Slayden,TN
23470,Smithville,TN
23471,Smyrna,TN
23472,Sneedville,TN
23473,Soddy Daisy,TN
23474,Somerville,TN
23475,South Fulton,TN
23476,South Pittsburg,TN
23477,Southside,TN
23478,Sparta,TN
23479,Speedwell,TN
23480,Spencer,TN
23481,Spring City,TN
23482,Spring Hill,TN
23483,Springfield,TN
23484,Springville,TN
23485,Stanton,TN
23486,Stantonville,TN
23487,Stewart,TN
23488,Strawberry Plains,TN
23489,Sugar Tree,TN
23490,Summertown,TN
23491,Sunbright,TN
23492,Surgoinsville,TN
23493,Sweetwater,TN
23494,Taft,TN
23495,Talbott,TN
23496,Tallassee,TN
23497,Tazewell,TN
23498,Telford,TN
23499,Tellico Plains,TN
23500,Ten Mile,TN
23501,Tennessee Ridge,TN
23502,Thompsons Station,TN
23503,Thorn Hill,TN
23504,Tigrett,TN
23505,Tiptonville,TN
23506,Toone,TN
23507,Townsend,TN
23508,Tracy City,TN
23509,Trade,TN
23510,Trenton,TN
23511,Trezevant,TN
23512,Trimble,TN
23513,Troy,TN
23514,Tullahoma,TN
23515,Turtletown,TN
23516,Unicoi,TN
23517,Union City,TN
23518,Unionville,TN
23519,Vanleer,TN
23520,Viola,TN
23521,Vonore,TN
23522,Walland,TN
23523,Walling,TN
23524,Wartburg,TN
23525,Wartrace,TN
23526,Washburn,TN
23527,Watauga,TN
23528,Watertown,TN
23529,Waverly,TN
23530,Waynesboro,TN
23531,Westmoreland,TN
23532,Westpoint,TN
23533,Westport,TN
23534,White Bluff,TN
23535,White House,TN
23536,White Pine,TN
23537,Whites Creek,TN
23538,Whitesburg,TN
23539,Whiteside,TN
23540,Whiteville,TN
23541,Whitleyville,TN
23542,Whitwell,TN
23543,Wilder,TN
23544,Wildersville,TN
23545,Williamsport,TN
23546,Williston,TN
23547,Winchester,TN
23548,Winfield,TN
23549,Woodbury,TN
23550,Woodlawn,TN
23551,Wynnburg,TN
23552,Yorkville,TN
23553,Yuma,TN
23554,Abbott,TX
23555,Abernathy,TX
23556,Abilene,TX
23557,Ace,TX
23558,Ackerly,TX
23559,Addison,TX
23560,Adkins,TX
23561,Adrian,TX
23562,Afton,TX
23563,Agua Dulce,TX
23564,Alamo,TX
23565,Alanreed,TX
23566,Alba,TX
23567,Albany,TX
23568,Aledo,TX
23569,Alice,TX
23570,Allen,TX
23571,Alleyton,TX
23572,Allison,TX
23573,Alpine,TX
23574,Altair,TX
23575,Alto,TX
23576,Alvarado,TX
23577,Alvin,TX
23578,Alvord,TX
23579,Amarillo,TX
23580,Amherst,TX
23581,Anahuac,TX
23582,Anderson,TX
23583,Andrews,TX
23584,Angleton,TX
23585,Anna,TX
23586,Annona,TX
23587,Anson,TX
23588,Anthony,TX
23589,Anton,TX
23590,Apple Springs,TX
23591,Aquilla,TX
23592,Aransas Pass,TX
23593,Archer City,TX
23594,Argyle,TX
23595,Arlington,TX
23596,Armstrong,TX
23597,Arp,TX
23598,Art,TX
23599,Artesia Wells,TX
23600,Arthur City,TX
23601,Asherton,TX
23602,Aspermont,TX
23603,Atascosa,TX
23604,Athens,TX
23605,Atlanta,TX
23606,Aubrey,TX
23607,Austin,TX
23608,Austwell,TX
23609,Avalon,TX
23610,Avery,TX
23611,Avinger,TX
23612,Avoca,TX
23613,Axtell,TX
23614,Azle,TX
23615,Bacliff,TX
23616,Bagwell,TX
23617,Bailey,TX
23618,Baird,TX
23619,Balch Springs,TX
23620,Ballinger,TX
23621,Balmorhea,TX
23622,Bandera,TX
23623,Bangs,TX
23624,Banquete,TX
23625,Bardwell,TX
23626,Barksdale,TX
23627,Barnhart,TX
23628,Barry,TX
23629,Barstow,TX
23630,Bartlett,TX
23631,Bastrop,TX
23632,Batesville,TX
23633,Batson,TX
23634,Bay City,TX
23635,Bayside,TX
23636,Baytown,TX
23637,Beasley,TX
23638,Beaumont,TX
23639,Beckville,TX
23640,Bedford,TX
23641,Bedias,TX
23642,Beeville,TX
23643,Bellaire,TX
23644,Bellevue,TX
23645,Bells,TX
23646,Bellville,TX
23647,Belton,TX
23648,Ben Bolt,TX
23649,Ben Franklin,TX
23650,Ben Wheeler,TX
23651,Benavides,TX
23652,Bend,TX
23653,Benjamin,TX
23654,Berclair,TX
23655,Bergheim,TX
23656,Bertram,TX
23657,Big Bend National Park,TX
23658,Big Lake,TX
23659,Big Sandy,TX
23660,Big Spring,TX
23661,Big Wells,TX
23662,Bigfoot,TX
23663,Bishop,TX
23664,Bivins,TX
23665,Blackwell,TX
23666,Blanco,TX
23667,Blanket,TX
23668,Bledsoe,TX
23669,Bleiblerville,TX
23670,Blessing,TX
23671,Bloomburg,TX
23672,Blooming Grove,TX
23673,Bloomington,TX
23674,Blossom,TX
23675,Blue Ridge,TX
23676,Bluff Dale,TX
23677,Bluffton,TX
23678,Blum,TX
23679,Boerne,TX
23680,Bogata,TX
23681,Boling,TX
23682,Bon Wier,TX
23683,Bonham,TX
23684,Booker,TX
23685,Borger,TX
23686,Bovina,TX
23687,Bowie,TX
23688,Boyd,TX
23689,Boys Ranch,TX
23690,Brackettville,TX
23691,Brady,TX
23692,Brandon,TX
23693,Brashear,TX
23694,Brazoria,TX
23695,Breckenridge,TX
23696,Bremond,TX
23697,Brenham,TX
23698,Bridge City,TX
23699,Bridgeport,TX
23700,Briggs,TX
23701,Briscoe,TX
23702,Broaddus,TX
23703,Bronson,TX
23704,Bronte,TX
23705,Brookeland,TX
23706,Brookesmith,TX
23707,Brookshire,TX
23708,Brookston,TX
23709,Brownfield,TX
23710,Brownsboro,TX
23711,Brownsville,TX
23712,Brownwood,TX
23713,Bruceville,TX
23714,Bruni,TX
23715,Bryan,TX
23716,Bryson,TX
23717,Buchanan Dam,TX
23718,Buckholts,TX
23719,Buda,TX
23720,Buffalo,TX
23721,Buffalo Gap,TX
23722,Bullard,TX
23723,Bulverde,TX
23724,Buna,TX
23725,Burkburnett,TX
23726,Burkett,TX
23727,Burkeville,TX
23728,Burleson,TX
23729,Burlington,TX
23730,Burnet,TX
23731,Burton,TX
23732,Bushland,TX
23733,Byers,TX
23734,Bynum,TX
23735,Cactus,TX
23736,Caddo,TX
23737,Caddo Mills,TX
23738,Caldwell,TX
23739,Call,TX
23740,Calliham,TX
23741,Calvert,TX
23742,Camden,TX
23743,Cameron,TX
23744,Camp Wood,TX
23745,Campbell,TX
23746,Campbellton,TX
23747,Canadian,TX
23748,Canton,TX
23749,Canutillo,TX
23750,Canyon,TX
23751,Canyon Lake,TX
23752,Carbon,TX
23753,Carlsbad,TX
23754,Carlton,TX
23755,Carmine,TX
23756,Carrizo Springs,TX
23757,Carrollton,TX
23758,Carthage,TX
23759,Castell,TX
23760,Castle Hills,TX
23761,Castroville,TX
23762,Cat Spring,TX
23763,Catarina,TX
23764,Cedar Creek,TX
23765,Cedar Hill,TX
23766,Cedar Lane,TX
23767,Cedar Park,TX
23768,Cee Vee,TX
23769,Celeste,TX
23770,Celina,TX
23771,Center,TX
23772,Center Point,TX
23773,Centerville,TX
23774,Chandler,TX
23775,Channelview,TX
23776,Channing,TX
23777,Chapman Ranch,TX
23778,Chappell Hill,TX
23779,Charlotte,TX
23780,Chatfield,TX
23781,Cherokee,TX
23782,Chester,TX
23783,Chico,TX
23784,Childress,TX
23785,Chillicothe,TX
23786,Chilton,TX
23787,China,TX
23788,China Spring,TX
23789,Chireno,TX
23790,Christine,TX
23791,Christoval,TX
23792,Cibolo,TX
23793,Cisco,TX
23794,Clarendon,TX
23795,Clarksville,TX
23796,Claude,TX
23797,Cleburne,TX
23798,Cleveland,TX
23799,Clifton,TX
23800,Clint,TX
23801,Clute,TX
23802,Clyde,TX
23803,Coahoma,TX
23804,Coldspring,TX
23805,Coleman,TX
23806,College Station,TX
23807,Collegeport,TX
23808,Colleyville,TX
23809,Collinsville,TX
23810,Colmesneil,TX
23811,Colorado City,TX
23812,Columbus,TX
23813,Comanche,TX
23814,Combes,TX
23815,Comfort,TX
23816,Commerce,TX
23817,Como,TX
23818,Comstock,TX
23819,Concan,TX
23820,Concepcion,TX
23821,Conroe,TX
23822,Converse,TX
23823,Cookville,TX
23824,Coolidge,TX
23825,Cooper,TX
23826,Coppell,TX
23827,Copperas Cove,TX
23828,Corpus Christi,TX
23829,Corrigan,TX
23830,Corsicana,TX
23831,Cost,TX
23832,Cotton Center,TX
23833,Cotulla,TX
23834,Coupland,TX
23835,Covington,TX
23836,Coyanosa,TX
23837,Crandall,TX
23838,Crane,TX
23839,Cranfills Gap,TX
23840,Crawford,TX
23841,Cresson,TX
23842,Crockett,TX
23843,Crosby,TX
23844,Crosbyton,TX
23845,Cross Plains,TX
23846,Crowell,TX
23847,Crowley,TX
23848,Crystal City,TX
23849,Cuero,TX
23850,Cumby,TX
23851,Cuney,TX
23852,Cunningham,TX
23853,Cushing,TX
23854,Cypress,TX
23855,D Hanis,TX
23856,Daingerfield,TX
23857,Daisetta,TX
23858,Dale,TX
23859,Dalhart,TX
23860,Dallas,TX
23861,Damon,TX
23862,Danbury,TX
23863,Danciger,TX
23864,Danevang,TX
23865,Darrouzett,TX
23866,Davilla,TX
23867,Dawn,TX
23868,Dawson,TX
23869,Dayton,TX
23870,De Berry,TX
23871,De Kalb,TX
23872,De Leon,TX
23873,Deanville,TX
23874,Decatur,TX
23875,Deer Park,TX
23876,Del Rio,TX
23877,Del Valle,TX
23878,Dell City,TX
23879,Delmita,TX
23880,Denison,TX
23881,Dennis,TX
23882,Denton,TX
23883,Denver City,TX
23884,Deport,TX
23885,Desdemona,TX
23886,Desoto,TX
23887,Detroit,TX
23888,Devers,TX
23889,Devine,TX
23890,Deweyville,TX
23891,Diana,TX
23892,Diboll,TX
23893,Dickens,TX
23894,Dickinson,TX
23895,Dike,TX
23896,Dilley,TX
23897,Dime Box,TX
23898,Dimmitt,TX
23899,Dodd City,TX
23900,Dodge,TX
23901,Dodson,TX
23902,Donie,TX
23903,Donna,TX
23904,Doole,TX
23905,Doss,TX
23906,Doucette,TX
23907,Dougherty,TX
23908,Douglass,TX
23909,Douglassville,TX
23910,Driftwood,TX
23911,Dripping Springs,TX
23912,Driscoll,TX
23913,Dryden,TX
23914,Dublin,TX
23915,Dumas,TX
23916,Duncanville,TX
23917,Dyess Afb,TX
23918,Eagle Lake,TX
23919,Eagle Pass,TX
23920,Early,TX
23921,Earth,TX
23922,East Bernard,TX
23923,Eastland,TX
23924,Easton,TX
23925,Ecleto,TX
23926,Ector,TX
23927,Edcouch,TX
23928,Eddy,TX
23929,Eden,TX
23930,Edgewood,TX
23931,Edinburg,TX
23932,Edmonson,TX
23933,Edna,TX
23934,Edroy,TX
23935,Egypt,TX
23936,El Campo,TX
23937,El Indio,TX
23938,El Paso,TX
23939,Eldorado,TX
23940,Electra,TX
23941,Elgin,TX
23942,Elkhart,TX
23943,Ellinger,TX
23944,Elm Mott,TX
23945,Elmaton,TX
23946,Elmendorf,TX
23947,Elsa,TX
23948,Elysian Fields,TX
23949,Emory,TX
23950,Encinal,TX
23951,Encino,TX
23952,Energy,TX
23953,Enloe,TX
23954,Ennis,TX
23955,Enochs,TX
23956,Eola,TX
23957,Era,TX
23958,Estelline,TX
23959,Etoile,TX
23960,Euless,TX
23961,Eustace,TX
23962,Evadale,TX
23963,Evant,TX
23964,Fabens,TX
23965,Fairfield,TX
23966,Falcon Heights,TX
23967,Falfurrias,TX
23968,Falls City,TX
23969,Fannin,TX
23970,Farmers Branch,TX
23971,Farmersville,TX
23972,Farnsworth,TX
23973,Farwell,TX
23974,Fate,TX
23975,Fayetteville,TX
23976,Fentress,TX
23977,Ferris,TX
23978,Fieldton,TX
23979,Fischer,TX
23980,Flatonia,TX
23981,Flint,TX
23982,Flomot,TX
23983,Florence,TX
23984,Floresville,TX
23985,Flower Mound,TX
23986,Floydada,TX
23987,Fluvanna,TX
23988,Flynn,TX
23989,Follett,TX
23990,Forestburg,TX
23991,Forney,TX
23992,Forreston,TX
23993,Forsan,TX
23994,Fort Bliss,TX
23995,Fort Cavazos,TX
23996,Fort Davis,TX
23997,Fort Hancock,TX
23998,Fort McKavett,TX
23999,Fort Stockton,TX
24000,Fort Worth,TX
24001,Fowlerton,TX
24002,Francitas,TX
24003,Franklin,TX
24004,Frankston,TX
24005,Fred,TX
24006,Fredericksburg,TX
24007,Fredonia,TX
24008,Freeport,TX
24009,Freer,TX
24010,Fresno,TX
24011,Friendswood,TX
24012,Friona,TX
24013,Frisco,TX
24014,Fritch,TX
24015,Frost,TX
24016,Fruitvale,TX
24017,Fulshear,TX
24018,Fulton,TX
24019,Gail,TX
24020,Gainesville,TX
24021,Galena Park,TX
24022,Gallatin,TX
24023,Galveston,TX
24024,Ganado,TX
24025,Garciasville,TX
24026,Garden City,TX
24027,Gardendale,TX
24028,Garland,TX
24029,Garrison,TX
24030,Garwood,TX
24031,Gary,TX
24032,Gatesville,TX
24033,Gause,TX
24034,George West,TX
24035,Georgetown,TX
24036,Giddings,TX
24037,Gilchrist,TX
24038,Gillett,TX
24039,Gilmer,TX
24040,Girard,TX
24041,Gladewater,TX
24042,Glen Flora,TX
24043,Glen Rose,TX
24044,Glenn Heights,TX
24045,Glidden,TX
24046,Godley,TX
24047,Goldsboro,TX
24048,Goldsmith,TX
24049,Goldthwaite,TX
24050,Goliad,TX
24051,Gonzales,TX
24052,Goodfellow Afb,TX
24053,Goodrich,TX
24054,Gordon,TX
24055,Gordonville,TX
24056,Goree,TX
24057,Gorman,TX
24058,Gouldbusk,TX
24059,Graford,TX
24060,Graham,TX
24061,Granbury,TX
24062,Grand Prairie,TX
24063,Grand Saline,TX
24064,Grandfalls,TX
24065,Grandview,TX
24066,Granger,TX
24067,Grapeland,TX
24068,Grapevine,TX
24069,Greenville,TX
24070,Gregory,TX
24071,Groesbeck,TX
24072,Groom,TX
24073,Groves,TX
24074,Groveton,TX
24075,Grulla,TX
24076,Gruver,TX
24077,Guerra,TX
24078,Gunter,TX
24079,Gustine,TX
24080,Guthrie,TX
24081,Guy,TX
24082,Hale Center,TX
24083,Hallettsville,TX
24084,Hallsville,TX
24085,Haltom City,TX
24086,Hamilton,TX
24087,Hamlin,TX
24088,Hamshire,TX
24089,Hankamer,TX
24090,Happy,TX
24091,Hardin,TX
24092,Hargill,TX
24093,Harker Heights,TX
24094,Harleton,TX
24095,Harlingen,TX
24096,Harper,TX
24097,Harrold,TX
24098,Hart,TX
24099,Hartley,TX
24100,Harwood,TX
24101,Haskell,TX
24102,Haslet,TX
24103,Hawkins,TX
24104,Hawley,TX
24105,Hearne,TX
24106,Hebbronville,TX
24107,Hedley,TX
24108,Helotes,TX
24109,Hemphill,TX
24110,Hempstead,TX
24111,Henderson,TX
24112,Henrietta,TX
24113,Hereford,TX
24114,Hermleigh,TX
24115,Hewitt,TX
24116,Hext,TX
24117,Hico,TX
24118,Hidalgo,TX
24119,Higgins,TX
24120,High Island,TX
24121,Highlands,TX
24122,Hillister,TX
24123,Hillsboro,TX
24124,Hitchcock,TX
24125,Hobson,TX
24126,Hockley,TX
24127,Holland,TX
24128,Holliday,TX
24129,Hondo,TX
24130,Honey Grove,TX
24131,Hooks,TX
24132,Horseshoe Bay,TX
24133,Houston,TX
24134,Howe,TX
24135,Hubbard,TX
24136,Huffman,TX
24137,Hughes Springs,TX
24138,Hull,TX
24139,Humble,TX
24140,Hungerford,TX
24141,Hunt,TX
24142,Huntington,TX
24143,Huntsville,TX
24144,Hurst,TX
24145,Hutchins,TX
24146,Hutto,TX
24147,Hye,TX
24148,Idalou,TX
24149,Imperial,TX
24150,Industry,TX
24151,Inez,TX
24152,Ingleside,TX
24153,Ingram,TX
24154,Iola,TX
24155,Iowa Park,TX
24156,Ira,TX
24157,Iraan,TX
24158,Iredell,TX
24159,Irene,TX
24160,Irving,TX
24161,Italy,TX
24162,Itasca,TX
24163,Ivanhoe,TX
24164,Jacksboro,TX
24165,Jacksonville,TX
24166,Jarrell,TX
24167,Jasper,TX
24168,Jayton,TX
24169,Jbsa Ft Sam Houston,TX
24170,Jbsa Lackland,TX
24171,Jbsa Randolph,TX
24172,Jefferson,TX
24173,Jermyn,TX
24174,Jewett,TX
24175,Joaquin,TX
24176,Johnson City,TX
24177,Joinerville,TX
24178,Jonesboro,TX
24179,Jonesville,TX
24180,Josephine,TX
24181,Joshua,TX
24182,Jourdanton,TX
24183,Junction,TX
24184,Justiceburg,TX
24185,Justin,TX
24186,Karnack,TX
24187,Karnes City,TX
24188,Katy,TX
24189,Kaufman,TX
24190,Keene,TX
24191,Keller,TX
24192,Kemah,TX
24193,Kemp,TX
24194,Kempner,TX
24195,Kendalia,TX
24196,Kendleton,TX
24197,Kenedy,TX
24198,Kennard,TX
24199,Kennedale,TX
24200,Kerens,TX
24201,Kermit,TX
24202,Kerrick,TX
24203,Kerrville,TX
24204,Kildare,TX
24205,Kilgore,TX
24206,Killeen,TX
24207,Kingsbury,TX
24208,Kingsland,TX
24209,Kingsville,TX
24210,Kingwood,TX
24211,Kirbyville,TX
24212,Kirvin,TX
24213,Klondike,TX
24214,Knickerbocker,TX
24215,Knippa,TX
24216,Knott,TX
24217,Knox City,TX
24218,Kopperl,TX
24219,Kosse,TX
24220,Kountze,TX
24221,Kress,TX
24222,Krum,TX
24223,Kyle,TX
24224,La Blanca,TX
24225,La Coste,TX
24226,La Feria,TX
24227,La Grange,TX
24228,La Joya,TX
24229,La Marque,TX
24230,La Porte,TX
24231,La Pryor,TX
24232,La Salle,TX
24233,La Vernia,TX
24234,La Villa,TX
24235,La Ward,TX
24236,Ladonia,TX
24237,Lake Creek,TX
24238,Lake Dallas,TX
24239,Lake Jackson,TX
24240,Lakeview,TX
24241,Lakeway,TX
24242,Lamesa,TX
24243,Lampasas,TX
24244,Lancaster,TX
24245,Lane City,TX
24246,Laneville,TX
24247,Langtry,TX
24248,Laredo,TX
24249,Larue,TX
24250,Lasara,TX
24251,Latexo,TX
24252,Laughlin Afb,TX
24253,Lavon,TX
24254,Lawn,TX
24255,Lazbuddie,TX
24256,League City,TX
24257,Leakey,TX
24258,Leander,TX
24259,Ledbetter,TX
24260,Leesburg,TX
24261,Leesville,TX
24262,Lefors,TX
24263,Leggett,TX
24264,Lelia Lake,TX
24265,Leming,TX
24266,Lenorah,TX
24267,Leon Valley,TX
24268,Leona,TX
24269,Leonard,TX
24270,Leroy,TX
24271,Levelland,TX
24272,Lewisville,TX
24273,Lexington,TX
24274,Liberty,TX
24275,Liberty Hill,TX
24276,Lillian,TX
24277,Lincoln,TX
24278,Lindale,TX
24279,Linden,TX
24280,Lindsay,TX
24281,Linn,TX
24282,Lipan,TX
24283,Lipscomb,TX
24284,Lissie,TX
24285,Little Elm,TX
24286,Little River Academy,TX
24287,Littlefield,TX
24288,Live Oak,TX
24289,Liverpool,TX
24290,Livingston,TX
24291,Llano,TX
24292,Lockhart,TX
24293,Lockney,TX
24294,Lodi,TX
24295,Lohn,TX
24296,Lolita,TX
24297,Lometa,TX
24298,London,TX
24299,Lone Oak,TX
24300,Lone Star,TX
24301,Long Branch,TX
24302,Longview,TX
24303,Loop,TX
24304,Lopeno,TX
24305,Loraine,TX
24306,Lorena,TX
24307,Lorenzo,TX
24308,Los Ebanos,TX
24309,Los Fresnos,TX
24310,Los Indios,TX
24311,Lott,TX
24312,Louise,TX
24313,Lovelady,TX
24314,Loving,TX
24315,Lubbock,TX
24316,Lueders,TX
24317,Lufkin,TX
24318,Luling,TX
24319,Lumberton,TX
24320,Lyford,TX
24321,Lyons,TX
24322,Lytle,TX
24323,Mabank,TX
24324,Madisonville,TX
24325,Magnolia,TX
24326,Malakoff,TX
24327,Malone,TX
24328,Manchaca,TX
24329,Manor,TX
24330,Mansfield,TX
24331,Manvel,TX
24332,Maple,TX
24333,Marathon,TX
24334,Marble Falls,TX
24335,Marfa,TX
24336,Marietta,TX
24337,Marion,TX
24338,Markham,TX
24339,Marlin,TX
24340,Marquez,TX
24341,Marshall,TX
24342,Mart,TX
24343,Martindale,TX
24344,Maryneal,TX
24345,Mason,TX
24346,Masterson,TX
24347,Matador,TX
24348,Matagorda,TX
24349,Mathis,TX
24350,Maud,TX
24351,Maxwell,TX
24352,May,TX
24353,Maypearl,TX
24354,Mcadoo,TX
24355,Mcallen,TX
24356,McCamey,TX
24357,McCaulley,TX
24358,McDade,TX
24359,Mcfaddin,TX
24360,Mcgregor,TX
24361,Mckinney,TX
24362,Mclean,TX
24363,McLeod,TX
24364,McQueeney,TX
24365,Meadow,TX
24366,Medina,TX
24367,Megargel,TX
24368,Melissa,TX
24369,Melvin,TX
24370,Memphis,TX
24371,Menard,TX
24372,Mentone,TX
24373,Mercedes,TX
24374,Mereta,TX
24375,Meridian,TX
24376,Merkel,TX
24377,Mertens,TX
24378,Mertzon,TX
24379,Mesquite,TX
24380,Mexia,TX
24381,Meyersville,TX
24382,Miami,TX
24383,Mico,TX
24384,Midfield,TX
24385,Midkiff,TX
24386,Midland,TX
24387,Midlothian,TX
24388,Midway,TX
24389,Milam,TX
24390,Milano,TX
24391,Miles,TX
24392,Milford,TX
24393,Millersview,TX
24394,Millican,TX
24395,Millsap,TX
24396,Minden,TX
24397,Mineola,TX
24398,Mineral,TX
24399,Mineral Wells,TX
24400,Mingus,TX
24401,Mirando City,TX
24402,Mission,TX
24403,Missouri City,TX
24404,Mobeetie,TX
24405,Monahans,TX
24406,Mont Belvieu,TX
24407,Montague,TX
24408,Montalba,TX
24409,Montgomery,TX
24410,Moody,TX
24411,Moore,TX
24412,Moran,TX
24413,Morgan,TX
24414,Morse,TX
24415,Morton,TX
24416,Moscow,TX
24417,Moulton,TX
24418,Mount Calm,TX
24419,Mount Enterprise,TX
24420,Mount Pleasant,TX
24421,Mount Vernon,TX
24422,Mountain Home,TX
24423,Muenster,TX
24424,Muldoon,TX
24425,Muleshoe,TX
24426,Mullin,TX
24427,Mumford,TX
24428,Munday,TX
24429,Murchison,TX
24430,Myra,TX
24431,Nacogdoches,TX
24432,Nada,TX
24433,Naples,TX
24434,Nash,TX
24435,Natalia,TX
24436,Naval Air Station Jrb,TX
24437,Navasota,TX
24438,Nazareth,TX
24439,Neches,TX
24440,Nederland,TX
24441,Needville,TX
24442,Nemo,TX
24443,Nevada,TX
24444,New Boston,TX
24445,New Braunfels,TX
24446,New Caney,TX
24447,New Deal,TX
24448,New Home,TX
24449,New London,TX
24450,New Summerfield,TX
24451,New Ulm,TX
24452,New Waverly,TX
24453,Newark,TX
24454,Newcastle,TX
24455,Newton,TX
24456,Nixon,TX
24457,Nocona,TX
24458,Nolan,TX
24459,Nolanville,TX
24460,Nome,TX
24461,Nordheim,TX
24462,Normangee,TX
24463,Normanna,TX
24464,North Richland Hills,TX
24465,North Zulch,TX
24466,Norton,TX
24467,Notrees,TX
24468,Novice,TX
24469,Nursery,TX
24470,O'Brien,TX
24471,Oakhurst,TX
24472,Oakland,TX
24473,Oakwood,TX
24474,Odell,TX
24475,Odem,TX
24476,Odessa,TX
24477,Odonnell,TX
24478,Oglesby,TX
24479,Oilton,TX
24480,Oklaunion,TX
24481,Old Glory,TX
24482,Olden,TX
24483,Olmito,TX
24484,Olney,TX
24485,Olton,TX
24486,Omaha,TX
24487,Onalaska,TX
24488,Orange,TX
24489,Orange Grove,TX
24490,Orchard,TX
24491,Ore City,TX
24492,Orla,TX
24493,Ottine,TX
24494,Ovalo,TX
24495,Overton,TX
24496,Ozona,TX
24497,Paducah,TX
24498,Paige,TX
24499,Paint Rock,TX
24500,Palacios,TX
24501,Palestine,TX
24502,Palmer,TX
24503,Palo Pinto,TX
24504,Pampa,TX
24505,Pandora,TX
24506,Panhandle,TX
24507,Panna Maria,TX
24508,Paradise,TX
24509,Paris,TX
24510,Pasadena,TX
24511,Pattison,TX
24512,Pattonville,TX
24513,Pawnee,TX
24514,Pearland,TX
24515,Pearsall,TX
24516,Pecan Gap,TX
24517,Pecos,TX
24518,Peggy,TX
24519,Penelope,TX
24520,Penitas,TX
24521,Pennington,TX
24522,Penwell,TX
24523,Pep,TX
24524,Perrin,TX
24525,Perryton,TX
24526,Petersburg,TX
24527,Petrolia,TX
24528,Pettus,TX
24529,Petty,TX
24530,Pflugerville,TX
24531,Pharr,TX
24532,Pickton,TX
24533,Pierce,TX
24534,Pilot Point,TX
24535,Pinehurst,TX
24536,Pineland,TX
24537,Pipe Creek,TX
24538,Pittsburg,TX
24539,Placedo,TX
24540,Plains,TX
24541,Plainview,TX
24542,Plano,TX
24543,Plantersville,TX
24544,Pleasanton,TX
24545,Pledger,TX
24546,Point,TX
24547,Point Comfort,TX
24548,Pointblank,TX
24549,Pollok,TX
24550,Ponder,TX
24551,Pontotoc,TX
24552,Poolville,TX
24553,Port Aransas,TX
24554,Port Arthur,TX
24555,Port Bolivar,TX
24556,Port Isabel,TX
24557,Port Lavaca,TX
24558,Port Mansfield,TX
24559,Port Neches,TX
24560,Port O'Connor,TX
24561,Porter,TX
24562,Portland,TX
24563,Post,TX
24564,Poteet,TX
24565,Poth,TX
24566,Pottsboro,TX
24567,Pottsville,TX
24568,Powderly,TX
24569,Powell,TX
24570,Poynor,TX
24571,Prairie Hill,TX
24572,Prairie Lea,TX
24573,Prairie View,TX
24574,Premont,TX
24575,Presidio,TX
24576,Price,TX
24577,Priddy,TX
24578,Princeton,TX
24579,Progreso,TX
24580,Prosper,TX
24581,Purdon,TX
24582,Purmela,TX
24583,Putnam,TX
24584,Pyote,TX
24585,Quail,TX
24586,Quanah,TX
24587,Queen City,TX
24588,Quemado,TX
24589,Quinlan,TX
24590,Quitaque,TX
24591,Quitman,TX
24592,Rainbow,TX
24593,Ralls,TX
24594,Randolph,TX
24595,Ranger,TX
24596,Rankin,TX
24597,Ransom Canyon,TX
24598,Ratcliff,TX
24599,Ravenna,TX
24600,Raymondville,TX
24601,Raywood,TX
24602,Reagan,TX
24603,Realitos,TX
24604,Red Oak,TX
24605,Red Rock,TX
24606,Redford,TX
24607,Redwater,TX
24608,Refugio,TX
24609,Reklaw,TX
24610,Rhome,TX
24611,Rice,TX
24612,Richards,TX
24613,Richardson,TX
24614,Richland,TX
24615,Richland Springs,TX
24616,Richmond,TX
24617,Riesel,TX
24618,Ringgold,TX
24619,Rio Frio,TX
24620,Rio Grande City,TX
24621,Rio Hondo,TX
24622,Rio Medina,TX
24623,Rio Vista,TX
24624,Rising Star,TX
24625,Riverside,TX
24626,Riviera,TX
24627,Roanoke,TX
24628,Roans Prairie,TX
24629,Roaring Springs,TX
24630,Robert Lee,TX
24631,Robstown,TX
24632,Roby,TX
24633,Rochelle,TX
24634,Rochester,TX
24635,Rock Island,TX
24636,Rockdale,TX
24637,Rockport,TX
24638,Rocksprings,TX
24639,Rockwall,TX
24640,Rockwood,TX
24641,Rogers,TX
24642,Roma,TX
24643,Romayor,TX
24644,Roosevelt,TX
24645,Ropesville,TX
24646,Rosanky,TX
24647,Roscoe,TX
24648,Rosebud,TX
24649,Rosenberg,TX
24650,Rosharon,TX
24651,Rosser,TX
24652,Rosston,TX
24653,Rotan,TX
24654,Round Mountain,TX
24655,Round Rock,TX
24656,Round Top,TX
24657,Rowena,TX
24658,Rowlett,TX
24659,Roxton,TX
24660,Royse City,TX
24661,Rule,TX
24662,Runge,TX
24663,Rusk,TX
24664,Rye,TX
24665,Sabinal,TX
24666,Sabine Pass,TX
24667,Sachse,TX
24668,Sacul,TX
24669,Sadler,TX
24670,Saginaw,TX
24671,Saint Hedwig,TX
24672,Saint Jo,TX
24673,Salado,TX
24674,Salineno,TX
24675,Salt Flat,TX
24676,Saltillo,TX
24677,San Angelo,TX
24678,San Antonio,TX
24679,San Augustine,TX
24680,San Benito,TX
24681,San Diego,TX
24682,San Elizario,TX
24683,San Felipe,TX
24684,San Isidro,TX
24685,San Juan,TX
24686,San Marcos,TX
24687,San Perlita,TX
24688,San Saba,TX
24689,San Ygnacio,TX
24690,Sanderson,TX
24691,Sandia,TX
24692,Sanford,TX
24693,Sanger,TX
24694,Santa Anna,TX
24695,Santa Elena,TX
24696,Santa Fe,TX
24697,Santa Maria,TX
24698,Santa Rosa,TX
24699,Santo,TX
24700,Saragosa,TX
24701,Saratoga,TX
24702,Sarita,TX
24703,Satin,TX
24704,Savoy,TX
24705,Schertz,TX
24706,Schulenburg,TX
24707,Schwertner,TX
24708,Scotland,TX
24709,Scroggins,TX
24710,Scurry,TX
24711,Seabrook,TX
24712,Seadrift,TX
24713,Seagoville,TX
24714,Seagraves,TX
24715,Sealy,TX
24716,Sebastian,TX
24717,Seguin,TX
24718,Selma,TX
24719,Selman City,TX
24720,Seminole,TX
24721,Seymour,TX
24722,Shallowater,TX
24723,Shamrock,TX
24724,Sheffield,TX
24725,Shelbyville,TX
24726,Shenandoah,TX
24727,Shepherd,TX
24728,Sheppard Afb,TX
24729,Sheridan,TX
24730,Sherman,TX
24731,Shiner,TX
24732,Shiro,TX
24733,Sidney,TX
24734,Sierra Blanca,TX
24735,Silsbee,TX
24736,Silverton,TX
24737,Simms,TX
24738,Simonton,TX
24739,Sinton,TX
24740,Skellytown,TX
24741,Skidmore,TX
24742,Slaton,TX
24743,Slidell,TX
24744,Smiley,TX
24745,Smithville,TX
24746,Smyer,TX
24747,Snook,TX
24748,Snyder,TX
24749,Somerset,TX
24750,Somerville,TX
24751,Sonora,TX
24752,Sour Lake,TX
24753,South Bend,TX
24754,South Houston,TX
24755,South Padre Island,TX
24756,South Plains,TX
24757,Southlake,TX
24758,Southmayd,TX
24759,Spade,TX
24760,Spearman,TX
24761,Spicewood,TX
24762,Splendora,TX
24763,Spring,TX
24764,Spring Branch,TX
24765,Springlake,TX
24766,Springtown,TX
24767,Spur,TX
24768,Spurger,TX
24769,Stafford,TX
24770,Stamford,TX
24771,Stanton,TX
24772,Staples,TX
24773,Star,TX
24774,Stephenville,TX
24775,Sterling City,TX
24776,Stinnett,TX
24777,Stockdale,TX
24778,Stonewall,TX
24779,Stowell,TX
24780,Stratford,TX
24781,Strawn,TX
24782,Streetman,TX
24783,Sublime,TX
24784,Sudan,TX
24785,Sugar Land,TX
24786,Sullivan City,TX
24787,Sulphur Bluff,TX
24788,Sulphur Springs,TX
24789,Summerfield,TX
24790,Sumner,TX
24791,Sundown,TX
24792,Sunnyvale,TX
24793,Sunray,TX
24794,Sunset,TX
24795,Sunset Valley,TX
24796,Sutherland Springs,TX
24797,Sweeny,TX
24798,Sweet Home,TX
24799,Sweetwater,TX
24800,Sylvester,TX
24801,Taft,TX
24802,Tahoka,TX
24803,Talco,TX
24804,Talpa,TX
24805,Tarpley,TX
24806,Tarzan,TX
24807,Tatum,TX
24808,Taylor,TX
24809,Teague,TX
24810,Tehuacana,TX
24811,Telephone,TX
24812,Telferner,TX
24813,Tell,TX
24814,Temple,TX
24815,Tenaha,TX
24816,Tennessee Colony,TX
24817,Tennyson,TX
24818,Terlingua,TX
24819,Terrell,TX
24820,Texarkana,TX
24821,Texas City,TX
24822,Texhoma,TX
24823,Texline,TX
24824,The Colony,TX
24825,Thicket,TX
24826,Thompsons,TX
24827,Thorndale,TX
24828,Thornton,TX
24829,Thrall,TX
24830,Three Rivers,TX
24831,Throckmorton,TX
24832,Tilden,TX
24833,Timpson,TX
24834,Tioga,TX
24835,Tivoli,TX
24836,Tokio,TX
24837,Tolar,TX
24838,Tom Bean,TX
24839,Tomball,TX
24840,Tornillo,TX
24841,Tow,TX
24842,Toyah,TX
24843,Trent,TX
24844,Trenton,TX
24845,Trinidad,TX
24846,Trinity,TX
24847,Troup,TX
24848,Troy,TX
24849,Tuleta,TX
24850,Tulia,TX
24851,Turkey,TX
24852,Tuscola,TX
24853,Tye,TX
24854,Tyler,TX
24855,Tynan,TX
24856,Umbarger,TX
24857,Universal City,TX
24858,Utopia,TX
24859,Uvalde,TX
24860,Valentine,TX
24861,Valera,TX
24862,Valley Mills,TX
24863,Valley Spring,TX
24864,Valley View,TX
24865,Van,TX
24866,Van Alstyne,TX
24867,Van Horn,TX
24868,Van Vleck,TX
24869,Vancourt,TX
24870,Vanderbilt,TX
24871,Vanderpool,TX
24872,Vega,TX
24873,Venus,TX
24874,Vernon,TX
24875,Victoria,TX
24876,Vidor,TX
24877,Village Mills,TX
24878,Voca,TX
24879,Von Ormy,TX
24880,Voss,TX
24881,Votaw,TX
24882,Waco,TX
24883,Wadsworth,TX
24884,Waelder,TX
24885,Waka,TX
24886,Wall,TX
24887,Waller,TX
24888,Wallis,TX
24889,Wallisville,TX
24890,Walnut Springs,TX
24891,Waring,TX
24892,Warren,TX
24893,Washington,TX
24894,Waskom,TX
24895,Water Valley,TX
24896,Waxahachie,TX
24897,Wayside,TX
24898,Weatherford,TX
24899,Webster,TX
24900,Weesatche,TX
24901,Weimar,TX
24902,Weinert,TX
24903,Weir,TX
24904,Welch,TX
24905,Wellington,TX
24906,Wellman,TX
24907,Wells,TX
24908,Weslaco,TX
24909,West,TX
24910,West Columbia,TX
24911,West Orange,TX
24912,West Point,TX
24913,Westbrook,TX
24914,Westhoff,TX
24915,Wharton,TX
24916,Wheeler,TX
24917,Wheelock,TX
24918,White Deer,TX
24919,White Oak,TX
24920,Whiteface,TX
24921,Whitehouse,TX
24922,Whitesboro,TX
24923,Whitewright,TX
24924,Whitharral,TX
24925,Whitney,TX
24926,Whitsett,TX
24927,Whitt,TX
24928,Wichita Falls,TX
24929,Wickett,TX
24930,Wiergate,TX
24931,Wildorado,TX
24932,Willis,TX
24933,Willow City,TX
24934,Wills Point,TX
24935,Wilmer,TX
24936,Wilson,TX
24937,Wimberley,TX
24938,Windom,TX
24939,Windthorst,TX
24940,Winfield,TX
24941,Wingate,TX
24942,Wink,TX
24943,Winnie,TX
24944,Winnsboro,TX
24945,Winona,TX
24946,Winters,TX
24947,Wolfe City,TX
24948,Wolfforth,TX
24949,Woodlake,TX
24950,Woodlawn,TX
24951,Woodsboro,TX
24952,Woodson,TX
24953,Woodville,TX
24954,Woodway,TX
24955,Wortham,TX
24956,Wrightsboro,TX
24957,Wylie,TX
24958,Yancey,TX
24959,Yantis,TX
24960,Yoakum,TX
24961,Yorktown,TX
24962,Zapata,TX
24963,Zavalla,TX
24964,Zephyr,TX
24965,Alpine,UT
24966,Altamont,UT
24967,Alton,UT
24968,Altonah,UT
24969,American Fork,UT
24970,Annabella,UT
24971,Antimony,UT
24972,Aurora,UT
24973,Axtell,UT
24974,Bear River City,UT
24975,Beaver,UT
24976,Beryl,UT
24977,Bicknell,UT
24978,Bingham Canyon,UT
24979,Blanding,UT
24980,Bluebell,UT
24981,Bluff,UT
24982,Bonanza,UT
24983,Boulder,UT
24984,Bountiful,UT
24985,Brian Head,UT
24986,Brigham City,UT
24987,Bryce,UT
24988,Cache Junction,UT
24989,Cannonville,UT
24990,Castle Dale,UT
24991,Cedar City,UT
24992,Cedar Valley,UT
24993,Centerfield,UT
24994,Centerville,UT
24995,Central,UT
24996,Chester,UT
24997,Circleville,UT
24998,Cisco,UT
24999,Clarkston,UT
25000,Clawson,UT
25001,Clearfield,UT
25002,Cleveland,UT
25003,Coalville,UT
25004,Collinston,UT
25005,Corinne,UT
25006,Cornish,UT
25007,Cottonwood Heights,UT
25008,Croydon,UT
25009,Dammeron Valley,UT
25010,Delta,UT
25011,Deweyville,UT
25012,Draper,UT
25013,Duchesne,UT
25014,Duck Creek Village,UT
25015,Dugway,UT
25016,Dutch John,UT
25017,Eagle Mountain,UT
25018,East Carbon,UT
25019,Echo,UT
25020,Eden,UT
25021,Elberta,UT
25022,Elmo,UT
25023,Elsinore,UT
25024,Emery,UT
25025,Enterprise,UT
25026,Ephraim,UT
25027,Escalante,UT
25028,Eureka,UT
25029,Fairview,UT
25030,Farmington,UT
25031,Fayette,UT
25032,Ferron,UT
25033,Fielding,UT
25034,Fillmore,UT
25035,Fort Duchesne,UT
25036,Fountain Green,UT
25037,Fruitland,UT
25038,Garden City,UT
25039,Garland,UT
25040,Garrison,UT
25041,Glendale,UT
25042,Glenwood,UT
25043,Goshen,UT
25044,Grantsville,UT
25045,Green River,UT
25046,Greenville,UT
25047,Greenwich,UT
25048,Grouse Creek,UT
25049,Gunlock,UT
25050,Gunnison,UT
25051,Hanksville,UT
25052,Hanna,UT
25053,Hatch,UT
25054,Heber City,UT
25055,Helper,UT
25056,Henefer,UT
25057,Henrieville,UT
25058,Herriman,UT
25059,Hildale,UT
25060,Hill Air Force Base,UT
25061,Hinckley,UT
25062,Holden,UT
25063,Holladay,UT
25064,Honeyville,UT
25065,Hooper,UT
25066,Howell,UT
25067,Huntington,UT
25068,Huntsville,UT
25069,Hurricane,UT
25070,Hyde Park,UT
25071,Hyrum,UT
25072,Ibapah,UT
25073,Ivins,UT
25074,Jensen,UT
25075,Joseph,UT
25076,Junction,UT
25077,Kamas,UT
25078,Kanab,UT
25079,Kanarraville,UT
25080,Kanosh,UT
25081,Kaysville,UT
25082,Kenilworth,UT
25083,Kingston,UT
25084,Koosharem,UT
25085,La Sal,UT
25086,La Verkin,UT
25087,Lake Point,UT
25088,Lake Powell,UT
25089,Laketown,UT
25090,Lapoint,UT
25091,Layton,UT
25092,Leamington,UT
25093,Leeds,UT
25094,Lehi,UT
25095,Levan,UT
25096,Lewiston,UT
25097,Lindon,UT
25098,Loa,UT
25099,Logan,UT
25100,Lyman,UT
25101,Lynndyl,UT
25102,Magna,UT
25103,Manila,UT
25104,Manti,UT
25105,Mantua,UT
25106,Mapleton,UT
25107,Marysvale,UT
25108,Mayfield,UT
25109,Meadow,UT
25110,Mendon,UT
25111,Mexican Hat,UT
25112,Midvale,UT
25113,Midway,UT
25114,Milford,UT
25115,Millville,UT
25116,Minersville,UT
25117,Moab,UT
25118,Modena,UT
25119,Mona,UT
25120,Monroe,UT
25121,Montezuma Creek,UT
25122,Monticello,UT
25123,Monument Valley,UT
25124,Morgan,UT
25125,Moroni,UT
25126,Mount Carmel,UT
25127,Mount Pleasant,UT
25128,Mountain Home,UT
25129,Murray,UT
25130,Myton,UT
25131,Neola,UT
25132,Nephi,UT
25133,New Harmony,UT
25134,Newcastle,UT
25135,Newton,UT
25136,North Salt Lake,UT
25137,Oak City,UT
25138,Oakley,UT
25139,Ogden,UT
25140,Orangeville,UT
25141,Orderville,UT
25142,Orem,UT
25143,Panguitch,UT
25144,Paradise,UT
25145,Paragonah,UT
25146,Park City,UT
25147,Park Valley,UT
25148,Parowan,UT
25149,Payson,UT
25150,Peoa,UT
25151,Pine Valley,UT
25152,Pleasant Grove,UT
25153,Plymouth,UT
25154,Portage,UT
25155,Price,UT
25156,Providence,UT
25157,Provo,UT
25158,Randlett,UT
25159,Randolph,UT
25160,Redmond,UT
25161,Richfield,UT
25162,Richmond,UT
25163,Riverside,UT
25164,Riverton,UT
25165,Rockville,UT
25166,Roosevelt,UT
25167,Roy,UT
25168,Rush Valley,UT
25169,Saint George,UT
25170,Salem,UT
25171,Salina,UT
25172,Salt Lake City,UT
25173,Sandy,UT
25174,Santa Clara,UT
25175,Santaquin,UT
25176,Saratoga Springs,UT
25177,Scipio,UT
25178,Sevier,UT
25179,Sigurd,UT
25180,Slc,UT
25181,Smithfield,UT
25182,Snowville,UT
25183,South Jordan,UT
25184,South Salt Lake,UT
25185,Spanish Fork,UT
25186,Spring City,UT
25187,Springdale,UT
25188,Springville,UT
25189,Sterling,UT
25190,Stockton,UT
25191,Summit,UT
25192,Sunnyside,UT
25193,Syracuse,UT
25194,Tabiona,UT
25195,Talmage,UT
25196,Taylorsville,UT
25197,Teasdale,UT
25198,Thompson,UT
25199,Tooele,UT
25200,Toquerville,UT
25201,Torrey,UT
25202,Tremonton,UT
25203,Trenton,UT
25204,Tridell,UT
25205,Tropic,UT
25206,Vernal,UT
25207,Vernon,UT
25208,Veyo,UT
25209,Vineyard,UT
25210,Virgin,UT
25211,Wales,UT
25212,Wallsburg,UT
25213,Washington,UT
25214,Washington Terrace,UT
25215,Wellington,UT
25216,Wellsville,UT
25217,Wendover,UT
25218,West Haven,UT
25219,West Jordan,UT
25220,West Valley City,UT
25221,Whiterocks,UT
25222,Willard,UT
25223,Woodruff,UT
25224,Woods Cross,UT
25225,Abingdon,VA
25226,Accomac,VA
25227,Afton,VA
25228,Alberta,VA
25229,Aldie,VA
25230,Alexandria,VA
25231,Altavista,VA
25232,Alton,VA
25233,Amelia Court House,VA
25234,Amherst,VA
25235,Amissville,VA
25236,Amonate,VA
25237,Annandale,VA
25238,Appalachia,VA
25239,Appomattox,VA
25240,Ararat,VA
25241,Arlington,VA
25242,Aroda,VA
25243,Arrington,VA
25244,Arvonia,VA
25245,Ashburn,VA
25246,Ashland,VA
25247,Assawoman,VA
25248,Atkins,VA
25249,Atlantic,VA
25250,Augusta Springs,VA
25251,Austinville,VA
25252,Axton,VA
25253,Aylett,VA
25254,Bacova,VA
25255,Banco,VA
25256,Bandy,VA
25257,Barboursville,VA
25258,Barhamsville,VA
25259,Barren Springs,VA
25260,Baskerville,VA
25261,Bassett,VA
25262,Bastian,VA
25263,Basye,VA
25264,Battery Park,VA
25265,Bealeton,VA
25266,Beaverdam,VA
25267,Bedford,VA
25268,Bee,VA
25269,Belle Haven,VA
25270,Belspring,VA
25271,Bent Mountain,VA
25272,Bentonville,VA
25273,Bergton,VA
25274,Berryville,VA
25275,Big Island,VA
25276,Big Rock,VA
25277,Big Stone Gap,VA
25278,Birchleaf,VA
25279,Birdsnest,VA
25280,Bishop,VA
25281,Blacksburg,VA
25282,Blackstone,VA
25283,Blackwater,VA
25284,Blairs,VA
25285,Bland,VA
25286,Bloxom,VA
25287,Blue Grass,VA
25288,Blue Ridge,VA
25289,Bluefield,VA
25290,Bluemont,VA
25291,Bohannon,VA
25292,Boissevain,VA
25293,Boones Mill,VA
25294,Boston,VA
25295,Bowling Green,VA
25296,Boyce,VA
25297,Boydton,VA
25298,Boykins,VA
25299,Bracey,VA
25300,Branchville,VA
25301,Brandy Station,VA
25302,Breaks,VA
25303,Bremo Bluff,VA
25304,Bridgewater,VA
25305,Brightwood,VA
25306,Bristol,VA
25307,Bristow,VA
25308,Broad Run,VA
25309,Broadford,VA
25310,Broadway,VA
25311,Brodnax,VA
25312,Brookneal,VA
25313,Brownsburg,VA
25314,Bruington,VA
25315,Buchanan,VA
25316,Buckingham,VA
25317,Buena Vista,VA
25318,Buffalo Junction,VA
25319,Bumpass,VA
25320,Burgess,VA
25321,Burke,VA
25322,Burkeville,VA
25323,Burr Hill,VA
25324,Callands,VA
25325,Callao,VA
25326,Callaway,VA
25327,Calverton,VA
25328,Cana,VA
25329,Cape Charles,VA
25330,Capron,VA
25331,Cardinal,VA
25332,Caret,VA
25333,Carrollton,VA
25334,Carrsville,VA
25335,Carson,VA
25336,Cartersville,VA
25337,Casanova,VA
25338,Cascade,VA
25339,Castleton,VA
25340,Castlewood,VA
25341,Catawba,VA
25342,Catharpin,VA
25343,Catlett,VA
25344,Cedar Bluff,VA
25345,Center Cross,VA
25346,Centreville,VA
25347,Ceres,VA
25348,Champlain,VA
25349,Chantilly,VA
25350,Charles City,VA
25351,Charlotte Court House,VA
25352,Charlottesville,VA
25353,Chase City,VA
25354,Chatham,VA
25355,Check,VA
25356,Cheriton,VA
25357,Chesapeake,VA
25358,Chester,VA
25359,Chester Gap,VA
25360,Chesterfield,VA
25361,Chilhowie,VA
25362,Chincoteague Island,VA
25363,Christiansburg,VA
25364,Church Road,VA
25365,Church View,VA
25366,Churchville,VA
25367,Claremont,VA
25368,Clarksville,VA
25369,Claudville,VA
25370,Clear Brook,VA
25371,Cleveland,VA
25372,Clifton,VA
25373,Clifton Forge,VA
25374,Clinchco,VA
25375,Clintwood,VA
25376,Clover,VA
25377,Cloverdale,VA
25378,Cobbs Creek,VA
25379,Coeburn,VA
25380,Coleman Falls,VA
25381,Collinsville,VA
25382,Colonial Beach,VA
25383,Colonial Heights,VA
25384,Columbia,VA
25385,Concord,VA
25386,Copper Hill,VA
25387,Courtland,VA
25388,Covesville,VA
25389,Covington,VA
25390,Craigsville,VA
25391,Crewe,VA
25392,Criders,VA
25393,Crimora,VA
25394,Cripple Creek,VA
25395,Critz,VA
25396,Crockett,VA
25397,Cross Junction,VA
25398,Crozet,VA
25399,Crozier,VA
25400,Crystal Hill,VA
25401,Cullen,VA
25402,Culpeper,VA
25403,Cumberland,VA
25404,Dahlgren,VA
25405,Daleville,VA
25406,Damascus,VA
25407,Dante,VA
25408,Danville,VA
25409,Davenport,VA
25410,Dayton,VA
25411,Deerfield,VA
25412,Delaplane,VA
25413,Deltaville,VA
25414,Dendron,VA
25415,Dewitt,VA
25416,Diggs,VA
25417,Dillwyn,VA
25418,Dinwiddie,VA
25419,Disputanta,VA
25420,Doe Hill,VA
25421,Dolphin,VA
25422,Doran,VA
25423,Doswell,VA
25424,Drakes Branch,VA
25425,Draper,VA
25426,Drewryville,VA
25427,Dry Fork,VA
25428,Dryden,VA
25429,Dublin,VA
25430,Duffield,VA
25431,Dugspur,VA
25432,Dumfries,VA
25433,Dundas,VA
25434,Dungannon,VA
25435,Dunn Loring,VA
25436,Dunnsville,VA
25437,Dutton,VA
25438,Dyke,VA
25439,Eagle Rock,VA
25440,Earlysville,VA
25441,East Stone Gap,VA
25442,Eastville,VA
25443,Ebony,VA
25444,Edinburg,VA
25445,Eggleston,VA
25446,Elberon,VA
25447,Elk Creek,VA
25448,Elkton,VA
25449,Elkwood,VA
25450,Elliston,VA
25451,Emory,VA
25452,Emporia,VA
25453,Esmont,VA
25454,Etlan,VA
25455,Evington,VA
25456,Ewing,VA
25457,Exmore,VA
25458,Faber,VA
25459,Fairfax,VA
25460,Fairfax Station,VA
25461,Fairfield,VA
25462,Falls Church,VA
25463,Falls Mills,VA
25464,Fancy Gap,VA
25465,Farmville,VA
25466,Farnham,VA
25467,Ferrum,VA
25468,Fieldale,VA
25469,Fincastle,VA
25470,Fishersville,VA
25471,Flint Hill,VA
25472,Floyd,VA
25473,Ford,VA
25474,Forest,VA
25475,Fork Union,VA
25476,Fort Belvoir,VA
25477,Fort Blackmore,VA
25478,Fort Defiance,VA
25479,Fort Eustis,VA
25480,Fort Gregg Adams,VA
25481,Fort Monroe,VA
25482,Fort Myer,VA
25483,Fort Valley,VA
25484,Foster,VA
25485,Franklin,VA
25486,Franktown,VA
25487,Fredericksburg,VA
25488,Free Union,VA
25489,Freeman,VA
25490,Fries,VA
25491,Front Royal,VA
25492,Fulks Run,VA
25493,Gainesville,VA
25494,Galax,VA
25495,Gasburg,VA
25496,Gate City,VA
25497,Glade Hill,VA
25498,Glade Spring,VA
25499,Gladstone,VA
25500,Gladys,VA
25501,Glasgow,VA
25502,Glen Allen,VA
25503,Glen Lyn,VA
25504,Gloucester,VA
25505,Gloucester Point,VA
25506,Goldvein,VA
25507,Goochland,VA
25508,Goode,VA
25509,Goodview,VA
25510,Gordonsville,VA
25511,Gore,VA
25512,Goshen,VA
25513,Great Falls,VA
25514,Green Bay,VA
25515,Greenbackville,VA
25516,Greenbush,VA
25517,Greenville,VA
25518,Greenwood,VA
25519,Gretna,VA
25520,Grottoes,VA
25521,Grundy,VA
25522,Gum Spring,VA
25523,Gwynn,VA
25524,Hacksneck,VA
25525,Hague,VA
25526,Halifax,VA
25527,Hallieford,VA
25528,Hallwood,VA
25529,Hamilton,VA
25530,Hampden Sydney,VA
25531,Hampton,VA
25532,Hanover,VA
25533,Harborton,VA
25534,Hardy,VA
25535,Hardyville,VA
25536,Harrisonburg,VA
25537,Hartfield,VA
25538,Hayes,VA
25539,Haymarket,VA
25540,Haynesville,VA
25541,Haysi,VA
25542,Haywood,VA
25543,Head Waters,VA
25544,Heathsville,VA
25545,Henrico,VA
25546,Henry,VA
25547,Herndon,VA
25548,Highland Springs,VA
25549,Hillsville,VA
25550,Hiltons,VA
25551,Hinton,VA
25552,Hiwassee,VA
25553,Honaker,VA
25554,Hood,VA
25555,Hopewell,VA
25556,Horntown,VA
25557,Hot Springs,VA
25558,Howardsville,VA
25559,Huddleston,VA
25560,Hudgins,VA
25561,Hume,VA
25562,Huntly,VA
25563,Hurley,VA
25564,Hurt,VA
25565,Hustle,VA
25566,Independence,VA
25567,Indian Valley,VA
25568,Iron Gate,VA
25569,Irvington,VA
25570,Ivanhoe,VA
25571,Ivor,VA
25572,Jamaica,VA
25573,Jamestown,VA
25574,Jamesville,VA
25575,Jarratt,VA
25576,Java,VA
25577,Jeffersonton,VA
25578,Jetersville,VA
25579,Jewell Ridge,VA
25580,Jonesville,VA
25581,Keeling,VA
25582,Keene,VA
25583,Keezletown,VA
25584,Keller,VA
25585,Kenbridge,VA
25586,Kents Store,VA
25587,Keokee,VA
25588,Keswick,VA
25589,Keysville,VA
25590,Kilmarnock,VA
25591,King And Queen Court House,VA
25592,King George,VA
25593,King William,VA
25594,Kinsale,VA
25595,La Crosse,VA
25596,Lambsburg,VA
25597,Lancaster,VA
25598,Laneview,VA
25599,Lanexa,VA
25600,Laurel Fork,VA
25601,Lawrenceville,VA
25602,Lebanon,VA
25603,Leesburg,VA
25604,Leon,VA
25605,Lexington,VA
25606,Lignum,VA
25607,Linden,VA
25608,Linville,VA
25609,Little Plymouth,VA
25610,Locust Dale,VA
25611,Locust Grove,VA
25612,Locust Hill,VA
25613,Long Island,VA
25614,Loretto,VA
25615,Lorton,VA
25616,Lottsburg,VA
25617,Louisa,VA
25618,Lovettsville,VA
25619,Lovingston,VA
25620,Low Moor,VA
25621,Lowry,VA
25622,Lunenburg,VA
25623,Luray,VA
25624,Lynch Station,VA
25625,Lynchburg,VA
25626,Lyndhurst,VA
25627,Machipongo,VA
25628,Madison,VA
25629,Madison Heights,VA
25630,Maidens,VA
25631,Manakin Sabot,VA
25632,Manassas,VA
25633,Manassas Park,VA
25634,Manquin,VA
25635,Mappsville,VA
25636,Marion,VA
25637,Marionville,VA
25638,Markham,VA
25639,Marshall,VA
25640,Martinsville,VA
25641,Mascot,VA
25642,Mathews,VA
25643,Mattaponi,VA
25644,Maurertown,VA
25645,Max Meadows,VA
25646,Mc Lean,VA
25647,McClure,VA
25648,McDowell,VA
25649,McGaheysville,VA
25650,McKenney,VA
25651,McLean,VA
25652,Meadows Of Dan,VA
25653,Meadowview,VA
25654,Mears,VA
25655,Mechanicsville,VA
25656,Meherrin,VA
25657,Melfa,VA
25658,Mendota,VA
25659,Middlebrook,VA
25660,Middleburg,VA
25661,Middletown,VA
25662,Midland,VA
25663,Midlothian,VA
25664,Milford,VA
25665,Millboro,VA
25666,Millwood,VA
25667,Mineral,VA
25668,Mitchells,VA
25669,Moneta,VA
25670,Monroe,VA
25671,Montebello,VA
25672,Monterey,VA
25673,Montpelier,VA
25674,Montpelier Station,VA
25675,Montross,VA
25676,Montvale,VA
25677,Moon,VA
25678,Moseley,VA
25679,Mount Crawford,VA
25680,Mount Jackson,VA
25681,Mount Sidney,VA
25682,Mount Solon,VA
25683,Mouth Of Wilson,VA
25684,Narrows,VA
25685,Nassawadox,VA
25686,Nathalie,VA
25687,Natural Bridge,VA
25688,Natural Bridge Station,VA
25689,Nellysford,VA
25690,Nelson,VA
25691,Nelsonia,VA
25692,New Canton,VA
25693,New Castle,VA
25694,New Church,VA
25695,New Hope,VA
25696,New Kent,VA
25697,New Market,VA
25698,New River,VA
25699,Newport,VA
25700,Newport News,VA
25701,Newsoms,VA
25702,Newtown,VA
25703,Nickelsville,VA
25704,Nokesville,VA
25705,Nora,VA
25706,Norfolk,VA
25707,North,VA
25708,North Garden,VA
25709,North Tazewell,VA
25710,Norton,VA
25711,Norwood,VA
25712,Nottoway,VA
25713,Oak Hall,VA
25714,Oakpark,VA
25715,Oakton,VA
25716,Oakwood,VA
25717,Occoquan,VA
25718,Oilville,VA
25719,Oldhams,VA
25720,Onancock,VA
25721,Onemo,VA
25722,Onley,VA
25723,Orange,VA
25724,Orkney Springs,VA
25725,Paeonian Springs,VA
25726,Paint Bank,VA
25727,Painter,VA
25728,Palmyra,VA
25729,Pamplin,VA
25730,Paris,VA
25731,Parksley,VA
25732,Parrott,VA
25733,Partlow,VA
25734,Patrick Springs,VA
25735,Pearisburg,VA
25736,Pembroke,VA
25737,Penhook,VA
25738,Penn Laird,VA
25739,Pennington Gap,VA
25740,Petersburg,VA
25741,Phenix,VA
25742,Pilgrims Knob,VA
25743,Pilot,VA
25744,Piney River,VA
25745,Pittsville,VA
25746,Pocahontas,VA
25747,Poquoson,VA
25748,Port Haywood,VA
25749,Port Republic,VA
25750,Port Royal,VA
25751,Portsmouth,VA
25752,Pound,VA
25753,Pounding Mill,VA
25754,Powhatan,VA
25755,Pratts,VA
25756,Prince George,VA
25757,Prospect,VA
25758,Providence Forge,VA
25759,Pulaski,VA
25760,Pungoteague,VA
25761,Purcellville,VA
25762,Quantico,VA
25763,Quicksburg,VA
25764,Quinby,VA
25765,Quinton,VA
25766,Radford,VA
25767,Radiant,VA
25768,Randolph,VA
25769,Raphine,VA
25770,Rapidan,VA
25771,Rappahannock Academy,VA
25772,Raven,VA
25773,Rawlings,VA
25774,Rectortown,VA
25775,Red House,VA
25776,Red Oak,VA
25777,Reedville,VA
25778,Remington,VA
25779,Reston,VA
25780,Reva,VA
25781,Rhoadesville,VA
25782,Rice,VA
25783,Rich Creek,VA
25784,Richardsville,VA
25785,Richlands,VA
25786,Richmond,VA
25787,Ridgeway,VA
25788,Rileyville,VA
25789,Riner,VA
25790,Ringgold,VA
25791,Ripplemead,VA
25792,Rixeyville,VA
25793,Roanoke,VA
25794,Rochelle,VA
25795,Rockbridge Baths,VA
25796,Rockville,VA
25797,Rocky Gap,VA
25798,Rocky Mount,VA
25799,Rose Hill,VA
25800,Rosedale,VA
25801,Roseland,VA
25802,Round Hill,VA
25803,Rowe,VA
25804,Ruckersville,VA
25805,Rural Retreat,VA
25806,Rustburg,VA
25807,Ruther Glen,VA
25808,Ruthville,VA
25809,Saint Charles,VA
25810,Saint Paul,VA
25811,Saint Stephens Church,VA
25812,Salem,VA
25813,Saltville,VA
25814,Saluda,VA
25815,Sandston,VA
25816,Sandy Hook,VA
25817,Sandy Level,VA
25818,Sanford,VA
25819,Saxe,VA
25820,Saxis,VA
25821,Schuyler,VA
25822,Scottsburg,VA
25823,Scottsville,VA
25824,Seaford,VA
25825,Sedley,VA
25826,Selma,VA
25827,Shacklefords,VA
25828,Sharps,VA
25829,Shawsville,VA
25830,Shenandoah,VA
25831,Shipman,VA
25832,Singers Glen,VA
25833,Skippers,VA
25834,Skipwith,VA
25835,Smithfield,VA
25836,Somerset,VA
25837,South Boston,VA
25838,South Hill,VA
25839,South Riding,VA
25840,Speedwell,VA
25841,Spencer,VA
25842,Sperryville,VA
25843,Spotsylvania,VA
25844,Spout Spring,VA
25845,Spring Grove,VA
25846,Springfield,VA
25847,Stafford,VA
25848,Staffordsville,VA
25849,Stanardsville,VA
25850,Stanley,VA
25851,Stanleytown,VA
25852,Star Tannery,VA
25853,State Farm,VA
25854,Staunton,VA
25855,Steeles Tavern,VA
25856,Stephens City,VA
25857,Stephenson,VA
25858,Sterling,VA
25859,Stevensburg,VA
25860,Stevensville,VA
25861,Stony Creek,VA
25862,Strasburg,VA
25863,Stuart,VA
25864,Stuarts Draft,VA
25865,Suffolk,VA
25866,Sugar Grove,VA
25867,Sumerduck,VA
25868,Surry,VA
25869,Susan,VA
25870,Sussex,VA
25871,Sutherland,VA
25872,Sutherlin,VA
25873,Sweet Briar,VA
25874,Swoope,VA
25875,Swords Creek,VA
25876,Syria,VA
25877,Tangier,VA
25878,Tannersville,VA
25879,Tappahannock,VA
25880,Tasley,VA
25881,Tazewell,VA
25882,Temperanceville,VA
25883,Thaxton,VA
25884,The Plains,VA
25885,Timberville,VA
25886,Toano,VA
25887,Toms Brook,VA
25888,Topping,VA
25889,Triangle,VA
25890,Troutdale,VA
25891,Troutville,VA
25892,Troy,VA
25893,Tyro,VA
25894,Union Hall,VA
25895,Unionville,VA
25896,Upperville,VA
25897,Urbanna,VA
25898,Valentines,VA
25899,Vansant,VA
25900,Vernon Hill,VA
25901,Verona,VA
25902,Vesuvius,VA
25903,Victoria,VA
25904,Vienna,VA
25905,Viewtown,VA
25906,Vinton,VA
25907,Virgilina,VA
25908,Virginia Beach,VA
25909,Wachapreague,VA
25910,Wake,VA
25911,Wakefield,VA
25912,Walkerton,VA
25913,Wallops Island,VA
25914,Warfield,VA
25915,Warm Springs,VA
25916,Warrenton,VA
25917,Warsaw,VA
25918,Washington,VA
25919,Water View,VA
25920,Waterford,VA
25921,Waverly,VA
25922,Waynesboro,VA
25923,Weber City,VA
25924,Weems,VA
25925,West Augusta,VA
25926,West Point,VA
25927,Weyers Cave,VA
25928,White Plains,VA
25929,White Post,VA
25930,White Stone,VA
25931,Whitetop,VA
25932,Whitewood,VA
25933,Williamsburg,VA
25934,Williamsville,VA
25935,Willis,VA
25936,Willis Wharf,VA
25937,Wilsons,VA
25938,Winchester,VA
25939,Windsor,VA
25940,Wingina,VA
25941,Wirtz,VA
25942,Wise,VA
25943,Withams,VA
25944,Woodberry Forest,VA
25945,Woodbridge,VA
25946,Woodford,VA
25947,Woodlawn,VA
25948,Woodstock,VA
25949,Woodville,VA
25950,Woolwine,VA
25951,Wylliesburg,VA
25952,Wytheville,VA
25953,Yale,VA
25954,Yorktown,VA
25955,Zuni,VA
25956,Christiansted,VI
25957,Frederiksted,VI
25958,Kingshill,VI
25959,St John,VI
25960,St Thomas,VI
25961,Adamant,VT
25962,Albany,VT
25963,Alburgh,VT
25964,Arlington,VT
25965,Ascutney,VT
25966,Averill,VT
25967,Bakersfield,VT
25968,Barnard,VT
25969,Barnet,VT
25970,Barre,VT
25971,Barton,VT
25972,Beecher Falls,VT
25973,Bellows Falls,VT
25974,Belmont,VT
25975,Belvidere Center,VT
25976,Bennington,VT
25977,Benson,VT
25978,Bethel,VT
25979,Bomoseen,VT
25980,Bondville,VT
25981,Bradford,VT
25982,Brandon,VT
25983,Brattleboro,VT
25984,Bridgewater,VT
25985,Bridgewater Corners,VT
25986,Bridport,VT
25987,Bristol,VT
25988,Brookfield,VT
25989,Brownsville,VT
25990,Burlington,VT
25991,Cabot,VT
25992,Calais,VT
25993,Cambridge,VT
25994,Cambridgeport,VT
25995,Canaan,VT
25996,Castleton,VT
25997,Cavendish,VT
25998,Center Rutland,VT
25999,Charlotte,VT
26000,Chelsea,VT
26001,Chester,VT
26002,Chittenden,VT
26003,Colchester,VT
26004,Concord,VT
26005,Corinth,VT
26006,Coventry,VT
26007,Craftsbury,VT
26008,Craftsbury Common,VT
26009,Cuttingsville,VT
26010,Danby,VT
26011,Danville,VT
26012,Derby,VT
26013,Derby Line,VT
26014,Dorset,VT
26015,East Arlington,VT
26016,East Barre,VT
26017,East Berkshire,VT
26018,East Burke,VT
26019,East Calais,VT
26020,East Charleston,VT
26021,East Corinth,VT
26022,East Dorset,VT
26023,East Dover,VT
26024,East Fairfield,VT
26025,East Hardwick,VT
26026,East Haven,VT
26027,East Montpelier,VT
26028,East Randolph,VT
26029,East Ryegate,VT
26030,East Thetford,VT
26031,East Wallingford,VT
26032,Eden,VT
26033,Eden Mills,VT
26034,Enosburg Falls,VT
26035,Essex Junction,VT
26036,Fair Haven,VT
26037,Fairfax,VT
26038,Fairfield,VT
26039,Fairlee,VT
26040,Ferrisburgh,VT
26041,Florence,VT
26042,Franklin,VT
26043,Gaysville,VT
26044,Gilman,VT
26045,Glover,VT
26046,Grafton,VT
26047,Granby,VT
26048,Grand Isle,VT
26049,Graniteville,VT
26050,Granville,VT
26051,Greensboro,VT
26052,Greensboro Bend,VT
26053,Groton,VT
26054,Guildhall,VT
26055,Hancock,VT
26056,Hardwick,VT
26057,Hartland,VT
26058,Highgate Center,VT
26059,Hinesburg,VT
26060,Huntington,VT
26061,Hyde Park,VT
26062,Irasburg,VT
26063,Island Pond,VT
26064,Isle La Motte,VT
26065,Jacksonville,VT
26066,Jamaica,VT
26067,Jeffersonville,VT
26068,Jericho,VT
26069,Johnson,VT
26070,Killington,VT
26071,Londonderry,VT
26072,Lowell,VT
26073,Ludlow,VT
26074,Lunenburg,VT
26075,Lyndon Center,VT
26076,Lyndonville,VT
26077,Manchester,VT
26078,Manchester Center,VT
26079,Marlboro,VT
26080,Marshfield,VT
26081,McIndoe Falls,VT
26082,Middlebury,VT
26083,Middletown Springs,VT
26084,Milton,VT
26085,Montgomery Center,VT
26086,Montpelier,VT
26087,Moretown,VT
26088,Morgan,VT
26089,Morrisville,VT
26090,Mount Holly,VT
26091,New Haven,VT
26092,Newbury,VT
26093,Newfane,VT
26094,Newport,VT
26095,Newport Center,VT
26096,North Bennington,VT
26097,North Clarendon,VT
26098,North Concord,VT
26099,North Ferrisburgh,VT
26100,North Hartland,VT
26101,North Hero,VT
26102,North Montpelier,VT
26103,North Pomfret,VT
26104,North Pownal,VT
26105,North Springfield,VT
26106,North Troy,VT
26107,Northfield,VT
26108,Northfield Falls,VT
26109,Norton,VT
26110,Norwich,VT
26111,Orleans,VT
26112,Orwell,VT
26113,Pawlet,VT
26114,Peacham,VT
26115,Perkinsville,VT
26116,Peru,VT
26117,Pittsfield,VT
26118,Pittsford,VT
26119,Plainfield,VT
26120,Plymouth,VT
26121,Post Mills,VT
26122,Poultney,VT
26123,Pownal,VT
26124,Proctor,VT
26125,Proctorsville,VT
26126,Putney,VT
26127,Quechee,VT
26128,Randolph,VT
26129,Randolph Center,VT
26130,Reading,VT
26131,Readsboro,VT
26132,Richford,VT
26133,Richmond,VT
26134,Ripton,VT
26135,Rochester,VT
26136,Roxbury,VT
26137,Rupert,VT
26138,Rutland,VT
26139,Saint Albans,VT
26140,Saint Albans Bay,VT
26141,Saint Johnsbury,VT
26142,Salisbury,VT
26143,Saxtons River,VT
26144,Shaftsbury,VT
26145,Sharon,VT
26146,Sheffield,VT
26147,Shelburne,VT
26148,Sheldon,VT
26149,Sheldon Springs,VT
26150,Shoreham,VT
26151,South Barre,VT
26152,South Burlington,VT
26153,South Hero,VT
26154,South Londonderry,VT
26155,South Newfane,VT
26156,South Pomfret,VT
26157,South Royalton,VT
26158,South Ryegate,VT
26159,South Strafford,VT
26160,South Woodstock,VT
26161,Springfield,VT
26162,Stamford,VT
26163,Starksboro,VT
26164,Stockbridge,VT
26165,Stowe,VT
26166,Strafford,VT
26167,Sutton,VT
26168,Swanton,VT
26169,Taftsville,VT
26170,Thetford Center,VT
26171,Topsham,VT
26172,Townshend,VT
26173,Troy,VT
26174,Tunbridge,VT
26175,Underhill,VT
26176,Vergennes,VT
26177,Vernon,VT
26178,Vershire,VT
26179,Waitsfield,VT
26180,Wallingford,VT
26181,Wardsboro,VT
26182,Warren,VT
26183,Washington,VT
26184,Waterbury,VT
26185,Waterbury Center,VT
26186,Waterville,VT
26187,Websterville,VT
26188,Wells,VT
26189,Wells River,VT
26190,West Burke,VT
26191,West Charleston,VT
26192,West Danville,VT
26193,West Dover,VT
26194,West Fairlee,VT
26195,West Halifax,VT
26196,West Hartford,VT
26197,West Pawlet,VT
26198,West Rupert,VT
26199,West Rutland,VT
26200,West Topsham,VT
26201,West Townshend,VT
26202,West Wardsboro,VT
26203,Westfield,VT
26204,Westford,VT
26205,Westminster,VT
26206,Weston,VT
26207,White River Junction,VT
26208,Whiting,VT
26209,Whitingham,VT
26210,Wilder,VT
26211,Williamstown,VT
26212,Williamsville,VT
26213,Williston,VT
26214,Wilmington,VT
26215,Windsor,VT
26216,Winooski,VT
26217,Wolcott,VT
26218,Woodbury,VT
26219,Woodstock,VT
26220,Worcester,VT
26221,Aberdeen,WA
26222,Acme,WA
26223,Addy,WA
26224,Airway Heights,WA
26225,Albion,WA
26226,Allyn,WA
26227,Almira,WA
26228,Amanda Park,WA
26229,Amboy,WA
26230,Anacortes,WA
26231,Anatone,WA
26232,Anderson Island,WA
26233,Appleton,WA
26234,Ardenvoir,WA
26235,Ariel,WA
26236,Arlington,WA
26237,Ashford,WA
26238,Asotin,WA
26239,Auburn,WA
26240,Bainbridge Island,WA
26241,Baring,WA
26242,Battle Ground,WA
26243,Bay Center,WA
26244,Beaver,WA
26245,Belfair,WA
26246,Bellevue,WA
26247,Bellingham,WA
26248,Benge,WA
26249,Benton City,WA
26250,Beverly,WA
26251,Bickleton,WA
26252,Bingen,WA
26253,Black Diamond,WA
26254,Blaine,WA
26255,Blakely Island,WA
26256,Bonney Lake,WA
26257,Bothell,WA
26258,Bow,WA
26259,Bremerton,WA
26260,Brewster,WA
26261,Bridgeport,WA
26262,Brinnon,WA
26263,Brush Prairie,WA
26264,Buckley,WA
26265,Bucoda,WA
26266,Buena,WA
26267,Burbank,WA
26268,Burlington,WA
26269,Camano Island,WA
26270,Camas,WA
26271,Camp Murray,WA
26272,Carbonado,WA
26273,Carlton,WA
26274,Carnation,WA
26275,Carrolls,WA
26276,Carson,WA
26277,Cashmere,WA
26278,Castle Rock,WA
26279,Cathlamet,WA
26280,Centerville,WA
26281,Centralia,WA
26282,Chattaroy,WA
26283,Chehalis,WA
26284,Chelan,WA
26285,Chelan Falls,WA
26286,Cheney,WA
26287,Chewelah,WA
26288,Chimacum,WA
26289,Chinook,WA
26290,Cinebar,WA
26291,Clallam Bay,WA
26292,Clarkston,WA
26293,Clayton,WA
26294,Cle Elum,WA
26295,Clearlake,WA
26296,Clinton,WA
26297,Colbert,WA
26298,Colfax,WA
26299,College Place,WA
26300,Colton,WA
26301,Colville,WA
26302,Conconully,WA
26303,Concrete,WA
26304,Connell,WA
26305,Conway,WA
26306,Copalis Beach,WA
26307,Copalis Crossing,WA
26308,Cosmopolis,WA
26309,Cougar,WA
26310,Coulee City,WA
26311,Coulee Dam,WA
26312,Coupeville,WA
26313,Covington,WA
26314,Cowiche,WA
26315,Creston,WA
26316,Curlew,WA
26317,Curtis,WA
26318,Cusick,WA
26319,Custer,WA
26320,Dallesport,WA
26321,Danville,WA
26322,Darrington,WA
26323,Davenport,WA
26324,Dayton,WA
26325,Deer Harbor,WA
26326,Deer Park,WA
26327,Deming,WA
26328,Des Moines,WA
26329,Dixie,WA
26330,Doty,WA
26331,Dryden,WA
26332,Dupont,WA
26333,Duvall,WA
26334,East Wenatchee,WA
26335,Easton,WA
26336,Eastsound,WA
26337,Eatonville,WA
26338,Edmonds,WA
26339,Edwall,WA
26340,Elbe,WA
26341,Electric City,WA
26342,Elk,WA
26343,Ellensburg,WA
26344,Elma,WA
26345,Elmer City,WA
26346,Eltopia,WA
26347,Endicott,WA
26348,Entiat,WA
26349,Enumclaw,WA
26350,Ephrata,WA
26351,Ethel,WA
26352,Evans,WA
26353,Everett,WA
26354,Everson,WA
26355,Fairchild Air Force Base,WA
26356,Fairfield,WA
26357,Fall City,WA
26358,Farmington,WA
26359,Federal Way,WA
26360,Ferndale,WA
26361,Fife,WA
26362,Ford,WA
26363,Forks,WA
26364,Four Lakes,WA
26365,Fox Island,WA
26366,Freeland,WA
26367,Friday Harbor,WA
26368,Fruitland,WA
26369,Galvin,WA
26370,Garfield,WA
26371,George,WA
26372,Gifford,WA
26373,Gig Harbor,WA
26374,Glenoma,WA
26375,Glenwood,WA
26376,Gold Bar,WA
26377,Goldendale,WA
26378,Graham,WA
26379,Grand Coulee,WA
26380,Grandview,WA
26381,Granger,WA
26382,Granite Falls,WA
26383,Grapeview,WA
26384,Grayland,WA
26385,Grays River,WA
26386,Greenacres,WA
26387,Greenbank,WA
26388,Hamilton,WA
26389,Hansville,WA
26390,Harrah,WA
26391,Harrington,WA
26392,Hartline,WA
26393,Hay,WA
26394,Hobart,WA
26395,Hoodsport,WA
26396,Hooper,WA
26397,Hoquiam,WA
26398,Humptulips,WA
26399,Hunters,WA
26400,Husum,WA
26401,Ilwaco,WA
26402,Inchelium,WA
26403,Index,WA
26404,Indianola,WA
26405,Ione,WA
26406,Issaquah,WA
26407,Kahlotus,WA
26408,Kalama,WA
26409,Keller,WA
26410,Kelso,WA
26411,Kenmore,WA
26412,Kennewick,WA
26413,Kent,WA
26414,Kettle Falls,WA
26415,Keyport,WA
26416,Kingston,WA
26417,Kirkland,WA
26418,Kittitas,WA
26419,Klickitat,WA
26420,La Center,WA
26421,La Conner,WA
26422,La Push,WA
26423,Lacey,WA
26424,Lacrosse,WA
26425,Lake Forest Park,WA
26426,Lake Stevens,WA
26427,Lakebay,WA
26428,Lakewood,WA
26429,Lamona,WA
26430,Lamont,WA
26431,Langley,WA
26432,Latah,WA
26433,Laurier,WA
26434,Leavenworth,WA
26435,Liberty Lake,WA
26436,Lilliwaup,WA
26437,Lincoln,WA
26438,Lind,WA
26439,Littlerock,WA
26440,Long Beach,WA
26441,Longbranch,WA
26442,Longview,WA
26443,Loomis,WA
26444,Loon Lake,WA
26445,Lopez Island,WA
26446,Lummi Island,WA
26447,Lyle,WA
26448,Lyman,WA
26449,Lynden,WA
26450,Lynnwood,WA
26451,Mabton,WA
26452,Malaga,WA
26453,Malden,WA
26454,Malo,WA
26455,Malone,WA
26456,Malott,WA
26457,Manchester,WA
26458,Mansfield,WA
26459,Manson,WA
26460,Maple Falls,WA
26461,Maple Valley,WA
26462,Marblemount,WA
26463,Marcus,WA
26464,Marlin,WA
26465,Marshall,WA
26466,Marysville,WA
26467,Matlock,WA
26468,Mattawa,WA
26469,Mazama,WA
26470,Mcchord Afb,WA
26471,Mccleary,WA
26472,Mckenna,WA
26473,Mead,WA
26474,Medical Lake,WA
26475,Medina,WA
26476,Mercer Island,WA
26477,Mesa,WA
26478,Metaline,WA
26479,Metaline Falls,WA
26480,Methow,WA
26481,Mica,WA
26482,Mill Creek,WA
26483,Milton,WA
26484,Mineral,WA
26485,Moclips,WA
26486,Mohler,WA
26487,Monitor,WA
26488,Monroe,WA
26489,Montesano,WA
26490,Morton,WA
26491,Moses Lake,WA
26492,Mossyrock,WA
26493,Mount Vernon,WA
26494,Mountlake Terrace,WA
26495,Moxee,WA
26496,Mukilteo,WA
26497,Naches,WA
26498,Napavine,WA
26499,Naselle,WA
26500,Neah Bay,WA
26501,Neilton,WA
26502,Nespelem,WA
26503,Newcastle,WA
26504,Newman Lake,WA
26505,Newport,WA
26506,Nine Mile Falls,WA
26507,Nooksack,WA
26508,Nordland,WA
26509,North Bend,WA
26510,North Bonneville,WA
26511,Northport,WA
26512,Oak Harbor,WA
26513,Oakesdale,WA
26514,Oakville,WA
26515,Ocean Park,WA
26516,Ocean Shores,WA
26517,Odessa,WA
26518,Okanogan,WA
26519,Olalla,WA
26520,Olga,WA
26521,Olympia,WA
26522,Omak,WA
26523,Onalaska,WA
26524,Orcas,WA
26525,Orient,WA
26526,Orondo,WA
26527,Oroville,WA
26528,Orting,WA
26529,Othello,WA
26530,Otis Orchards,WA
26531,Outlook,WA
26532,Oysterville,WA
26533,Pacific,WA
26534,Pacific Beach,WA
26535,Packwood,WA
26536,Palisades,WA
26537,Palouse,WA
26538,Parker,WA
26539,Pasco,WA
26540,Pateros,WA
26541,Paterson,WA
26542,Pe Ell,WA
26543,Peshastin,WA
26544,Plymouth,WA
26545,Point Roberts,WA
26546,Pomeroy,WA
26547,Port Angeles,WA
26548,Port Gamble,WA
26549,Port Hadlock,WA
26550,Port Ludlow,WA
26551,Port Orchard,WA
26552,Port Townsend,WA
26553,Poulsbo,WA
26554,Prescott,WA
26555,Preston,WA
26556,Prosser,WA
26557,Pullman,WA
26558,Puyallup,WA
26559,Quilcene,WA
26560,Quinault,WA
26561,Quincy,WA
26562,Rainier,WA
26563,Randle,WA
26564,Ravensdale,WA
26565,Raymond,WA
26566,Reardan,WA
26567,Redmond,WA
26568,Renton,WA
26569,Republic,WA
26570,Rice,WA
26571,Richland,WA
26572,Ridgefield,WA
26573,Ritzville,WA
26574,Riverside,WA
26575,Rochester,WA
26576,Rock Island,WA
26577,Rockford,WA
26578,Rockport,WA
26579,Ronald,WA
26580,Roosevelt,WA
26581,Rosalia,WA
26582,Rosburg,WA
26583,Roslyn,WA
26584,Roy,WA
26585,Royal City,WA
26586,Ryderwood,WA
26587,Saint John,WA
26588,Salkum,WA
26589,Sammamish,WA
26590,Satsop,WA
26591,Seabeck,WA
26592,Seatac,WA
26593,Seattle,WA
26594,Seaview,WA
26595,Sedro Woolley,WA
26596,Sekiu,WA
26597,Selah,WA
26598,Sequim,WA
26599,Shaw Island,WA
26600,Shelton,WA
26601,Silver Creek,WA
26602,Silverdale,WA
26603,Silverlake,WA
26604,Skamokawa,WA
26605,Skykomish,WA
26606,Snohomish,WA
26607,Snoqualmie,WA
26608,Snoqualmie Pass,WA
26609,Soap Lake,WA
26610,South Bend,WA
26611,South Cle Elum,WA
26612,South Prairie,WA
26613,Spanaway,WA
26614,Spangle,WA
26615,Spokane,WA
26616,Spokane Valley,WA
26617,Sprague,WA
26618,Springdale,WA
26619,Stanwood,WA
26620,Starbuck,WA
26621,Stehekin,WA
26622,Steilacoom,WA
26623,Steptoe,WA
26624,Stevenson,WA
26625,Stratford,WA
26626,Sultan,WA
26627,Sumas,WA
26628,Sumner,WA
26629,Sunnyside,WA
26630,Suquamish,WA
26631,Tacoma,WA
26632,Taholah,WA
26633,Tahuya,WA
26634,Tekoa,WA
26635,Tenino,WA
26636,Thornton,WA
26637,Thorp,WA
26638,Tieton,WA
26639,Tokeland,WA
26640,Toledo,WA
26641,Tonasket,WA
26642,Toppenish,WA
26643,Touchet,WA
26644,Toutle,WA
26645,Trout Lake,WA
26646,Tukwila,WA
26647,Tumtum,WA
26648,Twisp,WA
26649,Underwood,WA
26650,Union,WA
26651,Uniontown,WA
26652,University Place,WA
26653,Usk,WA
26654,Vader,WA
26655,Valley,WA
26656,Valleyford,WA
26657,Vancouver,WA
26658,Vantage,WA
26659,Vashon,WA
26660,Vaughn,WA
26661,Veradale,WA
26662,Wahkiacus,WA
26663,Waitsburg,WA
26664,Waldron,WA
26665,Walla Walla,WA
26666,Wallula,WA
26667,Wapato,WA
26668,Warden,WA
26669,Washougal,WA
26670,Washtucna,WA
26671,Waterville,WA
26672,Wauconda,WA
26673,Waverly,WA
26674,Wellpinit,WA
26675,Wenatchee,WA
26676,West Richland,WA
26677,Westport,WA
26678,White Salmon,WA
26679,White Swan,WA
26680,Wilbur,WA
26681,Wilkeson,WA
26682,Wilson Creek,WA
26683,Winlock,WA
26684,Winthrop,WA
26685,Wishram,WA
26686,Woodinville,WA
26687,Woodland,WA
26688,Yacolt,WA
26689,Yakima,WA
26690,Yelm,WA
26691,Zillah,WA
26692,Abbotsford,WI
26693,Abrams,WI
26694,Adams,WI
26695,Adell,WI
26696,Afton,WI
26697,Albany,WI
26698,Algoma,WI
26699,Allenton,WI
26700,Alma,WI
26701,Alma Center,WI
26702,Almena,WI
26703,Almond,WI
26704,Altoona,WI
26705,Amberg,WI
26706,Amery,WI
26707,Amherst,WI
26708,Amherst Junction,WI
26709,Aniwa,WI
26710,Antigo,WI
26711,Appleton,WI
26712,Arcadia,WI
26713,Arena,WI
26714,Argonne,WI
26715,Argyle,WI
26716,Arkansaw,WI
26717,Arkdale,WI
26718,Arlington,WI
26719,Armstrong Creek,WI
26720,Arpin,WI
26721,Ashippun,WI
26722,Ashland,WI
26723,Athelstane,WI
26724,Athens,WI
26725,Auburndale,WI
26726,Augusta,WI
26727,Avalon,WI
26728,Avoca,WI
26729,Babcock,WI
26730,Bagley,WI
26731,Baileys Harbor,WI
26732,Baldwin,WI
26733,Balsam Lake,WI
26734,Bancroft,WI
26735,Bangor,WI
26736,Baraboo,WI
26737,Barneveld,WI
26738,Barron,WI
26739,Barronett,WI
26740,Bay City,WI
26741,Bayfield,WI
26742,Bear Creek,WI
26743,Beaver Dam,WI
26744,Beetown,WI
26745,Beldenville,WI
26746,Belgium,WI
26747,Belleville,WI
26748,Belmont,WI
26749,Beloit,WI
26750,Benton,WI
26751,Berlin,WI
26752,Big Bend,WI
26753,Big Falls,WI
26754,Birchwood,WI
26755,Birnamwood,WI
26756,Black Creek,WI
26757,Black Earth,WI
26758,Black River Falls,WI
26759,Blair,WI
26760,Blanchardville,WI
26761,Bloomer,WI
26762,Bloomington,WI
26763,Blue Mounds,WI
26764,Blue River,WI
26765,Bonduel,WI
26766,Boscobel,WI
26767,Boulder Junction,WI
26768,Bowler,WI
26769,Boyceville,WI
26770,Boyd,WI
26771,Brandon,WI
26772,Brantwood,WI
26773,Briggsville,WI
26774,Brillion,WI
26775,Bristol,WI
26776,Brodhead,WI
26777,Brokaw,WI
26778,Brookfield,WI
26779,Brooklyn,WI
26780,Brown Deer,WI
26781,Brownsville,WI
26782,Browntown,WI
26783,Bruce,WI
26784,Brule,WI
26785,Brussels,WI
26786,Bryant,WI
26787,Burlington,WI
26788,Burnett,WI
26789,Butler,WI
26790,Butte Des Morts,WI
26791,Butternut,WI
26792,Cable,WI
26793,Cadott,WI
26794,Caledonia,WI
26795,Cambria,WI
26796,Cambridge,WI
26797,Cameron,WI
26798,Camp Douglas,WI
26799,Campbellsport,WI
26800,Caroline,WI
26801,Cascade,WI
26802,Casco,WI
26803,Cashton,WI
26804,Cassville,WI
26805,Catawba,WI
26806,Cazenovia,WI
26807,Cecil,WI
26808,Cedar Grove,WI
26809,Cedarburg,WI
26810,Centuria,WI
26811,Chaseburg,WI
26812,Chetek,WI
26813,Chili,WI
26814,Chilton,WI
26815,Chippewa Falls,WI
26816,Clam Lake,WI
26817,Clayton,WI
26818,Clear Lake,WI
26819,Cleveland,WI
26820,Clinton,WI
26821,Clintonville,WI
26822,Clyman,WI
26823,Cobb,WI
26824,Cochrane,WI
26825,Colby,WI
26826,Coleman,WI
26827,Colfax,WI
26828,Colgate,WI
26829,Collins,WI
26830,Coloma,WI
26831,Columbus,WI
26832,Combined Locks,WI
26833,Comstock,WI
26834,Conover,WI
26835,Conrath,WI
26836,Coon Valley,WI
26837,Cornell,WI
26838,Cornucopia,WI
26839,Cottage Grove,WI
26840,Couderay,WI
26841,Crandon,WI
26842,Crivitz,WI
26843,Cross Plains,WI
26844,Cuba City,WI
26845,Cudahy,WI
26846,Cumberland,WI
26847,Curtiss,WI
26848,Cushing,WI
26849,Custer,WI
26850,Dale,WI
26851,Dallas,WI
26852,Dalton,WI
26853,Danbury,WI
26854,Dane,WI
26855,Darien,WI
26856,Darlington,WI
26857,De Pere,WI
26858,De Soto,WI
26859,Deer Park,WI
26860,Deerbrook,WI
26861,Deerfield,WI
26862,Deforest,WI
26863,Delafield,WI
26864,Delavan,WI
26865,Denmark,WI
26866,Dickeyville,WI
26867,Dodge,WI
26868,Dodgeville,WI
26869,Dorchester,WI
26870,Dousman,WI
26871,Downing,WI
26872,Doylestown,WI
26873,Dresser,WI
26874,Drummond,WI
26875,Dunbar,WI
26876,Durand,WI
26877,Eagle,WI
26878,Eagle River,WI
26879,East Troy,WI
26880,Eastman,WI
26881,Eau Claire,WI
26882,Eau Galle,WI
26883,Eden,WI
26884,Edgar,WI
26885,Edgerton,WI
26886,Egg Harbor,WI
26887,Eland,WI
26888,Elcho,WI
26889,Eldorado,WI
26890,Eleva,WI
26891,Elk Mound,WI
26892,Elkhart Lake,WI
26893,Elkhorn,WI
26894,Ellison Bay,WI
26895,Ellsworth,WI
26896,Elm Grove,WI
26897,Elmwood,WI
26898,Elroy,WI
26899,Elton,WI
26900,Embarrass,WI
26901,Endeavor,WI
26902,Ephraim,WI
26903,Ettrick,WI
26904,Evansville,WI
26905,Exeland,WI
26906,Fairchild,WI
26907,Fairwater,WI
26908,Fall Creek,WI
26909,Fall River,WI
26910,Fence,WI
26911,Fennimore,WI
26912,Ferryville,WI
26913,Fifield,WI
26914,Fish Creek,WI
26915,Fitchburg,WI
26916,Florence,WI
26917,Fond Du Lac,WI
26918,Fontana,WI
26919,Footville,WI
26920,Forest Junction,WI
26921,Forestville,WI
26922,Fort Atkinson,WI
26923,Fountain City,WI
26924,Fox Lake,WI
26925,Fox Point,WI
26926,Foxboro,WI
26927,Francis Creek,WI
26928,Franklin,WI
26929,Franksville,WI
26930,Frederic,WI
26931,Fredonia,WI
26932,Fremont,WI
26933,Friendship,WI
26934,Friesland,WI
26935,Galesville,WI
26936,Gays Mills,WI
26937,Genesee Depot,WI
26938,Genoa,WI
26939,Genoa City,WI
26940,Germantown,WI
26941,Gile,WI
26942,Gillett,WI
26943,Gilman,WI
26944,Gleason,WI
26945,Glen Flora,WI
26946,Glen Haven,WI
26947,Glenbeulah,WI
26948,Glenwood City,WI
26949,Glidden,WI
26950,Goodman,WI
26951,Gordon,WI
26952,Gotham,WI
26953,Grafton,WI
26954,Grand Marsh,WI
26955,Grand View,WI
26956,Granton,WI
26957,Grantsburg,WI
26958,Gratiot,WI
26959,Green Bay,WI
26960,Green Lake,WI
26961,Green Valley,WI
26962,Greendale,WI
26963,Greenfield,WI
26964,Greenleaf,WI
26965,Greenville,WI
26966,Greenwood,WI
26967,Gresham,WI
26968,Hager City,WI
26969,Hales Corners,WI
26970,Hammond,WI
26971,Hancock,WI
26972,Harshaw,WI
26973,Hartford,WI
26974,Hartland,WI
26975,Hatley,WI
26976,Haugen,WI
26977,Hawkins,WI
26978,Hawthorne,WI
26979,Hayward,WI
26980,Hazel Green,WI
26981,Hazelhurst,WI
26982,Helenville,WI
26983,Herbster,WI
26984,Hertel,WI
26985,Hewitt,WI
26986,High Bridge,WI
26987,Highland,WI
26988,Hilbert,WI
26989,Hillpoint,WI
26990,Hillsboro,WI
26991,Hingham,WI
26992,Hixton,WI
26993,Holcombe,WI
26994,Hollandale,WI
26995,Holmen,WI
26996,Horicon,WI
26997,Hortonville,WI
26998,Houlton,WI
26999,Hubertus,WI
27000,Hudson,WI
27001,Humbird,WI
27002,Hurley,WI
27003,Hustisford,WI
27004,Hustler,WI
27005,Independence,WI
27006,Iola,WI
27007,Irma,WI
27008,Iron Belt,WI
27009,Iron Ridge,WI
27010,Iron River,WI
27011,Ixonia,WI
27012,Jackson,WI
27013,Janesville,WI
27014,Jefferson,WI
27015,Jim Falls,WI
27016,Johnson Creek,WI
27017,Juda,WI
27018,Junction City,WI
27019,Juneau,WI
27020,Kansasville,WI
27021,Kaukauna,WI
27022,Kellnersville,WI
27023,Kendall,WI
27024,Kennan,WI
27025,Kenosha,WI
27026,Keshena,WI
27027,Kewaskum,WI
27028,Kewaunee,WI
27029,Kiel,WI
27030,Kieler,WI
27031,Kimberly,WI
27032,King,WI
27033,Kingston,WI
27034,Knapp,WI
27035,Kohler,WI
27036,Krakow,WI
27037,La Crosse,WI
27038,La Farge,WI
27039,La Pointe,WI
27040,La Valle,WI
27041,Lac Du Flambeau,WI
27042,Ladysmith,WI
27043,Lake Delton,WI
27044,Lake Geneva,WI
27045,Lake Mills,WI
27046,Lake Nebagamon,WI
27047,Lake Tomahawk,WI
27048,Lakewood,WI
27049,Lancaster,WI
27050,Land O'Lakes,WI
27051,Lannon,WI
27052,Laona,WI
27053,Larsen,WI
27054,Lebanon,WI
27055,Lena,WI
27056,Leopolis,WI
27057,Lime Ridge,WI
27058,Linden,WI
27059,Little Chute,WI
27060,Little Suamico,WI
27061,Livingston,WI
27062,Lodi,WI
27063,Loganville,WI
27064,Lomira,WI
27065,Lone Rock,WI
27066,Long Lake,WI
27067,Lowell,WI
27068,Loyal,WI
27069,Lublin,WI
27070,Luck,WI
27071,Luxemburg,WI
27072,Lyndon Station,WI
27073,Madison,WI
27074,Maiden Rock,WI
27075,Malone,WI
27076,Manawa,WI
27077,Manitowish Waters,WI
27078,Manitowoc,WI
27079,Maple,WI
27080,Marathon,WI
27081,Marengo,WI
27082,Maribel,WI
27083,Marinette,WI
27084,Marion,WI
27085,Markesan,WI
27086,Marquette,WI
27087,Marshall,WI
27088,Marshfield,WI
27089,Mason,WI
27090,Mattoon,WI
27091,Mauston,WI
27092,Mayville,WI
27093,Mazomanie,WI
27094,Mc Farland,WI
27095,Mcfarland,WI
27096,Medford,WI
27097,Mellen,WI
27098,Melrose,WI
27099,Menasha,WI
27100,Menomonee Falls,WI
27101,Menomonie,WI
27102,Mequon,WI
27103,Mercer,WI
27104,Merrill,WI
27105,Merrillan,WI
27106,Merrimac,WI
27107,Middleton,WI
27108,Mikana,WI
27109,Milladore,WI
27110,Millston,WI
27111,Milltown,WI
27112,Milton,WI
27113,Milwaukee,WI
27114,Mindoro,WI
27115,Mineral Point,WI
27116,Minocqua,WI
27117,Minong,WI
27118,Mishicot,WI
27119,Mondovi,WI
27120,Monroe,WI
27121,Montello,WI
27122,Montfort,WI
27123,Monticello,WI
27124,Montreal,WI
27125,Morrisonville,WI
27126,Mosinee,WI
27127,Mount Calvary,WI
27128,Mount Hope,WI
27129,Mount Horeb,WI
27130,Mount Sterling,WI
27131,Mountain,WI
27132,Mukwonago,WI
27133,Muscoda,WI
27134,Muskego,WI
27135,Nashotah,WI
27136,Necedah,WI
27137,Neenah,WI
27138,Neillsville,WI
27139,Nekoosa,WI
27140,Nelson,WI
27141,Nelsonville,WI
27142,Neopit,WI
27143,Neosho,WI
27144,Neshkoro,WI
27145,New Auburn,WI
27146,New Berlin,WI
27147,New Franken,WI
27148,New Glarus,WI
27149,New Holstein,WI
27150,New Lisbon,WI
27151,New London,WI
27152,New Richmond,WI
27153,Newton,WI
27154,Niagara,WI
27155,Nichols,WI
27156,North Freedom,WI
27157,North Prairie,WI
27158,Norwalk,WI
27159,Oak Creek,WI
27160,Oakfield,WI
27161,Oconomowoc,WI
27162,Oconto,WI
27163,Oconto Falls,WI
27164,Odanah,WI
27165,Ogdensburg,WI
27166,Ogema,WI
27167,Ojibwa,WI
27168,Okauchee,WI
27169,Omro,WI
27170,Onalaska,WI
27171,Oneida,WI
27172,Ontario,WI
27173,Oostburg,WI
27174,Oregon,WI
27175,Orfordville,WI
27176,Osceola,WI
27177,Oshkosh,WI
27178,Osseo,WI
27179,Owen,WI
27180,Oxford,WI
27181,Packwaukee,WI
27182,Palmyra,WI
27183,Pardeeville,WI
27184,Park Falls,WI
27185,Patch Grove,WI
27186,Pearson,WI
27187,Pelican Lake,WI
27188,Pell Lake,WI
27189,Pembine,WI
27190,Pepin,WI
27191,Peshtigo,WI
27192,Pewaukee,WI
27193,Phelps,WI
27194,Phillips,WI
27195,Phlox,WI
27196,Pickerel,WI
27197,Pickett,WI
27198,Pigeon Falls,WI
27199,Pine River,WI
27200,Pittsville,WI
27201,Plain,WI
27202,Plainfield,WI
27203,Platteville,WI
27204,Pleasant Prairie,WI
27205,Plover,WI
27206,Plum City,WI
27207,Plymouth,WI
27208,Poplar,WI
27209,Port Edwards,WI
27210,Port Washington,WI
27211,Port Wing,WI
27212,Portage,WI
27213,Porterfield,WI
27214,Potosi,WI
27215,Potter,WI
27216,Pound,WI
27217,Poy Sippi,WI
27218,Poynette,WI
27219,Prairie Du Chien,WI
27220,Prairie Du Sac,WI
27221,Prairie Farm,WI
27222,Prentice,WI
27223,Prescott,WI
27224,Presque Isle,WI
27225,Princeton,WI
27226,Pulaski,WI
27227,Racine,WI
27228,Radisson,WI
27229,Randolph,WI
27230,Random Lake,WI
27231,Readstown,WI
27232,Redgranite,WI
27233,Reedsburg,WI
27234,Reedsville,WI
27235,Reeseville,WI
27236,Rewey,WI
27237,Rhinelander,WI
27238,Rib Lake,WI
27239,Rice Lake,WI
27240,Richfield,WI
27241,Richland Center,WI
27242,Ridgeland,WI
27243,Ridgeway,WI
27244,Ringle,WI
27245,Rio,WI
27246,Ripon,WI
27247,River Falls,WI
27248,Roberts,WI
27249,Rochester,WI
27250,Rock Springs,WI
27251,Rockland,WI
27252,Rosendale,WI
27253,Rosholt,WI
27254,Rothschild,WI
27255,Rubicon,WI
27256,Rudolph,WI
27257,Saint Cloud,WI
27258,Saint Croix Falls,WI
27259,Saint Francis,WI
27260,Saint Germain,WI
27261,Saint Nazianz,WI
27262,Salem,WI
27263,Sarona,WI
27264,Sauk City,WI
27265,Saukville,WI
27266,Saxon,WI
27267,Sayner,WI
27268,Scandinavia,WI
27269,Schofield,WI
27270,Seneca,WI
27271,Sextonville,WI
27272,Seymour,WI
27273,Sharon,WI
27274,Shawano,WI
27275,Sheboygan,WI
27276,Sheboygan Falls,WI
27277,Sheldon,WI
27278,Shell Lake,WI
27279,Sherwood,WI
27280,Shiocton,WI
27281,Shorewood,WI
27282,Shullsburg,WI
27283,Silver Lake,WI
27284,Siren,WI
27285,Sister Bay,WI
27286,Slinger,WI
27287,Sobieski,WI
27288,Soldiers Grove,WI
27289,Solon Springs,WI
27290,Somerset,WI
27291,South Milwaukee,WI
27292,South Range,WI
27293,South Wayne,WI
27294,Sparta,WI
27295,Spencer,WI
27296,Spooner,WI
27297,Spring Green,WI
27298,Spring Valley,WI
27299,Springbrook,WI
27300,Springfield,WI
27301,Stanley,WI
27302,Star Lake,WI
27303,Star Prairie,WI
27304,Stetsonville,WI
27305,Steuben,WI
27306,Stevens Point,WI
27307,Stitzer,WI
27308,Stockbridge,WI
27309,Stockholm,WI
27310,Stoddard,WI
27311,Stone Lake,WI
27312,Stoughton,WI
27313,Stratford,WI
27314,Strum,WI
27315,Sturgeon Bay,WI
27316,Sturtevant,WI
27317,Suamico,WI
27318,Sullivan,WI
27319,Summit Lake,WI
27320,Sun Prairie,WI
27321,Superior,WI
27322,Suring,WI
27323,Sussex,WI
27324,Taylor,WI
27325,Theresa,WI
27326,Thorp,WI
27327,Three Lakes,WI
27328,Tigerton,WI
27329,Tilleda,WI
27330,Tomah,WI
27331,Tomahawk,WI
27332,Tony,WI
27333,Townsend,WI
27334,Trego,WI
27335,Trempealeau,WI
27336,Trevor,WI
27337,Tripoli,WI
27338,Turtle Lake,WI
27339,Twin Lakes,WI
27340,Two Rivers,WI
27341,Union Center,WI
27342,Union Grove,WI
27343,Unity,WI
27344,Upson,WI
27345,Valders,WI
27346,Van Dyne,WI
27347,Verona,WI
27348,Vesper,WI
27349,Viola,WI
27350,Viroqua,WI
27351,Wabeno,WI
27352,Waldo,WI
27353,Wales,WI
27354,Walworth,WI
27355,Warrens,WI
27356,Washburn,WI
27357,Washington Island,WI
27358,Waterford,WI
27359,Waterloo,WI
27360,Watertown,WI
27361,Waukau,WI
27362,Waukesha,WI
27363,Waunakee,WI
27364,Waupaca,WI
27365,Waupun,WI
27366,Wausau,WI
27367,Wausaukee,WI
27368,Wautoma,WI
27369,Wauwatosa,WI
27370,Wauzeka,WI
27371,Webster,WI
27372,West Allis,WI
27373,West Bend,WI
27374,West Salem,WI
27375,Westboro,WI
27376,Westby,WI
27377,Westfield,WI
27378,Weston,WI
27379,Weyauwega,WI
27380,Weyerhaeuser,WI
27381,Wheeler,WI
27382,White Lake,WI
27383,Whitefish Bay,WI
27384,Whitehall,WI
27385,Whitelaw,WI
27386,Whitewater,WI
27387,Wild Rose,WI
27388,Willard,WI
27389,Williams Bay,WI
27390,Wilmot,WI
27391,Wilson,WI
27392,Wilton,WI
27393,Windsor,WI
27394,Winnebago,WI
27395,Winneconne,WI
27396,Winter,WI
27397,Wisconsin Dells,WI
27398,Wisconsin Rapids,WI
27399,Withee,WI
27400,Wittenberg,WI
27401,Wonewoc,WI
27402,Woodford,WI
27403,Woodland,WI
27404,Woodman,WI
27405,Woodruff,WI
27406,Woodville,WI
27407,Wrightstown,WI
27408,Wyocena,WI
27409,Zenda,WI
27410,Accoville,WV
27411,Adrian,WV
27412,Advent,WV
27413,Albright,WV
27414,Alderson,WV
27415,Alkol,WV
27416,Allen Junction,WV
27417,Alloy,WV
27418,Alma,WV
27419,Alum Bridge,WV
27420,Alum Creek,WV
27421,Amherstdale,WV
27422,Amigo,WV
27423,Amma,WV
27424,Anawalt,WV
27425,Anmoore,WV
27426,Ansted,WV
27427,Apple Grove,WV
27428,Arbovale,WV
27429,Arnett,WV
27430,Arnoldsburg,WV
27431,Arthurdale,WV
27432,Artie,WV
27433,Asbury,WV
27434,Ashford,WV
27435,Ashton,WV
27436,Athens,WV
27437,Auburn,WV
27438,Augusta,WV
27439,Aurora,WV
27440,Avondale,WV
27441,Baisden,WV
27442,Baker,WV
27443,Ballard,WV
27444,Bancroft,WV
27445,Barboursville,WV
27446,Barrackville,WV
27447,Bartley,WV
27448,Bartow,WV
27449,Baxter,WV
27450,Bayard,WV
27451,Beaver,WV
27452,Beckley,WV
27453,Beech Bottom,WV
27454,Beeson,WV
27455,Belington,WV
27456,Belle,WV
27457,Belleville,WV
27458,Belmont,WV
27459,Belva,WV
27460,Benwood,WV
27461,Berea,WV
27462,Bergoo,WV
27463,Berkeley Springs,WV
27464,Berwind,WV
27465,Bethany,WV
27466,Beverly,WV
27467,Bickmore,WV
27468,Big Bend,WV
27469,Big Creek,WV
27470,Big Sandy,WV
27471,Big Springs,WV
27472,Bim,WV
27473,Birch River,WV
27474,Blacksville,WV
27475,Blair,WV
27476,Bloomery,WV
27477,Bloomingrose,WV
27478,Blount,WV
27479,Bluefield,WV
27480,Bob White,WV
27481,Bolt,WV
27482,Bomont,WV
27483,Boomer,WV
27484,Bowden,WV
27485,Bradley,WV
27486,Bradshaw,WV
27487,Bramwell,WV
27488,Branchland,WV
27489,Brandywine,WV
27490,Breeden,WV
27491,Brenton,WV
27492,Bretz,WV
27493,Bridgeport,WV
27494,Brohard,WV
27495,Bruceton Mills,WV
27496,Bruno,WV
27497,Buckeye,WV
27498,Buckhannon,WV
27499,Bud,WV
27500,Buffalo,WV
27501,Bunker Hill,WV
27502,Burlington,WV
27503,Burnsville,WV
27504,Burton,WV
27505,Cabin Creek,WV
27506,Cabins,WV
27507,Cairo,WV
27508,Caldwell,WV
27509,Calvin,WV
27510,Camden,WV
27511,Camden On Gauley,WV
27512,Cameron,WV
27513,Camp Creek,WV
27514,Cannelton,WV
27515,Canvas,WV
27516,Capon Bridge,WV
27517,Capon Springs,WV
27518,Carolina,WV
27519,Cass,WV
27520,Cedar Grove,WV
27521,Cedarville,WV
27522,Center Point,WV
27523,Ceredo,WV
27524,Chapmanville,WV
27525,Charles Town,WV
27526,Charleston,WV
27527,Charlton Heights,WV
27528,Charmco,WV
27529,Chattaroy,WV
27530,Chauncey,WV
27531,Chester,WV
27532,Chloe,WV
27533,Circleville,WV
27534,Clarksburg,WV
27535,Clay,WV
27536,Clear Creek,WV
27537,Clear Fork,WV
27538,Clendenin,WV
27539,Cleveland,WV
27540,Clothier,WV
27541,Coal City,WV
27542,Coal Mountain,WV
27543,Coalton,WV
27544,Colcord,WV
27545,Colliers,WV
27546,Comfort,WV
27547,Cool Ridge,WV
27548,Copen,WV
27549,Corinne,WV
27550,Costa,WV
27551,Cottageville,WV
27552,Covel,WV
27553,Cowen,WV
27554,Coxs Mills,WV
27555,Crab Orchard,WV
27556,Craigsville,WV
27557,Crawford,WV
27558,Crawley,WV
27559,Creston,WV
27560,Crum,WV
27561,Cucumber,WV
27562,Culloden,WV
27563,Cyclone,WV
27564,Dailey,WV
27565,Dallas,WV
27566,Danese,WV
27567,Daniels,WV
27568,Danville,WV
27569,Davin,WV
27570,Davis,WV
27571,Davisville,WV
27572,Davy,WV
27573,Dawes,WV
27574,Deep Water,WV
27575,Delbarton,WV
27576,Delray,WV
27577,Diana,WV
27578,Dille,WV
27579,Dingess,WV
27580,Dixie,WV
27581,Dorothy,WV
27582,Drennen,WV
27583,Dry Creek,WV
27584,Drybranch,WV
27585,Dryfork,WV
27586,Duck,WV
27587,Dunbar,WV
27588,Dunlow,WV
27589,Dunmore,WV
27590,Durbin,WV
27591,East Bank,WV
27592,East Lynn,WV
27593,Eccles,WV
27594,Edgarton,WV
27595,Edmond,WV
27596,Eglon,WV
27597,Elbert,WV
27598,Eleanor,WV
27599,Elizabeth,WV
27600,Elk Garden,WV
27601,Elkhorn,WV
27602,Elkins,WV
27603,Elkview,WV
27604,Ellamore,WV
27605,Ellenboro,WV
27606,Enterprise,WV
27607,Erbacon,WV
27608,Eskdale,WV
27609,Ethel,WV
27610,Evans,WV
27611,Exchange,WV
27612,Fairdale,WV
27613,Fairmont,WV
27614,Fairview,WV
27615,Falling Waters,WV
27616,Fanrock,WV
27617,Farmington,WV
27618,Fayetteville,WV
27619,Fenwick,WV
27620,Fisher,WV
27621,Flat Top,WV
27622,Flatwoods,WV
27623,Flemington,WV
27624,Follansbee,WV
27625,Folsom,WV
27626,Forest Hill,WV
27627,Fort Ashby,WV
27628,Fort Gay,WV
27629,Foster,WV
27630,Four States,WV
27631,Frametown,WV
27632,Frankford,WV
27633,Franklin,WV
27634,Fraziers Bottom,WV
27635,French Creek,WV
27636,Friendly,WV
27637,Gallagher,WV
27638,Gallipolis Ferry,WV
27639,Galloway,WV
27640,Gandeeville,WV
27641,Gap Mills,WV
27642,Gary,WV
27643,Gassaway,WV
27644,Gauley Bridge,WV
27645,Gay,WV
27646,Genoa,WV
27647,Gerrardstown,WV
27648,Ghent,WV
27649,Gilbert,WV
27650,Gilboa,WV
27651,Given,WV
27652,Glady,WV
27653,Glasgow,WV
27654,Glen,WV
27655,Glen Dale,WV
27656,Glen Daniel,WV
27657,Glen Easton,WV
27658,Glen Ferris,WV
27659,Glen Fork,WV
27660,Glen Jean,WV
27661,Glen Rogers,WV
27662,Glen White,WV
27663,Glengary,WV
27664,Glenville,WV
27665,Glenwood,WV
27666,Gordon,WV
27667,Gormania,WV
27668,Grafton,WV
27669,Grant Town,WV
27670,Grantsville,WV
27671,Granville,WV
27672,Grassy Meadows,WV
27673,Great Cacapon,WV
27674,Green Bank,WV
27675,Green Spring,WV
27676,Green Sulphur Springs,WV
27677,Greenville,WV
27678,Griffithsville,WV
27679,Gypsy,WV
27680,Hacker Valley,WV
27681,Hambleton,WV
27682,Hamlin,WV
27683,Handley,WV
27684,Hanover,WV
27685,Hansford,WV
27686,Harman,WV
27687,Harper,WV
27688,Harpers Ferry,WV
27689,Harrisville,WV
27690,Hartford,WV
27691,Harts,WV
27692,Haywood,WV
27693,Heaters,WV
27694,Hedgesville,WV
27695,Helen,WV
27696,Helvetia,WV
27697,Henderson,WV
27698,Hendricks,WV
27699,Henlawson,WV
27700,Hensley,WV
27701,Hepzibah,WV
27702,Herndon,WV
27703,Hernshaw,WV
27704,Hewett,WV
27705,Hiawatha,WV
27706,Hico,WV
27707,High View,WV
27708,Hillsboro,WV
27709,Hilltop,WV
27710,Hinton,WV
27711,Holden,WV
27712,Hometown,WV
27713,Horner,WV
27714,Hugheston,WV
27715,Hundred,WV
27716,Huntington,WV
27717,Hurricane,WV
27718,Huttonsville,WV
27719,Iaeger,WV
27720,Idamay,WV
27721,Ikes Fork,WV
27722,Independence,WV
27723,Indore,WV
27724,Institute,WV
27725,Inwood,WV
27726,Ireland,WV
27727,Isaban,WV
27728,Itmann,WV
27729,Ivydale,WV
27730,Jacksonburg,WV
27731,Jane Lew,WV
27732,Jeffrey,WV
27733,Jenkinjones,WV
27734,Jesse,WV
27735,Jolo,WV
27736,Josephine,WV
27737,Julian,WV
27738,Jumping Branch,WV
27739,Junior,WV
27740,Justice,WV
27741,Kanawha Falls,WV
27742,Kanawha Head,WV
27743,Kearneysville,WV
27744,Kegley,WV
27745,Kenna,WV
27746,Kenova,WV
27747,Kerens,WV
27748,Kermit,WV
27749,Keyser,WV
27750,Kiahsville,WV
27751,Kimball,WV
27752,Kimberly,WV
27753,Kincaid,WV
27754,Kingwood,WV
27755,Kistler,WV
27756,Kopperston,WV
27757,Kyle,WV
27758,Lahmansville,WV
27759,Lake,WV
27760,Lansing,WV
27761,Lashmeet,WV
27762,Lavalette,WV
27763,Layland,WV
27764,Le Roy,WV
27765,Left Hand,WV
27766,Leivasy,WV
27767,Lenore,WV
27768,Leon,WV
27769,Lerona,WV
27770,Lesage,WV
27771,Leslie,WV
27772,Lester,WV
27773,Letart,WV
27774,Levels,WV
27775,Lewisburg,WV
27776,Liberty,WV
27777,Lindside,WV
27778,Linn,WV
27779,Little Birch,WV
27780,Littleton,WV
27781,Lizemores,WV
27782,Lochgelly,WV
27783,Logan,WV
27784,London,WV
27785,Lookout,WV
27786,Looneyville,WV
27787,Lorado,WV
27788,Lost City,WV
27789,Lost Creek,WV
27790,Lumberport,WV
27791,Lyburn,WV
27792,Lynco,WV
27793,Maben,WV
27794,Mabie,WV
27795,Mabscott,WV
27796,MacArthur,WV
27797,Macfarlan,WV
27798,Madison,WV
27799,Maidsville,WV
27800,Mallory,WV
27801,Mammoth,WV
27802,Man,WV
27803,Mannington,WV
27804,Marlinton,WV
27805,Martinsburg,WV
27806,Mason,WV
27807,Masontown,WV
27808,Matewan,WV
27809,Matheny,WV
27810,Mathias,WV
27811,Matoaka,WV
27812,Maxwelton,WV
27813,Maybeury,WV
27814,Maysel,WV
27815,Maysville,WV
27816,McGraws,WV
27817,Mcmechen,WV
27818,Meadow Bridge,WV
27819,Meadow Creek,WV
27820,Meadowbrook,WV
27821,Metz,WV
27822,Miami,WV
27823,Middlebourne,WV
27824,Midkiff,WV
27825,Midway,WV
27826,Milam,WV
27827,Mill Creek,WV
27828,Millstone,WV
27829,Millville,WV
27830,Millwood,WV
27831,Milton,WV
27832,Minden,WV
27833,Mineral Wells,WV
27834,Moatsville,WV
27835,Mohawk,WV
27836,Montana Mines,WV
27837,Montcalm,WV
27838,Monterville,WV
27839,Montgomery,WV
27840,Montrose,WV
27841,Moorefield,WV
27842,Morgantown,WV
27843,Moundsville,WV
27844,Mount Alto,WV
27845,Mount Carbon,WV
27846,Mount Clare,WV
27847,Mount Gay,WV
27848,Mount Hope,WV
27849,Mount Lookout,WV
27850,Mount Nebo,WV
27851,Mount Olive,WV
27852,Mount Storm,WV
27853,Mount Zion,WV
27854,Mullens,WV
27855,Munday,WV
27856,Myra,WV
27857,Nallen,WV
27858,Naoma,WV
27859,Napier,WV
27860,Naugatuck,WV
27861,Nebo,WV
27862,Nellis,WV
27863,Nemours,WV
27864,Nettie,WV
27865,New Creek,WV
27866,New Cumberland,WV
27867,New Haven,WV
27868,New Manchester,WV
27869,New Martinsville,WV
27870,New Milton,WV
27871,New Richmond,WV
27872,Newburg,WV
27873,Newell,WV
27874,Newhall,WV
27875,Newton,WV
27876,Nimitz,WV
27877,Nitro,WV
27878,Normantown,WV
27879,North Matewan,WV
27880,North Spring,WV
27881,Northfork,WV
27882,Norton,WV
27883,Oak Hill,WV
27884,Oceana,WV
27885,Odd,WV
27886,Old Fields,WV
27887,Omar,WV
27888,Ona,WV
27889,Onego,WV
27890,Orgas,WV
27891,Orlando,WV
27892,Orma,WV
27893,Osage,WV
27894,Ottawa,WV
27895,Paden City,WV
27896,Page,WV
27897,Pageton,WV
27898,Palestine,WV
27899,Panther,WV
27900,Parkersburg,WV
27901,Parsons,WV
27902,Paw Paw,WV
27903,Pax,WV
27904,Paynesville,WV
27905,Peach Creek,WV
27906,Pecks Mill,WV
27907,Pence Springs,WV
27908,Pennsboro,WV
27909,Pentress,WV
27910,Petersburg,WV
27911,Peterstown,WV
27912,Petroleum,WV
27913,Peytona,WV
27914,Philippi,WV
27915,Pickens,WV
27916,Piedmont,WV
27917,Pinch,WV
27918,Pine Grove,WV
27919,Pineville,WV
27920,Pipestem,WV
27921,Poca,WV
27922,Point Pleasant,WV
27923,Points,WV
27924,Pond Gap,WV
27925,Pool,WV
27926,Porters Falls,WV
27927,Powellton,WV
27928,Pratt,WV
27929,Premier,WV
27930,Prichard,WV
27931,Prince,WV
27932,Princeton,WV
27933,Princewick,WV
27934,Procious,WV
27935,Proctor,WV
27936,Prosperity,WV
27937,Pullman,WV
27938,Purgitsville,WV
27939,Pursglove,WV
27940,Quinwood,WV
27941,Rachel,WV
27942,Racine,WV
27943,Ragland,WV
27944,Rainelle,WV
27945,Raleigh,WV
27946,Ranger,WV
27947,Ranson,WV
27948,Ravencliff,WV
27949,Ravenswood,WV
27950,Raysal,WV
27951,Reader,WV
27952,Red Creek,WV
27953,Red House,WV
27954,Red Jacket,WV
27955,Reedsville,WV
27956,Reedy,WV
27957,Renick,WV
27958,Reynoldsville,WV
27959,Rhodell,WV
27960,Richwood,WV
27961,Ridgeley,WV
27962,Ridgeview,WV
27963,Rio,WV
27964,Ripley,WV
27965,Riverton,WV
27966,Rivesville,WV
27967,Robson,WV
27968,Rock,WV
27969,Rock Cave,WV
27970,Rock Creek,WV
27971,Rock View,WV
27972,Rockport,WV
27973,Roderfield,WV
27974,Romney,WV
27975,Ronceverte,WV
27976,Rosedale,WV
27977,Rosemont,WV
27978,Rowlesburg,WV
27979,Rupert,WV
27980,Sabine,WV
27981,Saint Albans,WV
27982,Saint Marys,WV
27983,Salem,WV
27984,Salt Rock,WV
27985,Sand Fork,WV
27986,Sandstone,WV
27987,Sandyville,WV
27988,Sarah Ann,WV
27989,Saulsville,WV
27990,Saxon,WV
27991,Scarbro,WV
27992,Scott Depot,WV
27993,Secondcreek,WV
27994,Selbyville,WV
27995,Seneca Rocks,WV
27996,Seth,WV
27997,Shady Spring,WV
27998,Shanks,WV
27999,Sharples,WV
28000,Shenandoah Junction,WV
28001,Shepherdstown,WV
28002,Shinnston,WV
28003,Shock,WV
28004,Short Creek,WV
28005,Simon,WV
28006,Simpson,WV
28007,Sinks Grove,WV
28008,Sistersville,WV
28009,Slab Fork,WV
28010,Slanesville,WV
28011,Slatyfork,WV
28012,Smithburg,WV
28013,Smithers,WV
28014,Smithfield,WV
28015,Smithville,WV
28016,Smoot,WV
28017,Snowshoe,WV
28018,Sod,WV
28019,Sophia,WV
28020,South Charleston,WV
28021,Southside,WV
28022,Spanishburg,WV
28023,Spelter,WV
28024,Spencer,WV
28025,Spring Dale,WV
28026,Springfield,WV
28027,Spurlockville,WV
28028,Squire,WV
28029,Stephenson,WV
28030,Stollings,WV
28031,Sugar Grove,WV
28032,Sumerco,WV
28033,Summersville,WV
28034,Summit Point,WV
28035,Surveyor,WV
28036,Sutton,WV
28037,Swiss,WV
28038,Switchback,WV
28039,Switzer,WV
28040,Sylvester,WV
28041,Tad,WV
28042,Talcott,WV
28043,Tallmansville,WV
28044,Terra Alta,WV
28045,Thomas,WV
28046,Thornton,WV
28047,Thorpe,WV
28048,Thurmond,WV
28049,Tioga,WV
28050,Tornado,WV
28051,Triadelphia,WV
28052,Troy,WV
28053,Tunnelton,WV
28054,Turtle Creek,WV
28055,Twilight,WV
28056,Uneeda,WV
28057,Union,WV
28058,Upper Tract,WV
28059,Upperglade,WV
28060,Valley Bend,WV
28061,Valley Grove,WV
28062,Valley Head,WV
28063,Van,WV
28064,Varney,WV
28065,Verdunville,WV
28066,Verner,WV
28067,Victor,WV
28068,Vienna,WV
28069,Volga,WV
28070,Waiteville,WV
28071,Walker,WV
28072,Walkersville,WV
28073,Wallace,WV
28074,Wallback,WV
28075,Walton,WV
28076,Wana,WV
28077,War,WV
28078,Wardensville,WV
28079,Warriormine,WV
28080,Washington,WV
28081,Waverly,WV
28082,Wayne,WV
28083,Wayside,WV
28084,Webster Springs,WV
28085,Weirton,WV
28086,Welch,WV
28087,Wellsburg,WV
28088,West Columbia,WV
28089,West Hamlin,WV
28090,West Liberty,WV
28091,West Milford,WV
28092,West Union,WV
28093,Weston,WV
28094,Wharncliffe,WV
28095,Wharton,WV
28096,Wheeling,WV
28097,White Oak,WV
28098,White Sulphur Springs,WV
28099,Whitesville,WV
28100,Whitman,WV
28101,Whitmer,WV
28102,Widen,WV
28103,Wilcoe,WV
28104,Wiley Ford,WV
28105,Wilkinson,WV
28106,Williamsburg,WV
28107,Williamson,WV
28108,Williamstown,WV
28109,Wilsondale,WV
28110,Windsor Heights,WV
28111,Winfield,WV
28112,Winifrede,WV
28113,Winona,WV
28114,Wolfcreek,WV
28115,Worthington,WV
28116,Wyatt,WV
28117,Wyco,WV
28118,Wyoming,WV
28119,Yawkey,WV
28120,Yellow Spring,WV
28121,Yolyn,WV
28122,Afton,WY
28123,Aladdin,WY
28124,Albin,WY
28125,Alcova,WY
28126,Alpine,WY
28127,Alta,WY
28128,Alva,WY
28129,Arapahoe,WY
28130,Arminto,WY
28131,Arvada,WY
28132,Auburn,WY
28133,Baggs,WY
28134,Bairoil,WY
28135,Banner,WY
28136,Basin,WY
28137,Bedford,WY
28138,Beulah,WY
28139,Big Horn,WY
28140,Big Piney,WY
28141,Bondurant,WY
28142,Bosler,WY
28143,Boulder,WY
28144,Buffalo,WY
28145,Buford,WY
28146,Burlington,WY
28147,Burns,WY
28148,Byron,WY
28149,Carpenter,WY
28150,Casper,WY
28151,Centennial,WY
28152,Cheyenne,WY
28153,Chugwater,WY
28154,Clearmont,WY
28155,Cody,WY
28156,Cokeville,WY
28157,Cora,WY
28158,Cowley,WY
28159,Crowheart,WY
28160,Daniel,WY
28161,Dayton,WY
28162,Deaver,WY
28163,Devils Tower,WY
28164,Diamondville,WY
28165,Dixon,WY
28166,Douglas,WY
28167,Dubois,WY
28168,Edgerton,WY
28169,Elk Mountain,WY
28170,Emblem,WY
28171,Encampment,WY
28172,Etna,WY
28173,Evanston,WY
28174,Evansville,WY
28175,Fairview,WY
28176,Farson,WY
28177,Fe Warren Afb,WY
28178,Fort Bridger,WY
28179,Fort Laramie,WY
28180,Fort Washakie,WY
28181,Frannie,WY
28182,Freedom,WY
28183,Frontier,WY
28184,Garrett,WY
28185,Gillette,WY
28186,Glendo,WY
28187,Glenrock,WY
28188,Granger,WY
28189,Granite Canon,WY
28190,Green River,WY
28191,Greybull,WY
28192,Grover,WY
28193,Guernsey,WY
28194,Hanna,WY
28195,Hartville,WY
28196,Hawk Springs,WY
28197,Hiland,WY
28198,Hillsdale,WY
28199,Horse Creek,WY
28200,Hudson,WY
28201,Hulett,WY
28202,Huntley,WY
28203,Hyattville,WY
28204,Jackson,WY
28205,Jay Em,WY
28206,Jeffrey City,WY
28207,Jelm,WY
28208,Kaycee,WY
28209,Kelly,WY
28210,Kemmerer,WY
28211,Kinnear,WY
28212,Kirby,WY
28213,La Barge,WY
28214,Lagrange,WY
28215,Lance Creek,WY
28216,Lander,WY
28217,Laramie,WY
28218,Leiter,WY
28219,Linch,WY
28220,Lingle,WY
28221,Little America,WY
28222,Lonetree,WY
28223,Lost Springs,WY
28224,Lovell,WY
28225,Lusk,WY
28226,Lyman,WY
28227,Lysite,WY
28228,Manderson,WY
28229,Manville,WY
28230,Marbleton,WY
28231,McKinnon,WY
28232,Medicine Bow,WY
28233,Meeteetse,WY
28234,Meriden,WY
28235,Midwest,WY
28236,Mills,WY
28237,Moorcroft,WY
28238,Moose,WY
28239,Moran,WY
28240,Mountain View,WY
28241,Natrona,WY
28242,Newcastle,WY
28243,Opal,WY
28244,Osage,WY
28245,Otto,WY
28246,Parkman,WY
28247,Pavillion,WY
28248,Pine Bluffs,WY
28249,Pinedale,WY
28250,Point Of Rocks,WY
28251,Powder River,WY
28252,Powell,WY
28253,Ralston,WY
28254,Ranchester,WY
28255,Rawlins,WY
28256,Recluse,WY
28257,Reliance,WY
28258,Riverton,WY
28259,Robertson,WY
28260,Rock River,WY
28261,Rock Springs,WY
28262,Rozet,WY
28263,Saratoga,WY
28264,Savery,WY
28265,Shawnee,WY
28266,Shell,WY
28267,Sheridan,WY
28268,Shoshoni,WY
28269,Sinclair,WY
28270,Smoot,WY
28271,Story,WY
28272,Sundance,WY
28273,Superior,WY
28274,Ten Sleep,WY
28275,Teton Village,WY
28276,Thayne,WY
28277,Thermopolis,WY
28278,Tie Siding,WY
28279,Torrington,WY
28280,Upton,WY
28281,Van Tassell,WY
28282,Veteran,WY
28283,Walcott,WY
28284,Wamsutter,WY
28285,Wapiti,WY
28286,Weston,WY
28287,Wheatland,WY
28288,Wilson,WY
28289,Wolf,WY
28290,Worland,WY
28291,Wright,WY
28292,Wyarno,WY
28293,Yellowstone National Park,WY
28294,Yoder,WY
